Diff in /Users/runner/work/Solomni/Solomni/src/adapters/confine/linux.rs:225:
 
 /// `_prepared`（外层是否已完成本机授权）与 `_home`（容器 profile 的台账落点）只有 Windows 的容器围栏用得上：
 /// Linux 的 Landlock 在守门进程里自足，也没有容器 profile 这一步。
-pub fn run_fenced(spec: &FenceSpec, _prepared: bool, _home: Option<&std::path::Path>, command: &str) -> i32 {
+pub fn run_fenced(
+    spec: &FenceSpec,
+    _prepared: bool,
+    _home: Option<&std::path::Path>,
+    command: &str,
+) -> i32 {
     match install(spec, command) {
         Ok(()) => {}
         Err(e) => {
Diff in /Users/runner/work/Solomni/Solomni/src/adapters/confine/linux.rs:352:
     }
     Ok(())
 }
-
 
Diff in /Users/runner/work/Solomni/Solomni/src/adapters/confine/macos.rs:67:
 }
 
 fn seatbelt_confines_probe() -> bool {
-    let canary = std::env::temp_dir().join(format!("solomni-seatbelt-selfcheck-{}", std::process::id()));
+    let canary =
+        std::env::temp_dir().join(format!("solomni-seatbelt-selfcheck-{}", std::process::id()));
     if std::fs::write(&canary, "canary").is_err() {
         return false;
     }
Diff in /Users/runner/work/Solomni/Solomni/src/adapters/confine/macos.rs:101:
 
 /// `_prepared`（外层是否已完成本机授权）与 `_home`（容器 profile 的台账落点）只有 Windows 的容器围栏用得上：
 /// macOS 的 seatbelt 在守门进程里自足，也没有容器 profile 这一步。
-pub fn run_fenced(spec: &FenceSpec, _prepared: bool, _home: Option<&std::path::Path>, command: &str) -> i32 {
+pub fn run_fenced(
+    spec: &FenceSpec,
+    _prepared: bool,
+    _home: Option<&std::path::Path>,
+    command: &str,
+) -> i32 {
     match install(spec, command) {
         Ok(()) => {}
         Err(e) => {
Diff in /Users/runner/work/Solomni/Solomni/src/adapters/confine/macos.rs:137:
 fn install(spec: &FenceSpec, command: &str) -> Result<(), String> {
     // 先自检：本机 sandbox_init 是否真的产生约束。不产生就别假装装上了（探针据此如实跳过）。
     if !seatbelt_confines() {
-        return Err("本机 sandbox_init 不产生实际约束（该私有 ABI 在新版 macOS 上已失效）".to_string());
+        return Err(
+            "本机 sandbox_init 不产生实际约束（该私有 ABI 在新版 macOS 上已失效）".to_string(),
+        );
     }
     let profile = profile_text(spec, command);
     // 规则规模如实报一行：失败时（探针/端到端日志）能据此判断"是不是规则太宽/太窄"。
Diff in /Users/runner/work/Solomni/Solomni/src/adapters/confine/macos.rs:233:
     for m in &metas {
         // literal 而不是 subpath：穿过祖先只需要对**祖先本身**取元数据；
         // 用 subpath 会把整棵子树的元数据都放行，等于把围栏开成筛子。
-        out.push_str(&format!("(allow file-read-metadata (literal \"{}\"))\n", escape(m)));
+        out.push_str(&format!(
+            "(allow file-read-metadata (literal \"{}\"))\n",
+            escape(m)
+        ));
     }
     if !spec.net {
         out.push_str("(deny network*)\n");
Diff in /Users/runner/work/Solomni/Solomni/src/adapters/confine/macos.rs:245:
 fn escape(s: &str) -> String {
     s.replace('\\', "\\\\").replace('"', "\\\"")
 }
-
 
Diff in /Users/runner/work/Solomni/Solomni/src/adapters/confine/mod.rs:77:
             Ok(serde_json::Value::Object(o)) => o,
             _ => serde_json::Map::new(),
         };
-        fields.insert("prepared".to_string(), serde_json::Value::Bool(self.prepared));
-        fields.insert("home".to_string(), serde_json::to_value(&self.home).unwrap_or(serde_json::Value::Null));
+        fields.insert(
+            "prepared".to_string(),
+            serde_json::Value::Bool(self.prepared),
+        );
+        fields.insert(
+            "home".to_string(),
+            serde_json::to_value(&self.home).unwrap_or(serde_json::Value::Null),
+        );
         serde_json::Value::Object(fields).to_string()
     }
 
Diff in /Users/runner/work/Solomni/Solomni/src/adapters/confine/mod.rs:94:
             home: Option<PathBuf>,
         }
         serde_json::from_str::<Raw>(text)
-            .map(|raw| FenceJob { spec: raw.spec, prepared: raw.prepared, home: raw.home })
+            .map(|raw| FenceJob {
+                spec: raw.spec,
+                prepared: raw.prepared,
+                home: raw.home,
+            })
             .map_err(|e| format!("围栏参数非法：{}", e))
     }
 }
Diff in /Users/runner/work/Solomni/Solomni/src/adapters/confine/mod.rs:102:
 /// 组装守门进程的命令行：工具命令作为**数据**传递（不拼进 shell 字符串，杜绝注入）。
 pub fn launcher(exe: &Path, job: &FenceJob, command: &str) -> Command {
     let mut cmd = Command::new(exe);
-    cmd.arg(FENCE_FLAG).arg(job.to_json()).arg("--").arg(command);
+    cmd.arg(FENCE_FLAG)
+        .arg(job.to_json())
+        .arg("--")
+        .arg(command);
     cmd
 }
 
Diff in /Users/runner/work/Solomni/Solomni/src/adapters/confine/mod.rs:213:
     let mut candidates: Vec<String> = Vec::new();
     for raw in command.split([' ', '\t', '&', '|', ';', '\n']) {
         let token = raw.trim_matches(|c| c == '"' || c == '\'' || c == '(' || c == ')');
-        if token.is_empty() || token.starts_with('-') || token.starts_with('/') || token.starts_with('%') {
+        if token.is_empty()
+            || token.starts_with('-')
+            || token.starts_with('/')
+            || token.starts_with('%')
+        {
             continue;
         }
         // 绝对路径：只有「可执行文件」才算程序（命令里的数据文件路径不是解释器——
Diff in /Users/runner/work/Solomni/Solomni/src/adapters/confine/mod.rs:330:
 /// 解释器需要 HOME/TEMP 这类落点：全部指到该 agent 的私有沙箱里（缓存与临时文件落在工作区内）。
 pub fn fence_env(spec: &FenceSpec) -> Vec<(OsString, OsString)> {
     let keep = [
-        "PATH", "PATHEXT", "SystemRoot", "WINDIR", "COMSPEC", "ComSpec", "SYSTEMDRIVE",
-        "LANG", "LC_ALL", "TZ",
+        "PATH",
+        "PATHEXT",
+        "SystemRoot",
+        "WINDIR",
+        "COMSPEC",
+        "ComSpec",
+        "SYSTEMDRIVE",
+        "LANG",
+        "LC_ALL",
+        "TZ",
     ];
     let mut out: Vec<(OsString, OsString)> = Vec::new();
     for k in keep {
Diff in /Users/runner/work/Solomni/Solomni/src/adapters/confine/mod.rs:347:
     out.push((OsString::from("HOME"), home.clone().into_os_string()));
     // Windows 建 AppContainer 进程要读它：白名单里没有它就 CreateProcessW 直接失败（os error 203），
     // 容器整条路会静默降级成无围栏执行。落点同样指进该 agent 的私有沙箱。
-    out.push((OsString::from("LOCALAPPDATA"), home.clone().into_os_string()));
+    out.push((
+        OsString::from("LOCALAPPDATA"),
+        home.clone().into_os_string(),
+    ));
     out.push((OsString::from("USERPROFILE"), home.clone().into_os_string()));
     out.push((OsString::from("TEMP"), home.clone().into_os_string()));
     out.push((OsString::from("TMP"), home.clone().into_os_string()));
Diff in /Users/runner/work/Solomni/Solomni/src/adapters/confine/mod.rs:364:
     /// 一旦返回 / 就等于把整盘放行（macOS 的 seatbelt 会因此形同虚设，真机上已抓到过一次）。
     #[test]
     fn install_dir_never_climbs_to_the_filesystem_root() {
-        let root = if cfg!(windows) { PathBuf::from("C:\\") } else { PathBuf::from("/") };
-        assert_eq!(install_dir(&root.join("bin")), root.join("bin"), "根下的 bin 不再上溯");
+        let root = if cfg!(windows) {
+            PathBuf::from("C:\\")
+        } else {
+            PathBuf::from("/")
+        };
+        assert_eq!(
+            install_dir(&root.join("bin")),
+            root.join("bin"),
+            "根下的 bin 不再上溯"
+        );
         assert_eq!(install_dir(&root), root, "根就是根");
         let deep = root.join("home").join("u").join(".venv").join("bin");
-        assert_eq!(install_dir(&deep), root.join("home").join("u").join(".venv"), "普通布局上溯一层");
+        assert_eq!(
+            install_dir(&deep),
+            root.join("home").join("u").join(".venv"),
+            "普通布局上溯一层"
+        );
         let scripts = root.join("home").join("u").join("env").join("Scripts");
-        assert_eq!(install_dir(&scripts), root.join("home").join("u").join("env"), "Scripts 布局同样上溯");
-        assert_eq!(install_dir(&root.join("usr").join("local").join("bin")), root.join("usr").join("local"), "usr/local/bin 上溯到 usr/local");
+        assert_eq!(
+            install_dir(&scripts),
+            root.join("home").join("u").join("env"),
+            "Scripts 布局同样上溯"
+        );
+        assert_eq!(
+            install_dir(&root.join("usr").join("local").join("bin")),
+            root.join("usr").join("local"),
+            "usr/local/bin 上溯到 usr/local"
+        );
     }
 
     /// cmd 只认程序名里的反斜杠：`build/indexer build` 会被读成命令 build + 开关 /indexer（真机上模块工具因此跑不起来）。
Diff in /Users/runner/work/Solomni/Solomni/src/adapters/confine/mod.rs:379:
     #[cfg(windows)]
     #[test]
     fn windows_program_separators_rewrites_only_the_program_name() {
-        assert_eq!(windows_program_separators("build/indexer build"), "build\\indexer build");
-        assert_eq!(windows_program_separators("node tools/report.js"), "node tools/report.js");
-        assert_eq!(windows_program_separators("python tools/scan.py extra"), "python tools/scan.py extra");
-        assert_eq!(windows_program_separators(".tools/mingw64/bin/g++.exe -O2"), ".tools\\mingw64\\bin\\g++.exe -O2");
-        assert_eq!(windows_program_separators("build\\indexer build"), "build\\indexer build");
+        assert_eq!(
+            windows_program_separators("build/indexer build"),
+            "build\\indexer build"
+        );
+        assert_eq!(
+            windows_program_separators("node tools/report.js"),
+            "node tools/report.js"
+        );
+        assert_eq!(
+            windows_program_separators("python tools/scan.py extra"),
+            "python tools/scan.py extra"
+        );
+        assert_eq!(
+            windows_program_separators(".tools/mingw64/bin/g++.exe -O2"),
+            ".tools\\mingw64\\bin\\g++.exe -O2"
+        );
+        assert_eq!(
+            windows_program_separators("build\\indexer build"),
+            "build\\indexer build"
+        );
         assert_eq!(windows_program_separators("\"a/b\" rest"), "\"a\\b\" rest");
         assert_eq!(windows_program_separators("plain"), "plain");
     }
Diff in /Users/runner/work/Solomni/Solomni/src/adapters/confine/mod.rs:398:
             cwd: PathBuf::from("mods").join("m0"),
             net: false,
         };
-        let job = FenceJob { spec, prepared: true, home: Some(PathBuf::from("home")) };
+        let job = FenceJob {
+            spec,
+            prepared: true,
+            home: Some(PathBuf::from("home")),
+        };
         let text = job.to_json();
         assert!(text.contains("\"prepared\":true"), "{}", text);
         assert_eq!(FenceJob::from_json(&text).expect("回读守门进程入参"), job);
Diff in /Users/runner/work/Solomni/Solomni/src/adapters/confine/mod.rs:409:
             cwd: PathBuf::from("mods").join("m1"),
             net: true,
         };
-        let no_home = FenceJob { spec: bare, prepared: false, home: None };
-        assert_eq!(FenceJob::from_json(&no_home.to_json()).expect("回读"), no_home);
+        let no_home = FenceJob {
+            spec: bare,
+            prepared: false,
+            home: None,
+        };
+        assert_eq!(
+            FenceJob::from_json(&no_home.to_json()).expect("回读"),
+            no_home
+        );
         assert!(FenceJob::from_json("{}").is_err(), "缺字段必须报错，不猜");
         assert!(FenceJob::from_json("这不是 JSON").is_err());
     }
Diff in /Users/runner/work/Solomni/Solomni/src/adapters/confine/mod.rs:422:
         let root = crate::contract_tests::scratch("interpreter-dirs");
         let pydir = root.join("pydir");
         std::fs::create_dir_all(&pydir).expect("建解释器目录");
-        let exe = pydir.join(if cfg!(windows) { "python.exe" } else { "python" });
+        let exe = pydir.join(if cfg!(windows) {
+            "python.exe"
+        } else {
+            "python"
+        });
         std::fs::write(&exe, b"#!/bin/sh\nexit 0\n").expect("放一个假解释器");
         #[cfg(unix)]
         {
Diff in /Users/runner/work/Solomni/Solomni/src/adapters/confine/mod.rs:449:
             "带引号的 PATH 项也要能解析"
         );
         assert!(
-            interpreter_dirs_in(&format!("cat {}", exe.display()), path, None).iter().all(|d| d != &pydir),
+            interpreter_dirs_in(&format!("cat {}", exe.display()), path, None)
+                .iter()
+                .all(|d| d != &pydir),
             "数据文件路径不算解释器（否则等于给围栏开洞）"
         );
         let _ = std::fs::remove_dir_all(&root);
Diff in /Users/runner/work/Solomni/Solomni/src/adapters/confine/mod.rs:459:
     /// 数据文件路径不算解释器（否则会把那个文件放行，等于开洞）。
     #[test]
     fn interpreter_dirs_resolves_programs_but_not_data_files() {
-        let cmd = if cfg!(windows) { "cmd /C echo hi" } else { "sh -c 'echo hi'" };
+        let cmd = if cfg!(windows) {
+            "cmd /C echo hi"
+        } else {
+            "sh -c 'echo hi'"
+        };
         let dirs = interpreter_dirs(cmd);
         assert!(!dirs.is_empty(), "系统 shell 应当能被解析出来：{:?}", dirs);
         for d in &dirs {
Diff in /Users/runner/work/Solomni/Solomni/src/adapters/confine/mod.rs:467:
             assert!(d.parent().is_some(), "绝不报文件系统根：{:?}", d);
         }
         // 明确的非程序路径（一个不存在的文件）不该被当成解释器。
-        let missing = if cfg!(windows) { "C:\\nope\\nope.exe" } else { "/nope/nope" };
+        let missing = if cfg!(windows) {
+            "C:\\nope\\nope.exe"
+        } else {
+            "/nope/nope"
+        };
         assert!(
-            interpreter_dirs(&format!("cat {}", missing)).iter().all(|d| !d.ends_with("nope")),
+            interpreter_dirs(&format!("cat {}", missing))
+                .iter()
+                .all(|d| !d.ends_with("nope")),
             "数据/缺失路径不该被当成解释器"
         );
     }
Diff in /Users/runner/work/Solomni/Solomni/src/adapters/confine/windows.rs:16:
 use std::path::{Path, PathBuf};
 use windows_sys::Win32::Foundation::{CloseHandle, LocalFree};
 use windows_sys::Win32::Security::Authorization::{
-    ConvertSidToStringSidW, ConvertStringSidToSidW, GetNamedSecurityInfoW, SetEntriesInAclW, SetNamedSecurityInfoW,
-    EXPLICIT_ACCESS_W, GRANT_ACCESS, REVOKE_ACCESS, TRUSTEE_IS_SID, TRUSTEE_IS_UNKNOWN, TRUSTEE_W,
+    ConvertSidToStringSidW, ConvertStringSidToSidW, GetNamedSecurityInfoW, SetEntriesInAclW,
+    SetNamedSecurityInfoW, EXPLICIT_ACCESS_W, GRANT_ACCESS, REVOKE_ACCESS, TRUSTEE_IS_SID,
+    TRUSTEE_IS_UNKNOWN, TRUSTEE_W,
 };
 use windows_sys::Win32::Security::Isolation::{
     CreateAppContainerProfile, DeleteAppContainerProfile, DeriveAppContainerSidFromAppContainerName,
Diff in /Users/runner/work/Solomni/Solomni/src/adapters/confine/windows.rs:26:
     EqualSid, GetAce, GetAclInformation, ACL, ACL_SIZE_INFORMATION, CONTAINER_INHERIT_ACE,
     DACL_SECURITY_INFORMATION, OBJECT_INHERIT_ACE, PSID, SECURITY_CAPABILITIES,
 };
+use windows_sys::Win32::System::Console::{
+    GetStdHandle, STD_ERROR_HANDLE, STD_INPUT_HANDLE, STD_OUTPUT_HANDLE,
+};
 use windows_sys::Win32::System::JobObjects::{
-    AssignProcessToJobObject, CreateJobObjectW, JobObjectExtendedLimitInformation, SetInformationJobObject,
-    JOBOBJECT_EXTENDED_LIMIT_INFORMATION, JOB_OBJECT_LIMIT_ACTIVE_PROCESS, JOB_OBJECT_LIMIT_KILL_ON_JOB_CLOSE,
+    AssignProcessToJobObject, CreateJobObjectW, JobObjectExtendedLimitInformation,
+    SetInformationJobObject, JOBOBJECT_EXTENDED_LIMIT_INFORMATION, JOB_OBJECT_LIMIT_ACTIVE_PROCESS,
+    JOB_OBJECT_LIMIT_KILL_ON_JOB_CLOSE,
 };
-use windows_sys::Win32::System::Console::{GetStdHandle, STD_ERROR_HANDLE, STD_INPUT_HANDLE, STD_OUTPUT_HANDLE};
 use windows_sys::Win32::System::Threading::{
     CreateProcessW, DeleteProcThreadAttributeList, GetCurrentProcess, GetExitCodeProcess,
-    InitializeProcThreadAttributeList, UpdateProcThreadAttribute, WaitForSingleObject, EXTENDED_STARTUPINFO_PRESENT,
-    INFINITE, PROCESS_INFORMATION, PROC_THREAD_ATTRIBUTE_SECURITY_CAPABILITIES, STARTF_USESTDHANDLES, STARTUPINFOEXW,
+    InitializeProcThreadAttributeList, UpdateProcThreadAttribute, WaitForSingleObject,
+    EXTENDED_STARTUPINFO_PRESENT, INFINITE, PROCESS_INFORMATION,
+    PROC_THREAD_ATTRIBUTE_SECURITY_CAPABILITIES, STARTF_USESTDHANDLES, STARTUPINFOEXW,
 };
 
 /// 文件对象（SetNamedSecurityInfoW / GetNamedSecurityInfoW 的对象类型）。
Diff in /Users/runner/work/Solomni/Solomni/src/adapters/confine/windows.rs:57:
 const GENERIC_ALL: u32 = 0x1000_0000;
 
 /// 数据边界（会话目录、模块目录）→ 读写 + 删子项 + 写 DACL（撤权要用）。
-const RIGHTS_RW: u32 =
-    FILE_GENERIC_READ | FILE_GENERIC_WRITE | FILE_GENERIC_EXECUTE | FILE_DELETE_CHILD | DELETE | WRITE_DAC;
+const RIGHTS_RW: u32 = FILE_GENERIC_READ
+    | FILE_GENERIC_WRITE
+    | FILE_GENERIC_EXECUTE
+    | FILE_DELETE_CHILD
+    | DELETE
+    | WRITE_DAC;
 /// 只读 + 执行（解释器安装目录：脚本要跑就得读得到它）。
 const RIGHTS_RO: u32 = FILE_GENERIC_READ | FILE_GENERIC_EXECUTE;
 
Diff in /Users/runner/work/Solomni/Solomni/src/adapters/confine/windows.rs:107:
 /// 自检：派生 SID + 真去改一个目录的 DACL（改不动就说明本机环境不允许，如实报 fs=false）。
 fn self_check() -> Result<(), String> {
     let sid = container_sid("Solomni.Fence.SelfCheck")?;
-    let scratch = std::env::temp_dir().join(format!("solomni-fence-selfcheck-{}", std::process::id()));
+    let scratch =
+        std::env::temp_dir().join(format!("solomni-fence-selfcheck-{}", std::process::id()));
     std::fs::create_dir_all(&scratch).map_err(|e| format!("建自检目录失败：{}", e))?;
     let outcome = grant_one(sid, &scratch, RIGHTS_RO, false, false);
     let _ = std::fs::remove_dir_all(&scratch);
Diff in /Users/runner/work/Solomni/Solomni/src/adapters/confine/windows.rs:145:
 /// ALL APPLICATION PACKAGES 组，连系统目录里的 cmd.exe 都打不开（实测会报"找不到文件"）。
 /// 已存在 = 成功（同一个名字派生出的 SID 与 profile 一致，所以外层用 Derive 预授权 ACL 也有效）。
 fn ensure_profile(name: &str) -> Result<(), String> {
-    let n: Vec<u16> = std::ffi::OsStr::new(name).encode_wide().chain(std::iter::once(0)).collect();
-    let d: Vec<u16> = std::ffi::OsStr::new("Solomni 工具围栏").encode_wide().chain(std::iter::once(0)).collect();
+    let n: Vec<u16> = std::ffi::OsStr::new(name)
+        .encode_wide()
+        .chain(std::iter::once(0))
+        .collect();
+    let d: Vec<u16> = std::ffi::OsStr::new("Solomni 工具围栏")
+        .encode_wide()
+        .chain(std::iter::once(0))
+        .collect();
     let mut sid: PSID = std::ptr::null_mut();
     let hr = unsafe {
-        CreateAppContainerProfile(n.as_ptr(), n.as_ptr(), d.as_ptr(), std::ptr::null(), 0, &mut sid)
+        CreateAppContainerProfile(
+            n.as_ptr(),
+            n.as_ptr(),
+            d.as_ptr(),
+            std::ptr::null(),
+            0,
+            &mut sid,
+        )
     };
     // S_OK = 0；E_ALREADY_EXISTS（0x800700B7）= 已有同 profile，照用。
     const E_ALREADY_EXISTS: i32 = 0x8007_00B7u32 as i32;
Diff in /Users/runner/work/Solomni/Solomni/src/adapters/confine/windows.rs:161:
     }
     const E_ACCESSDENIED: i32 = 0x8007_0005u32 as i32;
     if hr == E_ACCESSDENIED {
-        return Err(format!("0x{:08x}（拒绝访问：本环境不允许建 AppContainer profile）", hr as u32));
+        return Err(format!(
+            "0x{:08x}（拒绝访问：本环境不允许建 AppContainer profile）",
+            hr as u32
+        ));
     }
     Err(format!("0x{:08x}", hr as u32))
 }
Diff in /Users/runner/work/Solomni/Solomni/src/adapters/confine/windows.rs:168:
 
 /// 派生容器 SID（本机实测：非管理员可用）。
 fn container_sid(name: &str) -> Result<PSID, String> {
-    let wide: Vec<u16> = std::ffi::OsStr::new(name).encode_wide().chain(std::iter::once(0)).collect();
+    let wide: Vec<u16> = std::ffi::OsStr::new(name)
+        .encode_wide()
+        .chain(std::iter::once(0))
+        .collect();
     let mut sid: PSID = std::ptr::null_mut();
     let rc = unsafe { DeriveAppContainerSidFromAppContainerName(wide.as_ptr(), &mut sid) };
     if rc < 0 || sid.is_null() {
Diff in /Users/runner/work/Solomni/Solomni/src/adapters/confine/windows.rs:175:
-        return Err(format!("DeriveAppContainerSidFromAppContainerName 失败（0x{:08x}）", rc));
+        return Err(format!(
+            "DeriveAppContainerSidFromAppContainerName 失败（0x{:08x}）",
+            rc
+        ));
     }
     Ok(sid)
 }
Diff in /Users/runner/work/Solomni/Solomni/src/adapters/confine/windows.rs:184:
 }
 
 fn wide(path: &Path) -> Vec<u16> {
-    path.as_os_str().encode_wide().chain(std::iter::once(0)).collect()
+    path.as_os_str()
+        .encode_wide()
+        .chain(std::iter::once(0))
+        .collect()
 }
 
 /// 给一个对象授一条 ACE。`recursive` = 连**已有**子项一起设成这个 ACL（TreeSet）；`inherit` = 这条 ACE 被**新建**子项继承。
Diff in /Users/runner/work/Solomni/Solomni/src/adapters/confine/windows.rs:191:
 /// 两者都要有明确理由：`inherit` 会牵动整棵子树的继承计算（真机实测：2000 个子项的可继承 ACE 写入是空目录的
 /// 20 倍），`recursive` 更是会把整棵树设一遍 ACL——所以只对**真的需要被子项继承**的落点（解释器目录、数据边界）用。
-fn grant_one(sid: PSID, path: &Path, rights: u32, recursive: bool, inherit: bool) -> Result<(), String> {
+fn grant_one(
+    sid: PSID,
+    path: &Path,
+    rights: u32,
+    recursive: bool,
+    inherit: bool,
+) -> Result<(), String> {
     let mut old_dacl: *mut ACL = std::ptr::null_mut();
     let mut sd: PSID = std::ptr::null_mut();
     let w = wide(path);
Diff in /Users/runner/work/Solomni/Solomni/src/adapters/confine/windows.rs:212:
     let ea = EXPLICIT_ACCESS_W {
         grfAccessPermissions: rights,
         grfAccessMode: GRANT_ACCESS,
-        grfInheritance: if inherit { (OBJECT_INHERIT_ACE | CONTAINER_INHERIT_ACE) as u32 } else { 0 },
+        grfInheritance: if inherit {
+            (OBJECT_INHERIT_ACE | CONTAINER_INHERIT_ACE) as u32
+        } else {
+            0
+        },
         Trustee: TRUSTEE_W {
             pMultipleTrustee: std::ptr::null_mut(),
             MultipleTrusteeOperation: 0,
Diff in /Users/runner/work/Solomni/Solomni/src/adapters/confine/windows.rs:306:
         unsafe {
             LocalFree(sd as *mut c_void);
         }
-        return Err(format!("拼撤销后的 ACL 失败（{}）：错误码 {}", path.display(), rc));
+        return Err(format!(
+            "拼撤销后的 ACL 失败（{}）：错误码 {}",
+            path.display(),
+            rc
+        ));
     }
     let rc = if recursive {
         unsafe {
Diff in /Users/runner/work/Solomni/Solomni/src/adapters/confine/windows.rs:344:
         LocalFree(sd as *mut c_void);
     }
     if rc != 0 {
-        return Err(format!("写撤权后的 DACL 失败（{}）：错误码 {}", path.display(), rc));
+        return Err(format!(
+            "写撤权后的 DACL 失败（{}）：错误码 {}",
+            path.display(),
+            rc
+        ));
     }
     Ok(())
 }
Diff in /Users/runner/work/Solomni/Solomni/src/adapters/confine/windows.rs:421:
     free_sid(sid);
     if !written.is_empty() {
         // 如实打印足迹：用户看得见到底动了哪些目录、授给了谁。
-        let list: Vec<String> = written.iter().map(|(s, p, _)| format!("{} → {}", s, p.display())).collect();
+        let list: Vec<String> = written
+            .iter()
+            .map(|(s, p, _)| format!("{} → {}", s, p.display()))
+            .collect();
         eprintln!("[围栏] 已写权限 {} 处：{}", written.len(), list.join("；"));
         if let Err(e) = record_grants(home, &container, &written) {
-            eprintln!("[围栏] 授权台账落盘失败（影响 --fence-clean 的精确回收）：{}", e);
+            eprintln!(
+                "[围栏] 授权台账落盘失败（影响 --fence-clean 的精确回收）：{}",
+                e
+            );
         }
     }
     result
Diff in /Users/runner/work/Solomni/Solomni/src/adapters/confine/windows.rs:464:
     let mut rec = load_record(home);
     if rec.profiles.insert(name.to_string()) {
         if let Err(e) = save_record(home, &rec) {
-            eprintln!("[围栏] 容器 profile 台账落盘失败（影响 --fence-clean 的精确回收）：{}", e);
+            eprintln!(
+                "[围栏] 容器 profile 台账落盘失败（影响 --fence-clean 的精确回收）：{}",
+                e
+            );
         }
     }
 }
Diff in /Users/runner/work/Solomni/Solomni/src/adapters/confine/windows.rs:488:
         if !is_our_profile(&name) {
             continue;
         }
-        let wide: Vec<u16> = std::ffi::OsStr::new(&name).encode_wide().chain(std::iter::once(0)).collect();
+        let wide: Vec<u16> = std::ffi::OsStr::new(&name)
+            .encode_wide()
+            .chain(std::iter::once(0))
+            .collect();
         if unsafe { DeleteAppContainerProfile(wide.as_ptr()) } >= 0 {
             deleted += 1;
         }
Diff in /Users/runner/work/Solomni/Solomni/src/adapters/confine/windows.rs:496:
     Ok(deleted)
 }
 
-fn record_grants(home: &Path, container: &str, written: &[(String, PathBuf, u32)]) -> Result<(), String> {
+fn record_grants(
+    home: &Path,
+    container: &str,
+    written: &[(String, PathBuf, u32)],
+) -> Result<(), String> {
     let mut rec = load_record(home);
     rec.profiles.insert(container.to_string());
     for (sid, path, rights) in written {
Diff in /Users/runner/work/Solomni/Solomni/src/adapters/confine/windows.rs:532:
 
 /// 字符串 → SID（清理时按台账里的字符串还原）。
 fn sid_from_string(text: &str) -> Result<PSID, String> {
-    let w: Vec<u16> = std::ffi::OsStr::new(text).encode_wide().chain(std::iter::once(0)).collect();
+    let w: Vec<u16> = std::ffi::OsStr::new(text)
+        .encode_wide()
+        .chain(std::iter::once(0))
+        .collect();
     let mut sid: PSID = std::ptr::null_mut();
     if unsafe { ConvertStringSidToSidW(w.as_ptr(), &mut sid) } == 0 || sid.is_null() {
         return Err(format!("SID 不合法：{}", text));
Diff in /Users/runner/work/Solomni/Solomni/src/adapters/confine/windows.rs:567:
     }
     let mut deleted = 0usize;
     for name in &rec.profiles {
-        let n: Vec<u16> = std::ffi::OsStr::new(name).encode_wide().chain(std::iter::once(0)).collect();
+        let n: Vec<u16> = std::ffi::OsStr::new(name)
+            .encode_wide()
+            .chain(std::iter::once(0))
+            .collect();
         let hr = unsafe { DeleteAppContainerProfile(n.as_ptr()) };
         if hr >= 0 {
             deleted += 1;
Diff in /Users/runner/work/Solomni/Solomni/src/adapters/confine/windows.rs:574:
         }
     }
     let _ = std::fs::remove_file(record_path(home));
-    Ok(format!("已撤销 {} 条授权、删除 {} 个容器 profile", removed, deleted))
+    Ok(format!(
+        "已撤销 {} 条授权、删除 {} 个容器 profile",
+        removed, deleted
+    ))
 }
 
 /// 撤销一次会话的授权（会话删除时经 FenceHost 端口调用）。
Diff in /Users/runner/work/Solomni/Solomni/src/adapters/confine/windows.rs:587:
     paths.sort();
     paths.dedup();
     // 台账比对用字符串：下面 paths 会被消费掉。
-    let path_texts: Vec<String> = paths.iter().map(|p| p.to_string_lossy().into_owned()).collect();
+    let path_texts: Vec<String> = paths
+        .iter()
+        .map(|p| p.to_string_lossy().into_owned())
+        .collect();
     for p in paths {
         if p.as_os_str().is_empty() {
             continue;
Diff in /Users/runner/work/Solomni/Solomni/src/adapters/confine/windows.rs:604:
     if let Some(h) = home {
         // 台账跟着会话一起清：撤掉的条目不留残账（账目等于"本机现在还有我们写的哪些权限"）。
         let mut rec = load_record(h);
-        rec.grants.retain(|(s, p, _)| s != &sid_text || !path_texts.iter().any(|x| x == p));
+        rec.grants
+            .retain(|(s, p, _)| s != &sid_text || !path_texts.iter().any(|x| x == p));
         if let Err(e) = save_record(h, &rec) {
             eprintln!("[围栏] 台账更新失败：{}", e);
         }
Diff in /Users/runner/work/Solomni/Solomni/src/adapters/confine/windows.rs:621:
 /// 我们的容器令牌本来就带这个组，所以「解释器与系统只读区」这类基线只授一次、与 agent 身份无关；
 /// 每 agent 一个的容器 SID 只用来圈**数据边界**（会话目录、模块目录）。
 fn baseline_sid() -> Result<PSID, String> {
-    let s: Vec<u16> = std::ffi::OsStr::new("S-1-15-2-1").encode_wide().chain(std::iter::once(0)).collect();
+    let s: Vec<u16> = std::ffi::OsStr::new("S-1-15-2-1")
+        .encode_wide()
+        .chain(std::iter::once(0))
+        .collect();
     let mut sid: PSID = std::ptr::null_mut();
     if unsafe { ConvertStringSidToSidW(s.as_ptr(), &mut sid) } == 0 || sid.is_null() {
         return Err("取不到 ALL APPLICATION PACKAGES 的 SID".to_string());
Diff in /Users/runner/work/Solomni/Solomni/src/adapters/confine/windows.rs:738:
             return Err("CreateJobObjectW 失败".to_string());
         }
         let mut info: JOBOBJECT_EXTENDED_LIMIT_INFORMATION = std::mem::zeroed();
-        info.BasicLimitInformation.LimitFlags = JOB_OBJECT_LIMIT_KILL_ON_JOB_CLOSE | JOB_OBJECT_LIMIT_ACTIVE_PROCESS;
+        info.BasicLimitInformation.LimitFlags =
+            JOB_OBJECT_LIMIT_KILL_ON_JOB_CLOSE | JOB_OBJECT_LIMIT_ACTIVE_PROCESS;
         info.BasicLimitInformation.ActiveProcessLimit = max_processes;
         let ok = SetInformationJobObject(
             job,
Diff in /Users/runner/work/Solomni/Solomni/src/adapters/confine/windows.rs:801:
     // 命令交系统 shell 解释（与既有语义一致：命令行来自 module.yaml）。
     // 镜像路径显式给出：容器里用 lpApplicationName 解析更稳（不给路径时搜索偶发失败）。
     let shell_exe = system_shell();
-    let shell = format!("\"{}\" /C {}", shell_exe.display(), super::windows_program_separators(command));
-    let mut cmdline: Vec<u16> = std::ffi::OsStr::new(&shell).encode_wide().chain(std::iter::once(0)).collect();
+    let shell = format!(
+        "\"{}\" /C {}",
+        shell_exe.display(),
+        super::windows_program_separators(command)
+    );
+    let mut cmdline: Vec<u16> = std::ffi::OsStr::new(&shell)
+        .encode_wide()
+        .chain(std::iter::once(0))
+        .collect();
     let app = wide(&shell_exe);
     let cwd = wide(&spec.cwd);
     let mut pi: PROCESS_INFORMATION = unsafe { std::mem::zeroed() };
Diff in /Users/runner/work/Solomni/Solomni/src/adapters/confine/windows.rs:824:
     let err = std::io::Error::last_os_error();
     unsafe { DeleteProcThreadAttributeList(list) };
     if created == 0 {
-        return Err(format!("CreateProcessW 失败（{}）：{}", shell_exe.display(), err));
+        return Err(format!(
+            "CreateProcessW 失败（{}）：{}",
+            shell_exe.display(),
+            err
+        ));
     }
     let mut code: u32 = FENCE_FAILED as u32;
     unsafe {
Diff in /Users/runner/work/Solomni/Solomni/src/adapters/confine/windows.rs:855:
         b.cwd = PathBuf::from("modules").join("m1");
         let mut c = a.clone();
         c.agent = "乙".to_string();
-        assert_eq!(container_name(&a), container_name(&b), "同一个 agent 的不同会话共用一个 profile");
+        assert_eq!(
+            container_name(&a),
+            container_name(&b),
+            "同一个 agent 的不同会话共用一个 profile"
+        );
         assert_ne!(container_name(&a), container_name(&c), "不同 agent 不共用");
         assert!(is_our_profile(&container_name(&a)));
     }
Diff in /Users/runner/work/Solomni/Solomni/src/adapters/confine/windows.rs:863:
     /// 清扫只认自己的前缀：别人的容器 profile 一个都不许动。
     #[test]
     fn profile_sweep_only_matches_our_prefix() {
-        assert!(is_our_profile("solomni.agent.0123456789abcdef"), "Windows 会把包目录名转小写");
+        assert!(
+            is_our_profile("solomni.agent.0123456789abcdef"),
+            "Windows 会把包目录名转小写"
+        );
         assert!(is_our_profile("Solomni.Agent.0123456789abcdef"));
         assert!(!is_our_profile("microsoft.windows.notepad"));
         assert!(!is_our_profile("solomni"));
Diff in /Users/runner/work/Solomni/Solomni/src/adapters/confine/windows.rs:874:
     /// 整条挡掉（真机上解释器目录就是这样，容器里连解释器都读不到）；通用位与展开后的具体位要等价看待。
     #[test]
     fn existing_ace_must_cover_the_rights_we_need() {
-        assert!(!rights_covered(0x0010_0000 /* SYNCHRONIZE */, RIGHTS_RO), "只有 SYNCHRONIZE 不算覆盖");
-        assert!(!rights_covered(FILE_GENERIC_READ, RIGHTS_RO), "只有读不算覆盖读+执行");
-        assert!(rights_covered(FILE_GENERIC_READ | FILE_GENERIC_EXECUTE, RIGHTS_RO), "读+执行刚够");
-        assert!(rights_covered(GENERIC_READ | GENERIC_EXECUTE, RIGHTS_RO), "通用位与具体位等价");
-        assert!(rights_covered(GENERIC_ALL, RIGHTS_RW), "GENERIC_ALL 覆盖一切");
-        assert!(!rights_covered(FILE_GENERIC_READ | FILE_GENERIC_EXECUTE, RIGHTS_RW), "只读+执行不覆盖读写");
+        assert!(
+            !rights_covered(0x0010_0000 /* SYNCHRONIZE */, RIGHTS_RO),
+            "只有 SYNCHRONIZE 不算覆盖"
+        );
+        assert!(
+            !rights_covered(FILE_GENERIC_READ, RIGHTS_RO),
+            "只有读不算覆盖读+执行"
+        );
+        assert!(
+            rights_covered(FILE_GENERIC_READ | FILE_GENERIC_EXECUTE, RIGHTS_RO),
+            "读+执行刚够"
+        );
+        assert!(
+            rights_covered(GENERIC_READ | GENERIC_EXECUTE, RIGHTS_RO),
+            "通用位与具体位等价"
+        );
+        assert!(
+            rights_covered(GENERIC_ALL, RIGHTS_RW),
+            "GENERIC_ALL 覆盖一切"
+        );
+        assert!(
+            !rights_covered(FILE_GENERIC_READ | FILE_GENERIC_EXECUTE, RIGHTS_RW),
+            "只读+执行不覆盖读写"
+        );
         assert!(rights_covered(FILE_ALL_ACCESS, RIGHTS_RW));
     }
 
Diff in /Users/runner/work/Solomni/Solomni/src/adapters/confine/windows.rs:936:
         let prepared = Mutex::new(std::collections::BTreeSet::new());
         prepare_fence(&spec, "cmd", &prepared, &home).expect("授权应当成功");
         let sid = container_sid(&container_name(&spec)).expect("派生容器 SID");
-        assert!(has_ace_for(sid, &dir, RIGHTS_RW), "授权后根上应当有容器 SID 的 ACE");
+        assert!(
+            has_ace_for(sid, &dir, RIGHTS_RW),
+            "授权后根上应当有容器 SID 的 ACE"
+        );
         free_sid(sid);
         release_fence_home(&spec, Some(&home)).expect("撤权应当成功");
         let sid = container_sid(&container_name(&spec)).expect("派生容器 SID");
Diff in /Users/runner/work/Solomni/Solomni/src/adapters/confine/windows.rs:999:
         }
     }
 }
-
 
Diff in /Users/runner/work/Solomni/Solomni/src/adapters/fake_chat.rs:13:
 
 impl FakeChat {
     pub fn new(script: Vec<String>) -> FakeChat {
-        FakeChat { script, calls: Vec::new() }
+        FakeChat {
+            script,
+            calls: Vec::new(),
+        }
     }
 
     fn next(&mut self) -> String {
Diff in /Users/runner/work/Solomni/Solomni/src/adapters/fake_chat.rs:29:
     /// 兑现 Chat 端口的流式与中止契约（与 http_chat 同一套语义）：
     /// stream = false 不回调；stream = true 先发 Chunk::Start，再发一条 Chunk::Text（整条脚本）。
     /// on 返回 false = 调用方要求中止，立即停止回调并返回已产出的正文（Start 阶段中止则返回空串）。
-    fn complete(&mut self, messages: &[Msg], opts: CompleteOpts<'_>, on: &mut dyn FnMut(Chunk) -> bool) -> Completion {
+    fn complete(
+        &mut self,
+        messages: &[Msg],
+        opts: CompleteOpts<'_>,
+        on: &mut dyn FnMut(Chunk) -> bool,
+    ) -> Completion {
         self.calls.push(messages.to_vec());
         let stream = opts.stream;
         let text = self.next();
Diff in /Users/runner/work/Solomni/Solomni/src/adapters/fake_chat.rs:55:
         Err("演示通道没有真实供应商，测不了工具调用支持".to_string())
     }
 
-    fn member_channel(&self, _channel: Option<&Channel>, module_id: &str) -> (BoxedChat, Option<String>) {
+    fn member_channel(
+        &self,
+        _channel: Option<&Channel>,
+        module_id: &str,
+    ) -> (BoxedChat, Option<String>) {
         (
             Box::new(FakeChat::new(vec![format!(
                 "{{\"type\":\"say\",\"text\":\"（演示）{} 收到。\"}}",
Diff in /Users/runner/work/Solomni/Solomni/src/adapters/fake_chat.rs:62:
                 module_id
             )])),
-            Some(format!("[{}] 未配置模型通道，使用内置假模型演示", module_id)),
+            Some(format!(
+                "[{}] 未配置模型通道，使用内置假模型演示",
+                module_id
+            )),
         )
     }
 
Diff in /Users/runner/work/Solomni/Solomni/src/adapters/fs_history.rs:62:
             if !p.is_dir() {
                 continue;
             }
-            let Ok(text) = std::fs::read_to_string(p.join("meta.yaml")) else { continue };
-            let Ok(meta) = serde_yaml::from_str::<SessionMeta>(&text) else { continue };
+            let Ok(text) = std::fs::read_to_string(p.join("meta.yaml")) else {
+                continue;
+            };
+            let Ok(meta) = serde_yaml::from_str::<SessionMeta>(&text) else {
+                continue;
+            };
             let done = std::fs::read_to_string(p.join("transcript.jsonl"))
                 .map(|t| t.contains("\"type\":\"ended\""))
                 .unwrap_or(false);
Diff in /Users/runner/work/Solomni/Solomni/src/adapters/fs_history.rs:70:
-            out.push(HistoryView { name: meta.name, mode: meta.mode, ts: meta.ts, done });
+            out.push(HistoryView {
+                name: meta.name,
+                mode: meta.mode,
+                ts: meta.ts,
+                done,
+            });
         }
         out.sort_by(|a, b| b.ts.cmp(&a.ts));
         Ok(out)
Diff in /Users/runner/work/Solomni/Solomni/src/adapters/fs_history.rs:75:
 
     fn load(&self, name: &str) -> Result<(SessionMeta, Vec<serde_json::Value>), String> {
         let d = self.session_dir(name);
-        let text = std::fs::read_to_string(d.join("meta.yaml")).map_err(|_| format!("无此会话：{}", name))?;
-        let meta: SessionMeta = serde_yaml::from_str(&text).map_err(|e| format!("会话 meta.yaml 非法：{}", e))?;
+        let text = std::fs::read_to_string(d.join("meta.yaml"))
+            .map_err(|_| format!("无此会话：{}", name))?;
+        let meta: SessionMeta =
+            serde_yaml::from_str(&text).map_err(|e| format!("会话 meta.yaml 非法：{}", e))?;
         let mut events = Vec::new();
         if let Ok(t) = std::fs::read_to_string(d.join("transcript.jsonl")) {
             for line in t.lines() {
Diff in /Users/runner/work/Solomni/Solomni/src/adapters/fs_modules.rs:48:
         };
         match serde_yaml::from_str::<ModuleManifest>(&yaml_text) {
             Ok(m) => {
-                let dir_name = path.file_name().unwrap_or_default().to_string_lossy().to_string();
+                let dir_name = path
+                    .file_name()
+                    .unwrap_or_default()
+                    .to_string_lossy()
+                    .to_string();
                 if m.id != dir_name {
                     rejected.push(format!("{}: id '{}' 与文件夹名不一致", dir_name, m.id));
                     continue;
Diff in /Users/runner/work/Solomni/Solomni/src/adapters/fs_modules.rs:61:
                     rejected.push(format!("{}: {}", dir_name, why));
                     continue;
                 }
-                modules.push(Module { manifest: m, root: path });
+                modules.push(Module {
+                    manifest: m,
+                    root: path,
+                });
             }
             Err(e) => rejected.push(format!(
                 "{}: module.yaml 非法（{}）",
Diff in /Users/runner/work/Solomni/Solomni/src/adapters/fs_packages.rs:33:
             if !path.is_dir() {
                 continue;
             }
-            let folder = path.file_name().unwrap_or_default().to_string_lossy().to_string();
+            let folder = path
+                .file_name()
+                .unwrap_or_default()
+                .to_string_lossy()
+                .to_string();
             let yaml_path = path.join("package.yaml");
             let text = match std::fs::read_to_string(&yaml_path) {
                 Ok(t) => t,
Diff in /Users/runner/work/Solomni/Solomni/src/adapters/fs_workspace.rs:11:
 
 /// 递归列文件（只列文件，不列目录）；相对路径统一用 / 分隔，逐层按名字排序保证稳定。
 fn collect_files(root: &Path, out: &mut Vec<String>, prefix: &str) {
-    let Ok(entries) = std::fs::read_dir(root) else { return };
+    let Ok(entries) = std::fs::read_dir(root) else {
+        return;
+    };
     let mut items: Vec<(String, PathBuf, bool)> = entries
         .flatten()
         .map(|e| {
Diff in /Users/runner/work/Solomni/Solomni/src/adapters/fs_workspace.rs:26:
         if out.len() >= MAX_LISTED {
             return;
         }
-        let rel = if prefix.is_empty() { name.clone() } else { format!("{}/{}", prefix, name) };
+        let rel = if prefix.is_empty() {
+            name.clone()
+        } else {
+            format!("{}/{}", prefix, name)
+        };
         if is_dir {
             collect_files(&path, out, &rel);
         } else {
Diff in /Users/runner/work/Solomni/Solomni/src/adapters/fs_workspace.rs:53:
 impl Workspace for FsWorkspace {
     fn prepare(&self, session: &str, agents: &[String]) -> Result<(), String> {
         let dir = self.session_dir(session);
-        std::fs::create_dir_all(dir.join("work")).map_err(|e| format!("建 work 目录失败：{}", e))?;
+        std::fs::create_dir_all(dir.join("work"))
+            .map_err(|e| format!("建 work 目录失败：{}", e))?;
         for a in agents {
-            std::fs::create_dir_all(dir.join(a)).map_err(|e| format!("建 agent 沙箱失败：{}", e))?;
+            std::fs::create_dir_all(dir.join(a))
+                .map_err(|e| format!("建 agent 沙箱失败：{}", e))?;
         }
         Ok(())
     }
Diff in /Users/runner/work/Solomni/Solomni/src/adapters/fs_workspace.rs:66:
         for a in agents {
             map.insert(a.clone(), dir.join(a));
         }
-        Ok(WorkRoots { shared: dir.join("work"), agents: map })
+        Ok(WorkRoots {
+            shared: dir.join("work"),
+            agents: map,
+        })
     }
 
     fn write_work(&self, session: &str, name: &str, bytes: &[u8]) -> Result<(), String> {
Diff in /Users/runner/work/Solomni/Solomni/src/adapters/http_chat.rs:4:
 //! 密钥只在出站调用里使用，永不落提示词/转录/日志；错误信息经脱敏（红线）。
 
 use super::endpoint::{chat_candidates, memo_get, memo_set, resolve_candidates, Attempt, Memo};
-use super::http_agent::{finish_request, redact};
 use super::fake_chat::DemoGateway;
+use super::http_agent::{finish_request, redact};
 use crate::core::ports::{
-    BoxedChat, Chat, ChatGateway, Chunk, CompleteOpts, Completion, Msg, ProbeOutcome, ToolCall, ToolDecl,
+    BoxedChat, Chat, ChatGateway, Chunk, CompleteOpts, Completion, Msg, ProbeOutcome, ToolCall,
+    ToolDecl,
 };
 use crate::core::providers::Channel;
 
Diff in /Users/runner/work/Solomni/Solomni/src/adapters/http_chat.rs:82:
 
 impl HttpChat {
     /// 组合根/网关内部构造：通道 + 日志 + 共享端点记忆。
-    fn new(channel: Channel, log: std::sync::Arc<dyn crate::core::ports::Log + Send + Sync>, memo: Memo) -> HttpChat {
+    fn new(
+        channel: Channel,
+        log: std::sync::Arc<dyn crate::core::ports::Log + Send + Sync>,
+        memo: Memo,
+    ) -> HttpChat {
         let memo_key = format!("{}|chat", channel.provider.base_url);
         let resolved = memo_get(&memo, &memo_key);
-        HttpChat { provider_id: channel.provider.base_url.clone(), channel, log, resolved, memo, memo_key }
+        HttpChat {
+            provider_id: channel.provider.base_url.clone(),
+            channel,
+            log,
+            resolved,
+            memo,
+            memo_key,
+        }
     }
 }
 
Diff in /Users/runner/work/Solomni/Solomni/src/adapters/http_chat.rs:92:
 impl Chat for HttpChat {
-    fn complete(&mut self, messages: &[Msg], opts: CompleteOpts<'_>, on: &mut dyn FnMut(Chunk) -> bool) -> Completion {
+    fn complete(
+        &mut self,
+        messages: &[Msg],
+        opts: CompleteOpts<'_>,
+        on: &mut dyn FnMut(Chunk) -> bool,
+    ) -> Completion {
         let stream = opts.stream;
         let wire: Vec<serde_json::Value> = messages.iter().map(msg_json).collect();
         let body = request_body(
Diff in /Users/runner/work/Solomni/Solomni/src/adapters/http_chat.rs:110:
                 &candidates,
                 |url| stream_once(url, &key, &body, on),
                 |url, err, next| {
-                    self.log.warn("http_chat::stream", &format!("端点 {} 不可用（{}），改试 {}", url, err, next));
+                    self.log.warn(
+                        "http_chat::stream",
+                        &format!("端点 {} 不可用（{}），改试 {}", url, err, next),
+                    );
                 },
             )
         } else {
Diff in /Users/runner/work/Solomni/Solomni/src/adapters/http_chat.rs:118:
                 &candidates,
                 |url| attempt(url, &key, &body),
                 |url, err, next| {
-                    self.log.warn("http_chat::complete", &format!("端点 {} 不可用（{}），改试 {}", url, err, next));
+                    self.log.warn(
+                        "http_chat::complete",
+                        &format!("端点 {} 不可用（{}），改试 {}", url, err, next),
+                    );
                 },
             )
         };
Diff in /Users/runner/work/Solomni/Solomni/src/adapters/http_chat.rs:130:
                 text
             }
             Err(e) => {
-                self.log.error("http_chat::complete", &format!("通道 {} 调用失败：{}", self.provider_id, e));
+                self.log.error(
+                    "http_chat::complete",
+                    &format!("通道 {} 调用失败：{}", self.provider_id, e),
+                );
                 Completion::text(format!("模型调用失败：{}", e))
             }
         }
Diff in /Users/runner/work/Solomni/Solomni/src/adapters/http_chat.rs:141:
 /// 已经吐出过内容后不再换候选（避免重复输出）。
 /// 兼容两类供应商：发「增量」的、以及发「累积快照」的（此处统一归一成增量）。
 /// 中止与容积双保险：on 返回 false、或正文/思维链超过上限，立即停止读取。
-fn stream_once(url: &str, key: &str, body: &str, on: &mut dyn FnMut(Chunk) -> bool) -> Attempt<Completion> {
+fn stream_once(
+    url: &str,
+    key: &str,
+    body: &str,
+    on: &mut dyn FnMut(Chunk) -> bool,
+) -> Attempt<Completion> {
     use std::io::BufRead;
     let agent = super::http_agent::agent(10, 300);
     let resp = match finish_request(
Diff in /Users/runner/work/Solomni/Solomni/src/adapters/http_chat.rs:174:
             Ok(l) => l,
             Err(e) => {
                 let msg = redact(format!("读取流失败：{}", e), key);
-                return if got_any { Attempt::Fatal(msg) } else { Attempt::Retry(msg) };
+                return if got_any {
+                    Attempt::Fatal(msg)
+                } else {
+                    Attempt::Retry(msg)
+                };
             }
         };
-        let Some(data) = line.strip_prefix("data:") else { continue };
+        let Some(data) = line.strip_prefix("data:") else {
+            continue;
+        };
         let data = data.trim();
         if data == "[DONE]" {
             break;
Diff in /Users/runner/work/Solomni/Solomni/src/adapters/http_chat.rs:185:
         if data.is_empty() {
             continue;
         }
-        let Ok(v) = serde_json::from_str::<serde_json::Value>(data) else { continue };
-        let Some(choice) = v.get("choices").and_then(|c| c.get(0)) else { continue };
+        let Ok(v) = serde_json::from_str::<serde_json::Value>(data) else {
+            continue;
+        };
+        let Some(choice) = v.get("choices").and_then(|c| c.get(0)) else {
+            continue;
+        };
         if let Some(f) = choice.get("finish_reason").and_then(|f| f.as_str()) {
             if !f.is_empty() {
                 finish = f.to_string();
Diff in /Users/runner/work/Solomni/Solomni/src/adapters/http_chat.rs:193:
             }
         }
-        let Some(delta) = choice.get("delta") else { continue };
+        let Some(delta) = choice.get("delta") else {
+            continue;
+        };
         // 原生工具调用的分片：按 index 归位，name/id 出现即记，arguments 追加
         if let Some(arr) = delta.get("tool_calls").and_then(|t| t.as_array()) {
             for item in arr {
Diff in /Users/runner/work/Solomni/Solomni/src/adapters/http_chat.rs:199:
-                let idx = item.get("index").and_then(|i| i.as_u64()).unwrap_or(calls.len() as u64) as usize;
+                let idx = item
+                    .get("index")
+                    .and_then(|i| i.as_u64())
+                    .unwrap_or(calls.len() as u64) as usize;
                 while calls.len() <= idx {
-                    calls.push(ToolCall { id: String::new(), name: String::new(), args_json: String::new() });
+                    calls.push(ToolCall {
+                        id: String::new(),
+                        name: String::new(),
+                        args_json: String::new(),
+                    });
                 }
                 let slot = &mut calls[idx];
                 if let Some(id) = item.get("id").and_then(|i| i.as_str()) {
Diff in /Users/runner/work/Solomni/Solomni/src/adapters/http_chat.rs:229:
                 } else {
                     t.to_string()
                 };
-                content = if piece.is_empty() { content } else { format!("{}{}", content, piece) };
+                content = if piece.is_empty() {
+                    content
+                } else {
+                    format!("{}{}", content, piece)
+                };
                 if !piece.is_empty() && !on(Chunk::Text(piece)) {
                     cancelled = true;
                     break;
Diff in /Users/runner/work/Solomni/Solomni/src/adapters/http_chat.rs:244:
         if let Some(r) = reasoning {
             if !r.is_empty() {
                 got_any = true;
-                let piece = if r.len() > reasoning_acc.len() && r.starts_with(reasoning_acc.as_str()) {
-                    r[reasoning_acc.len()..].to_string()
+                let piece =
+                    if r.len() > reasoning_acc.len() && r.starts_with(reasoning_acc.as_str()) {
+                        r[reasoning_acc.len()..].to_string()
+                    } else {
+                        r.to_string()
+                    };
+                reasoning_acc = if piece.is_empty() {
+                    reasoning_acc
                 } else {
-                    r.to_string()
+                    format!("{}{}", reasoning_acc, piece)
                 };
-                reasoning_acc = if piece.is_empty() { reasoning_acc } else { format!("{}{}", reasoning_acc, piece) };
                 if !piece.is_empty() && !on(Chunk::Reasoning(piece)) {
                     cancelled = true;
                     break;
Diff in /Users/runner/work/Solomni/Solomni/src/adapters/http_chat.rs:263:
     }
     // 用户主动中止：原样收尾，绝不换候选重开（否则「停止」会把流重新拉起来）
     if cancelled {
-        return Attempt::Ok(Completion { raw: content, finish, calls });
+        return Attempt::Ok(Completion {
+            raw: content,
+            finish,
+            calls,
+        });
     }
     // 纯工具调用轮的正文是空的：这不算"没内容"，不能因此换候选重试。
     if content.is_empty() && reasoning_acc.is_empty() && calls.is_empty() {
Diff in /Users/runner/work/Solomni/Solomni/src/adapters/http_chat.rs:270:
         return Attempt::Retry("流式响应没有正文内容".to_string());
     }
-    Attempt::Ok(Completion { raw: content, finish, calls })
+    Attempt::Ok(Completion {
+        raw: content,
+        finish,
+        calls,
+    })
 }
 
 /// 工具声明 → OpenAI 兼容的 function 形状（唯一一处映射，探测与正式请求共用）。
Diff in /Users/runner/work/Solomni/Solomni/src/adapters/http_chat.rs:337:
 
 /// 解析补全响应：取 choices[0].message.content、finish_reason 与原生 tool_calls（后两者可能没有）。
 fn parse_content(text: &str) -> Result<Completion, String> {
-    let v: serde_json::Value = serde_json::from_str(text).map_err(|e| format!("响应不是 JSON：{}", e))?;
+    let v: serde_json::Value =
+        serde_json::from_str(text).map_err(|e| format!("响应不是 JSON：{}", e))?;
     let choice = v.get("choices").and_then(|c| c.get(0));
     // 有些供应商在纯工具调用时 content 是 null（不是缺字段）：按空串处理，不算错。
     let raw = choice
Diff in /Users/runner/work/Solomni/Solomni/src/adapters/http_chat.rs:368:
 fn native_call(v: &serde_json::Value) -> Option<ToolCall> {
     let f = v.get("function")?;
     let name = f.get("name").and_then(|n| n.as_str())?.to_string();
-    let id = v.get("id").and_then(|i| i.as_str()).unwrap_or_default().to_string();
-    let args_json = f.get("arguments").and_then(|a| a.as_str()).unwrap_or("{}").to_string();
-    Some(ToolCall { id, name, args_json })
+    let id = v
+        .get("id")
+        .and_then(|i| i.as_str())
+        .unwrap_or_default()
+        .to_string();
+    let args_json = f
+        .get("arguments")
+        .and_then(|a| a.as_str())
+        .unwrap_or("{}")
+        .to_string();
+    Some(ToolCall {
+        id,
+        name,
+        args_json,
+    })
 }
 
-fn real_or_demo(channel: Option<&Channel>, log: &std::sync::Arc<dyn crate::core::ports::Log + Send + Sync>, memo: &Memo) -> (BoxedChat, bool) {
+fn real_or_demo(
+    channel: Option<&Channel>,
+    log: &std::sync::Arc<dyn crate::core::ports::Log + Send + Sync>,
+    memo: &Memo,
+) -> (BoxedChat, bool) {
     match channel {
-        Some(c) => (Box::new(HttpChat::new(c.clone(), std::sync::Arc::clone(log), std::sync::Arc::clone(memo))), false),
+        Some(c) => (
+            Box::new(HttpChat::new(
+                c.clone(),
+                std::sync::Arc::clone(log),
+                std::sync::Arc::clone(memo),
+            )),
+            false,
+        ),
         None => {
             let (chat, demo) = DemoGateway.core_channel(None);
             (chat, demo)
Diff in /Users/runner/work/Solomni/Solomni/src/adapters/http_chat.rs:391:
 
 impl HttpGateway {
     /// 组合根注入日志端口（异常路径落盘）与共享端点记忆。
-    pub fn with_log(log: std::sync::Arc<dyn crate::core::ports::Log + Send + Sync>, memo: Memo) -> HttpGateway {
+    pub fn with_log(
+        log: std::sync::Arc<dyn crate::core::ports::Log + Send + Sync>,
+        memo: Memo,
+    ) -> HttpGateway {
         HttpGateway { log, memo }
     }
 }
Diff in /Users/runner/work/Solomni/Solomni/src/adapters/http_chat.rs:409:
         crate::adapters::http_probe::probe(channel, &self.log)
     }
 
-    fn member_channel(&self, channel: Option<&Channel>, module_id: &str) -> (BoxedChat, Option<String>) {
+    fn member_channel(
+        &self,
+        channel: Option<&Channel>,
+        module_id: &str,
+    ) -> (BoxedChat, Option<String>) {
         match channel {
             Some(c) => {
                 self.log.info(
Diff in /Users/runner/work/Solomni/Solomni/src/adapters/http_chat.rs:416:
                     "gateway::member_channel",
-                    &format!("模块 {} → 供应商 {}（模型 {}）", module_id, c.provider.base_url, c.model),
+                    &format!(
+                        "模块 {} → 供应商 {}（模型 {}）",
+                        module_id, c.provider.base_url, c.model
+                    ),
                 );
-                (Box::new(HttpChat::new(c.clone(), std::sync::Arc::clone(&self.log), std::sync::Arc::clone(&self.memo))), None)
+                (
+                    Box::new(HttpChat::new(
+                        c.clone(),
+                        std::sync::Arc::clone(&self.log),
+                        std::sync::Arc::clone(&self.memo),
+                    )),
+                    None,
+                )
             }
             // 回落告知（含模块 id）复用演示网关的话术。
             None => {
Diff in /Users/runner/work/Solomni/Solomni/src/adapters/http_chat.rs:423:
-                self.log.warn("gateway::member_channel", &format!("模块 {} 无可用模型通道，回落演示通道", module_id));
+                self.log.warn(
+                    "gateway::member_channel",
+                    &format!("模块 {} 无可用模型通道，回落演示通道", module_id),
+                );
                 DemoGateway.member_channel(None, module_id)
             }
         }
Diff in /Users/runner/work/Solomni/Solomni/src/adapters/http_chat.rs:429:
     fn core_channel(&self, channel: Option<&Channel>) -> (BoxedChat, bool) {
         let (chat, demo) = real_or_demo(channel, &self.log, &self.memo);
         if demo {
-            self.log.warn("gateway::core_channel", "核心通道未配置模型，使用演示通道");
+            self.log
+                .warn("gateway::core_channel", "核心通道未配置模型，使用演示通道");
         } else {
-            self.log.info("gateway::core_channel", "核心通道建立（真实供应商）");
+            self.log
+                .info("gateway::core_channel", "核心通道建立（真实供应商）");
         }
         (chat, demo)
     }
Diff in /Users/runner/work/Solomni/Solomni/src/adapters/log.rs:19:
         let dir = root.join("logs");
         fs::create_dir_all(&dir).map_err(|e| format!("建日志目录失败：{}", e))?;
         // 时间戳：本地可读 + 毫秒（防同秒重启覆盖）。
-        let now = SystemTime::now().duration_since(UNIX_EPOCH).unwrap_or_default();
+        let now = SystemTime::now()
+            .duration_since(UNIX_EPOCH)
+            .unwrap_or_default();
         let secs = now.as_secs();
         let ms = now.subsec_millis();
         // 简单 UTC+8 折算（本地环境）；日志仅为对账用，不追求时区完美。
Diff in /Users/runner/work/Solomni/Solomni/src/adapters/log.rs:36:
             .map_err(|e| format!("建日志文件失败：{}", e))?;
         let mut file = file;
         let _ = writeln!(file, "=== {}（{}）===", origin, path.display());
-        Ok(FileLog { file: Mutex::new(file), _origin: String::new() })
+        Ok(FileLog {
+            file: Mutex::new(file),
+            _origin: String::new(),
+        })
     }
 
     fn write(&self, level: &str, at: &str, msg: &str) {
Diff in /Users/runner/work/Solomni/Solomni/src/adapters/log.rs:43:
-        let now = SystemTime::now().duration_since(UNIX_EPOCH).unwrap_or_default();
+        let now = SystemTime::now()
+            .duration_since(UNIX_EPOCH)
+            .unwrap_or_default();
         let (y, mo, d, h, mi, s) = stamp(now.as_secs() + 8 * 3600);
         let line = format!(
             "{:04}-{:02}-{:02} {:02}:{:02}:{:02}.{:03} [{}] {}: {}\n",
Diff in /Users/runner/work/Solomni/Solomni/src/adapters/log.rs:47:
-            y, mo, d, h, mi, s, now.subsec_millis(), level, at, msg
+            y,
+            mo,
+            d,
+            h,
+            mi,
+            s,
+            now.subsec_millis(),
+            level,
+            at,
+            msg
         );
         if let Ok(mut f) = self.file.lock() {
             let _ = f.write_all(line.as_bytes());
Diff in /Users/runner/work/Solomni/Solomni/src/adapters/log.rs:83:
     let y = if m <= 2 { y + 1 } else { y } as u64;
     (y, m, d, h, mi, s)
 }
+
Diff in /Users/runner/work/Solomni/Solomni/src/adapters/model_catalog.rs:58:
             &candidates,
             |url| self.fetch(url, provider),
             |url, err, next| {
-                self.log.warn("model_catalog::list_models", &format!("端点 {} 不可用（{}），改试 {}", url, err, next));
+                self.log.warn(
+                    "model_catalog::list_models",
+                    &format!("端点 {} 不可用（{}），改试 {}", url, err, next),
+                );
             },
         );
         match outcome {
Diff in /Users/runner/work/Solomni/Solomni/src/adapters/model_catalog.rs:67:
                 Ok(models)
             }
             Err(e) => {
-                self.log.error("model_catalog::list_models", &format!("供应商 {} 全部候选端点失败：{}", provider.base_url, e));
+                self.log.error(
+                    "model_catalog::list_models",
+                    &format!("供应商 {} 全部候选端点失败：{}", provider.base_url, e),
+                );
                 Err(e)
             }
         }
Diff in /Users/runner/work/Solomni/Solomni/src/adapters/model_catalog.rs:77:
 /// 解析 OpenAI 兼容 /models 响应：取 data[].id，按出现顺序去重。
 /// 形状不符或空列表 = 报错暴露，不静默兜底。
 pub fn parse_models(body: &str) -> Result<Vec<String>, String> {
-    let v: serde_json::Value = serde_json::from_str(body).map_err(|e| format!("响应不是 JSON：{}", e))?;
+    let v: serde_json::Value =
+        serde_json::from_str(body).map_err(|e| format!("响应不是 JSON：{}", e))?;
     let arr = v.get("data").and_then(|d| d.as_array()).ok_or_else(|| {
         let snippet: String = body.chars().take(200).collect();
         format!("响应缺少 data 数组：{}", snippet)
Diff in /Users/runner/work/Solomni/Solomni/src/adapters/proc_tools.rs:92:
         let home = Some(self.home.clone());
         #[cfg(not(windows))]
         let home: Option<std::path::PathBuf> = None;
-        let job = confine::FenceJob { spec: fence.clone(), prepared, home };
+        let job = confine::FenceJob {
+            spec: fence.clone(),
+            prepared,
+            home,
+        };
         let mut cmd = confine::launcher(&self.exe, &job, command);
         cmd.current_dir(&fence.cwd)
             .stdin(Stdio::piped())
Diff in /Users/runner/work/Solomni/Solomni/src/adapters/proc_tools.rs:111:
         }
         let mut child = match cmd.spawn() {
             Ok(c) => c,
-            Err(e) => return ToolOutcome { ok: false, output: format!("工具进程启动失败：{}", e) },
+            Err(e) => {
+                return ToolOutcome {
+                    ok: false,
+                    output: format!("工具进程启动失败：{}", e),
+                }
+            }
         };
         // stdin 独立线程送参：参数再大也不与 stdout 读取互锁。
         let mut stdin = child.stdin.take().expect("stdin 已声明管道");
Diff in /Users/runner/work/Solomni/Solomni/src/adapters/proc_tools.rs:178:
 impl ProcTools {
     /// 把工具进程的原始输出与事实拼成回执：成功与否看退出码；
     /// stderr 段头、超时、围栏没装上、截断这些**标记文案全部来自提示词册**——它们随工具结果进模型上下文。
-    fn assemble(&self, out: String, err: String, timed_out: bool, code: Option<i32>) -> ToolOutcome {
+    fn assemble(
+        &self,
+        out: String,
+        err: String,
+        timed_out: bool,
+        code: Option<i32>,
+    ) -> ToolOutcome {
         let mut ok = !timed_out && code == Some(0);
         let mut output = out;
         if !err.is_empty() {
Diff in /Users/runner/work/Solomni/Solomni/src/adapters/proc_tools.rs:199:
             output.push('\n');
             output.push_str(&self.texts.tool_fence_failed);
         }
-        ToolOutcome { ok, output: self.truncate(&output) }
+        ToolOutcome {
+            ok,
+            output: self.truncate(&output),
+        }
     }
 
     /// 按字符截断（不劈开 UTF-8），尾部如实注明（文案来自提示词册）。
Diff in /Users/runner/work/Solomni/Solomni/src/adapters/proc_tools.rs:211:
         let head: String = s.chars().take(self.max_output_chars).collect();
         let tail = self.texts.render(
             &self.texts.tool_truncated,
-            &[("chars", count.to_string()), ("limit", self.max_output_chars.to_string())],
+            &[
+                ("chars", count.to_string()),
+                ("limit", self.max_output_chars.to_string()),
+            ],
         );
         format!("{}\n{}", head, tail)
     }
Diff in /Users/runner/work/Solomni/Solomni/src/adapters/proc_tools.rs:236:
         };
         let env: Vec<(String, String)> = crate::adapters::confine::fence_env(&spec)
             .into_iter()
-            .map(|(k, v)| (k.to_string_lossy().into_owned(), v.to_string_lossy().into_owned()))
+            .map(|(k, v)| {
+                (
+                    k.to_string_lossy().into_owned(),
+                    v.to_string_lossy().into_owned(),
+                )
+            })
             .collect();
         let get = |key: &str| env.iter().find(|(k, _)| k == key).map(|(_, v)| v.clone());
-        assert!(!env.iter().any(|(_, v)| v.contains("leak-me")), "无关变量不得进子进程");
+        assert!(
+            !env.iter().any(|(_, v)| v.contains("leak-me")),
+            "无关变量不得进子进程"
+        );
         assert!(get("SOLOMNI_PROBE_SECRET").is_none());
-        assert_eq!(get("HOME").as_deref(), Some(private.to_string_lossy().as_ref()), "HOME 落在私有沙箱");
-        assert_eq!(get("TEMP").as_deref(), Some(private.to_string_lossy().as_ref()));
+        assert_eq!(
+            get("HOME").as_deref(),
+            Some(private.to_string_lossy().as_ref()),
+            "HOME 落在私有沙箱"
+        );
+        assert_eq!(
+            get("TEMP").as_deref(),
+            Some(private.to_string_lossy().as_ref())
+        );
         // Windows 建 AppContainer 进程要读 LOCALAPPDATA：白名单里没有它，CreateProcessW 直接失败（os error 203），
         // 容器整条路会静默降级成无围栏——落户同样指进私有沙箱。
         assert_eq!(
Diff in /Users/runner/work/Solomni/Solomni/src/adapters/proc_tools.rs:250:
             Some(private.to_string_lossy().as_ref()),
             "LOCALAPPDATA 也落在私有沙箱"
         );
-        assert_eq!(get("PYTHONIOENCODING").as_deref(), Some("utf-8"), "编码统一 UTF-8");
+        assert_eq!(
+            get("PYTHONIOENCODING").as_deref(),
+            Some("utf-8"),
+            "编码统一 UTF-8"
+        );
         std::env::remove_var("SOLOMNI_PROBE_SECRET");
     }
 
Diff in /Users/runner/work/Solomni/Solomni/src/adapters/proc_tools.rs:272:
         assert_eq!(ok.output, "正常输出", "没有异常就不加任何标记");
 
         let with_err = tools.assemble("正文".to_string(), "警告".to_string(), false, Some(0));
-        assert!(with_err.output.contains(&texts.tool_stderr_header) && with_err.output.contains("警告"));
+        assert!(
+            with_err.output.contains(&texts.tool_stderr_header) && with_err.output.contains("警告")
+        );
 
         let timed = tools.assemble(String::new(), String::new(), true, None);
         assert!(!timed.ok);
Diff in /Users/runner/work/Solomni/Solomni/src/adapters/proc_tools.rs:279:
-        assert!(timed.output.contains(&texts.tool_timeout), "{}", timed.output);
+        assert!(
+            timed.output.contains(&texts.tool_timeout),
+            "{}",
+            timed.output
+        );
 
-        let fenced = tools.assemble(String::new(), String::new(), false, Some(confine::FENCE_FAILED));
+        let fenced = tools.assemble(
+            String::new(),
+            String::new(),
+            false,
+            Some(confine::FENCE_FAILED),
+        );
         assert!(!fenced.ok);
-        assert!(fenced.output.contains(&texts.tool_fence_failed), "{}", fenced.output);
+        assert!(
+            fenced.output.contains(&texts.tool_fence_failed),
+            "{}",
+            fenced.output
+        );
 
         let long = "字".repeat(20_000);
         let cut = tools.assemble(long, String::new(), false, Some(0));
Diff in /Users/runner/work/Solomni/Solomni/src/adapters/proc_tools.rs:287:
-        assert!(cut.output.contains("20000"), "截断要如实报字符数：{}", &cut.output[cut.output.len() - 80..]);
+        assert!(
+            cut.output.contains("20000"),
+            "截断要如实报字符数：{}",
+            &cut.output[cut.output.len() - 80..]
+        );
     }
 
     // ---------- 真实工具进程（T2 真实适配器边界；见 TESTING.md 端口矩阵的 ToolRunner 行） ----------
Diff in /Users/runner/work/Solomni/Solomni/src/adapters/proc_tools.rs:293:
     fn built_exe() -> Option<PathBuf> {
         let me = std::env::current_exe().ok()?;
         let profile_dir = me.parent()?.parent()?; // target/<profile>/deps → target/<profile>
-        let name = if cfg!(windows) { "solomni.exe" } else { "solomni" };
+        let name = if cfg!(windows) {
+            "solomni.exe"
+        } else {
+            "solomni"
+        };
         let p = profile_dir.join(name);
-        if p.is_file() { Some(p) } else { None }
+        if p.is_file() {
+            Some(p)
+        } else {
+            None
+        }
     }
 
     /// 本机可用的 python（没有就如实跳过需要解释器的用例）。
Diff in /Users/runner/work/Solomni/Solomni/src/adapters/proc_tools.rs:302:
     fn python() -> Option<&'static str> {
         for name in ["python", "python3"] {
-            if let Ok(o) = std::process::Command::new(name).arg("-c").arg("print(1)").output() {
+            if let Ok(o) = std::process::Command::new(name)
+                .arg("-c")
+                .arg("print(1)")
+                .output()
+            {
                 if o.status.success() {
                     return Some(name);
                 }
Diff in /Users/runner/work/Solomni/Solomni/src/adapters/proc_tools.rs:329:
     }
 
     fn spec_for(dir: &PathBuf) -> FenceSpec {
-        FenceSpec { agent: "proc".to_string(), rw: vec![dir.clone()], cwd: dir.clone(), net: false }
+        FenceSpec {
+            agent: "proc".to_string(),
+            rw: vec![dir.clone()],
+            cwd: dir.clone(),
+            net: false,
+        }
     }
 
     /// 真实工具进程：stdin 的 JSON 原样送达，退出码决定 ok（不猜、不吞）。
Diff in /Users/runner/work/Solomni/Solomni/src/adapters/proc_tools.rs:336:
     #[test]
     fn real_tool_process_receives_stdin_json_and_reports_success() {
         let Some(exe) = built_exe() else {
-            eprintln!("[探针] 未找到已构建的 solomni 可执行文件（先 cargo build），跳过真实工具进程契约");
+            eprintln!(
+                "[探针] 未找到已构建的 solomni 可执行文件（先 cargo build），跳过真实工具进程契约"
+            );
             return;
         };
         let Some(py) = python() else {
Diff in /Users/runner/work/Solomni/Solomni/src/adapters/proc_tools.rs:344:
             return;
         };
         let dir = crate::contract_tests::scratch("proc-tools-stdin");
-        std::fs::write(dir.join("echo_stdin.py"), "import sys\nprint(sys.stdin.read().strip())\n").expect("写脚本");
+        std::fs::write(
+            dir.join("echo_stdin.py"),
+            "import sys\nprint(sys.stdin.read().strip())\n",
+        )
+        .expect("写脚本");
         let tools = real_runner(exe, &dir, 60);
-        let out = tools.run(&spec_for(&dir), &format!("{} echo_stdin.py", py), "{\"k\":\"v\"}");
+        let out = tools.run(
+            &spec_for(&dir),
+            &format!("{} echo_stdin.py", py),
+            "{\"k\":\"v\"}",
+        );
         assert!(out.ok, "工具应当成功：{}", out.output);
-        assert!(out.output.contains("{\"k\":\"v\"}"), "stdin 的 JSON 必须原样送达工具：{}", out.output);
+        assert!(
+            out.output.contains("{\"k\":\"v\"}"),
+            "stdin 的 JSON 必须原样送达工具：{}",
+            out.output
+        );
         let _ = std::fs::remove_dir_all(&dir);
     }
 
Diff in /Users/runner/work/Solomni/Solomni/src/adapters/proc_tools.rs:374:
         let out = tools.run(&spec_for(&dir), &format!("{} echo_env.py", py), "{}");
         std::env::remove_var("SOLOMNI_PROBE_ENV_LEAK");
         assert!(out.ok, "工具应当成功：{}", out.output);
-        assert!(out.output.contains("LEAK=None"), "无关变量不得进工具进程：{}", out.output);
-        assert!(!out.output.contains("leak-me"), "密钥不得进工具进程：{}", out.output);
+        assert!(
+            out.output.contains("LEAK=None"),
+            "无关变量不得进工具进程：{}",
+            out.output
+        );
+        assert!(
+            !out.output.contains("leak-me"),
+            "密钥不得进工具进程：{}",
+            out.output
+        );
         let _ = std::fs::remove_dir_all(&dir);
     }
 
Diff in /Users/runner/work/Solomni/Solomni/src/adapters/proc_tools.rs:385:
     #[test]
     fn real_tool_process_runs_a_relative_program_path() {
         let Some(exe) = built_exe() else {
-            eprintln!("[探针] 未找到已构建的 solomni 可执行文件（先 cargo build），跳过相对程序名契约");
+            eprintln!(
+                "[探针] 未找到已构建的 solomni 可执行文件（先 cargo build），跳过相对程序名契约"
+            );
             return;
         };
         let dir = crate::contract_tests::scratch("proc-tools-relative-program");
Diff in /Users/runner/work/Solomni/Solomni/src/adapters/proc_tools.rs:392:
         let sub = dir.join("sub");
         std::fs::create_dir_all(&sub).expect("建子目录");
         let (name, body, command) = if cfg!(windows) {
-            ("probe.cmd", "@echo off\r\necho PROBE-OK\r\n", "sub/probe.cmd")
+            (
+                "probe.cmd",
+                "@echo off\r\necho PROBE-OK\r\n",
+                "sub/probe.cmd",
+            )
         } else {
             ("probe.sh", "echo PROBE-OK\n", "sub/probe.sh")
         };
Diff in /Users/runner/work/Solomni/Solomni/src/adapters/proc_tools.rs:408:
         let tools = real_runner(exe, &dir, 60);
         let out = tools.run(&spec_for(&dir), command, "{}");
         assert!(out.ok, "带正斜杠的相对程序名必须能跑起来：{}", out.output);
-        assert!(out.output.contains("PROBE-OK"), "工具输出要如实回来：{}", out.output);
+        assert!(
+            out.output.contains("PROBE-OK"),
+            "工具输出要如实回来：{}",
+            out.output
+        );
         let _ = std::fs::remove_dir_all(&dir);
     }
 
Diff in /Users/runner/work/Solomni/Solomni/src/adapters/proc_tools.rs:433:
         let started = Instant::now();
         let out = tools.run(&spec_for(&dir), &format!("{} sleep60.py", py), "{}");
         assert!(!out.ok, "超时必须如实回执失败：{}", out.output);
-        assert!(out.output.contains(&tools.texts.tool_timeout), "回执要带上超时标记：{}", out.output);
+        assert!(
+            out.output.contains(&tools.texts.tool_timeout),
+            "回执要带上超时标记：{}",
+            out.output
+        );
         assert!(
             started.elapsed() < Duration::from_secs(30),
             "超时后不得继续等它自然结束（实际 {:?}）",
Diff in /Users/runner/work/Solomni/Solomni/src/adapters/sys_io.rs:12:
 
 impl Default for FsSysIo {
     fn default() -> FsSysIo {
-        FsSysIo { max_read_bytes: 1_000_000 }
+        FsSysIo {
+            max_read_bytes: 1_000_000,
+        }
     }
 }
 
Diff in /Users/runner/work/Solomni/Solomni/src/adapters/sys_io.rs:26:
             Err(e) => {
                 if e.error_len().is_none() && n < total {
                     // 只是切片落在多字节字符中间：退回完整字符边界，不算编码错误。
-                    (String::from_utf8_lossy(&bytes[..e.valid_up_to()]).into_owned(), false)
+                    (
+                        String::from_utf8_lossy(&bytes[..e.valid_up_to()]).into_owned(),
+                        false,
+                    )
                 } else {
                     (String::from_utf8_lossy(&bytes[..n]).into_owned(), true)
                 }
Diff in /Users/runner/work/Solomni/Solomni/src/adapters/sys_io.rs:33:
             }
         };
-        Ok(FileRead { text, bytes: total, lossy, cut: n < total })
+        Ok(FileRead {
+            text,
+            bytes: total,
+            lossy,
+            cut: n < total,
+        })
     }
 
     fn write(&self, path: &Path, content: &str) -> Result<(), String> {
Diff in /Users/runner/work/Solomni/Solomni/src/adapters/yaml_settings.rs:39:
 }
 
 impl YamlSettingsStore {
-    pub fn new(providers_path: PathBuf, models_path: PathBuf, settings_path: PathBuf, agents_path: PathBuf) -> YamlSettingsStore {
-        YamlSettingsStore { providers_path, models_path, settings_path, agents_path }
+    pub fn new(
+        providers_path: PathBuf,
+        models_path: PathBuf,
+        settings_path: PathBuf,
+        agents_path: PathBuf,
+    ) -> YamlSettingsStore {
+        YamlSettingsStore {
+            providers_path,
+            models_path,
+            settings_path,
+            agents_path,
+        }
     }
 
     /// 写一个 yaml 文件：建目录 → 写盘 → unix 下 0600。
Diff in /Users/runner/work/Solomni/Solomni/src/adapters/yaml_settings.rs:61:
 impl SettingsStore for YamlSettingsStore {
     fn load(&self) -> Result<Settings, String> {
         let providers = match std::fs::read_to_string(&self.providers_path) {
-            Ok(t) => serde_yaml::from_str::<ProvidersFile>(&t)
-                .map_err(|e| format!("providers.yaml 非法：{}", e))?
-                .providers,
+            Ok(t) => {
+                serde_yaml::from_str::<ProvidersFile>(&t)
+                    .map_err(|e| format!("providers.yaml 非法：{}", e))?
+                    .providers
+            }
             Err(e) if e.kind() == std::io::ErrorKind::NotFound => BTreeMap::new(),
             Err(e) => return Err(e.to_string()),
         };
Diff in /Users/runner/work/Solomni/Solomni/src/adapters/yaml_settings.rs:70:
         let (models, core) = match std::fs::read_to_string(&self.models_path) {
             Ok(t) => {
-                let f: ModelsFile = serde_yaml::from_str(&t).map_err(|e| format!("models.yaml 非法：{}", e))?;
+                let f: ModelsFile =
+                    serde_yaml::from_str(&t).map_err(|e| format!("models.yaml 非法：{}", e))?;
                 (f.models, f.core)
             }
             Err(e) if e.kind() == std::io::ErrorKind::NotFound => (BTreeMap::new(), None),
Diff in /Users/runner/work/Solomni/Solomni/src/adapters/yaml_settings.rs:76:
             Err(e) => return Err(e.to_string()),
         };
         let app = match std::fs::read_to_string(&self.settings_path) {
-            Ok(t) => serde_yaml::from_str::<AppSettings>(&t).map_err(|e| format!("settings.yaml 非法：{}", e))?,
+            Ok(t) => serde_yaml::from_str::<AppSettings>(&t)
+                .map_err(|e| format!("settings.yaml 非法：{}", e))?,
             Err(e) if e.kind() == std::io::ErrorKind::NotFound => AppSettings::default(),
             Err(e) => return Err(e.to_string()),
         };
Diff in /Users/runner/work/Solomni/Solomni/src/adapters/yaml_settings.rs:83:
         let agents = match std::fs::read_to_string(&self.agents_path) {
-            Ok(t) => serde_yaml::from_str::<AgentsFile>(&t).map_err(|e| format!("agents.yaml 非法：{}", e))?.agents,
+            Ok(t) => {
+                serde_yaml::from_str::<AgentsFile>(&t)
+                    .map_err(|e| format!("agents.yaml 非法：{}", e))?
+                    .agents
+            }
             Err(e) if e.kind() == std::io::ErrorKind::NotFound => Agents::new(),
             Err(e) => return Err(e.to_string()),
         };
Diff in /Users/runner/work/Solomni/Solomni/src/adapters/yaml_settings.rs:88:
-        Ok(Settings { providers, models, core, app, agents })
+        Ok(Settings {
+            providers,
+            models,
+            core,
+            app,
+            agents,
+        })
     }
 
     fn save(&self, settings: &Settings) -> Result<(), String> {
Diff in /Users/runner/work/Solomni/Solomni/src/adapters/yaml_settings.rs:92:
-        let providers = ProvidersFile { providers: settings.providers.clone() };
+        let providers = ProvidersFile {
+            providers: settings.providers.clone(),
+        };
         let text = serde_yaml::to_string(&providers).map_err(|e| e.to_string())?;
         Self::write(&self.providers_path, &text)?;
 
Diff in /Users/runner/work/Solomni/Solomni/src/adapters/yaml_settings.rs:96:
-        let models = ModelsFile { models: settings.models.clone(), core: settings.core.clone() };
+        let models = ModelsFile {
+            models: settings.models.clone(),
+            core: settings.core.clone(),
+        };
         let text = serde_yaml::to_string(&models).map_err(|e| e.to_string())?;
         Self::write(&self.models_path, &text)?;
 
Diff in /Users/runner/work/Solomni/Solomni/src/adapters/yaml_settings.rs:100:
         let text = serde_yaml::to_string(&settings.app).map_err(|e| e.to_string())?;
         Self::write(&self.settings_path, &text)?;
 
-        let agents = AgentsFile { agents: settings.agents.clone() };
+        let agents = AgentsFile {
+            agents: settings.agents.clone(),
+        };
         let text = serde_yaml::to_string(&agents).map_err(|e| e.to_string())?;
         Self::write(&self.agents_path, &text)?;
         Ok(())
Diff in /Users/runner/work/Solomni/Solomni/src/contract_tests.rs:91:
 }
 
 impl crate::core::ports::ChatGateway for SlowGateway {
-    fn probe_tools(&self, _c: &crate::core::providers::Channel) -> Result<crate::core::ports::ProbeOutcome, String> {
+    fn probe_tools(
+        &self,
+        _c: &crate::core::providers::Channel,
+    ) -> Result<crate::core::ports::ProbeOutcome, String> {
         Err("脚本替身没有真实供应商，测不了工具调用支持".to_string())
     }
     fn member_channel(
Diff in /Users/runner/work/Solomni/Solomni/src/contract_tests.rs:137:
     let ops = crate::core::api::Ops::from_handle(&handle);
     (handle, ops, ticks)
 }
+
Diff in /Users/runner/work/Solomni/Solomni/src/core/agents.rs:70:
     known
         .iter()
         .map(|(name, a)| {
-            let model = a.model.clone().unwrap_or_else(|| prompts.core.no_model.clone());
-            let note = if a.note.trim().is_empty() { String::new() } else { format!("；{}", a.note.trim()) };
+            let model = a
+                .model
+                .clone()
+                .unwrap_or_else(|| prompts.core.no_model.clone());
+            let note = if a.note.trim().is_empty() {
+                String::new()
+            } else {
+                format!("；{}", a.note.trim())
+            };
             texts.render(
                 &texts.agent_listing_line,
                 &[
Diff in /Users/runner/work/Solomni/Solomni/src/core/agents.rs:87:
 }
 
 /// 可用模型清单（拟名单时给模型看）：id / 名称 / api_model / 说明。
-pub fn model_listing(models: &BTreeMap<String, ModelEntry>, texts: &crate::core::prompt::ToolTexts) -> String {
+pub fn model_listing(
+    models: &BTreeMap<String, ModelEntry>,
+    texts: &crate::core::prompt::ToolTexts,
+) -> String {
     models
         .iter()
         .map(|(id, m)| {
Diff in /Users/runner/work/Solomni/Solomni/src/core/agents.rs:94:
-            let note = if m.note.trim().is_empty() { String::new() } else { format!("；{}", m.note) };
+            let note = if m.note.trim().is_empty() {
+                String::new()
+            } else {
+                format!("；{}", m.note)
+            };
             texts.render(
                 &texts.model_listing_line,
-                &[("id", id.clone()), ("name", m.name.clone()), ("api_model", m.api_model.clone()), ("note", note)],
+                &[
+                    ("id", id.clone()),
+                    ("name", m.name.clone()),
+                    ("api_model", m.api_model.clone()),
+                    ("note", note),
+                ],
             )
         })
         .collect::<Vec<_>>()
Diff in /Users/runner/work/Solomni/Solomni/src/core/agents.rs:106:
 #[serde(untagged)]
 pub enum RosterPick {
     /// 复用：只报登记处里的 agent 名。
-    Reuse { agent: String, #[serde(default)] why: String },
+    Reuse {
+        agent: String,
+        #[serde(default)]
+        why: String,
+    },
     /// 组装：给出新实例的名字、模块与模型。
     Build {
         #[serde(default)]
Diff in /Users/runner/work/Solomni/Solomni/src/core/agents.rs:144:
         // 复用项以登记处为准（模块与模型都取它自己的，核心不代拟模型）。
         let (base, modules, model, transient) = match p {
             RosterPick::Reuse { agent, .. } => match known.get(agent.trim()) {
-                Some(a) => (agent.trim().to_string(), a.modules.clone(), a.model.clone(), false),
+                Some(a) => (
+                    agent.trim().to_string(),
+                    a.modules.clone(),
+                    a.model.clone(),
+                    false,
+                ),
                 None => {
                     rejected.push(format!("agent {} 不在登记处", agent.trim()));
                     continue;
Diff in /Users/runner/work/Solomni/Solomni/src/core/agents.rs:151:
                 }
             },
-            RosterPick::Build { name, modules, model, .. } => {
-                let label = if name.trim().is_empty() { "组装项".to_string() } else { name.trim().to_string() };
+            RosterPick::Build {
+                name,
+                modules,
+                model,
+                ..
+            } => {
+                let label = if name.trim().is_empty() {
+                    "组装项".to_string()
+                } else {
+                    name.trim().to_string()
+                };
                 if !models.contains_key(&model) {
                     rejected.push(format!("{} 指定的模型 {} 不存在", label, model));
                     continue;
Diff in /Users/runner/work/Solomni/Solomni/src/core/agents.rs:183:
             continue;
         }
         // 名字不合法就用首个模块 id 兜底；同名单内重名追加尾号。
-        let name = if validate_name(&base).is_ok() { base } else { local[0].clone() };
+        let name = if validate_name(&base).is_ok() {
+            base
+        } else {
+            local[0].clone()
+        };
         let name = unique_instance_name(&name, &names);
         names.push(name.clone());
         used.extend(local.iter().cloned());
Diff in /Users/runner/work/Solomni/Solomni/src/core/agents.rs:190:
-        out.push((AgentMeta { name, transient, modules: local, model }, why));
+        out.push((
+            AgentMeta {
+                name,
+                transient,
+                modules: local,
+                model,
+            },
+            why,
+        ));
     }
     (out, rejected)
 }
Diff in /Users/runner/work/Solomni/Solomni/src/core/collab.rs:5:
 //! 依赖全部为端口与核心数据；无 IO，无具体适配器。
 
 use crate::core::agents::{self, RosterPick};
-use crate::core::engine::{Discussion, Execution, Member, MemberTools, TurnOut, MAX_REWORK, MAX_ROUNDS};
+use crate::core::engine::{
+    Discussion, Execution, Member, MemberTools, TurnOut, MAX_REWORK, MAX_ROUNDS,
+};
 use crate::core::envelope;
 use crate::core::events::{CheckView, LineView, Pending, SessionEvent};
+use crate::core::exec::{self, ExecSpec};
 use crate::core::history::{AgentMeta, SessionMeta};
 use crate::core::module::{self, Module};
-use crate::core::exec::{self, ExecSpec};
-use crate::core::ports::{ChatGateway, CompleteOpts, ModuleSource, Msg, PackageSource, SysIo, ToolRunner};
+use crate::core::ports::{
+    ChatGateway, CompleteOpts, ModuleSource, Msg, PackageSource, SysIo, ToolRunner,
+};
 use crate::core::prompt::Prompts;
 use crate::core::providers::Settings;
 use crate::core::workspace::Sandboxes;
Diff in /Users/runner/work/Solomni/Solomni/src/core/collab.rs:127:
     /// 生成一条带 id 的转录行（工具行另走 tool_line，带调用视图）。
     fn view(&mut self, line: String) -> LineView {
         // 协作的讨论行各自成一条回复（协作的模型上下文不是从转录重建的，这个号只用于显示与分组一致）。
-        let v = LineView { id: self.next_line, reply: self.next_line, line, ..Default::default() };
+        let v = LineView {
+            id: self.next_line,
+            reply: self.next_line,
+            line,
+            ..Default::default()
+        };
         self.next_line += 1;
         v
     }
Diff in /Users/runner/work/Solomni/Solomni/src/core/collab.rs:149:
     /// 提交需求（总是第一步）。需求入转录（用户看到的与进上下文的一致）。
     /// 协作里用户不属任何 agent 的沙箱：@ 引用按 speaker = None 改写（共读同一段文字）。
     pub fn set_task(&mut self, task: &str, sink: &mut dyn FnMut(SessionEvent)) {
-        let roots = crate::core::refs::RefRoots { work: self.sandboxes.shared.clone(), private: None };
+        let roots = crate::core::refs::RefRoots {
+            work: self.sandboxes.shared.clone(),
+            private: None,
+        };
         let task = crate::core::refs::rewrite(task, None, &roots, &self.prompts.core.refs);
         if task.trim().is_empty() {
             sink(SessionEvent::Notice("[取消] 需求为空".into()));
Diff in /Users/runner/work/Solomni/Solomni/src/core/collab.rs:163:
         if self.delegated {
             self.draft_slate(sink);
         } else {
-            sink(SessionEvent::Notice(format!("[建组] {}", self.names().join(" + "))));
+            sink(SessionEvent::Notice(format!(
+                "[建组] {}",
+                self.names().join(" + ")
+            )));
             self.pending = Some(Pending::ConfirmBegin);
         }
     }
Diff in /Users/runner/work/Solomni/Solomni/src/core/collab.rs:181:
                 ("task", self.task.clone()),
             ],
         );
-        let msgs = vec![Msg::system(self.prompts.core.slate.system.clone()), Msg::user(user)];
-        let raw = self.core_chat.complete(&msgs, CompleteOpts::plain(false), &mut |_| true).raw;
-        let parsed = envelope::extract_json_object(&raw).and_then(|obj| serde_json::from_str::<SlateReply>(&obj).ok());
+        let msgs = vec![
+            Msg::system(self.prompts.core.slate.system.clone()),
+            Msg::user(user),
+        ];
+        let raw = self
+            .core_chat
+            .complete(&msgs, CompleteOpts::plain(false), &mut |_| true)
+            .raw;
+        let parsed = envelope::extract_json_object(&raw)
+            .and_then(|obj| serde_json::from_str::<SlateReply>(&obj).ok());
         let Some(slate) = parsed else {
-            sink(SessionEvent::Notice("[错误] 代拟失败（模型无响应格式）。请直接点名 agent。".into()));
+            sink(SessionEvent::Notice(
+                "[错误] 代拟失败（模型无响应格式）。请直接点名 agent。".into(),
+            ));
             sink(SessionEvent::Ended);
             self.done = true;
             return;
Diff in /Users/runner/work/Solomni/Solomni/src/core/collab.rs:192:
         };
         // 逐条校验（存在性、模型真实、整份名单内模块不重复）；拒收项如实告知。
-        let (picks, rejected) = agents::resolve_picks(slate.picks, &self.settings.agents, &roster, &self.settings.models);
+        let (picks, rejected) = agents::resolve_picks(
+            slate.picks,
+            &self.settings.agents,
+            &roster,
+            &self.settings.models,
+        );
         for r in rejected {
             sink(SessionEvent::Notice(format!("[代拟] {}，拒收", r)));
         }
Diff in /Users/runner/work/Solomni/Solomni/src/core/collab.rs:203:
         }
         let line = self.view(format!(
             "[代拟] {}",
-            picks.iter().map(|(a, why)| slate_item(a, why)).collect::<Vec<_>>().join("；")
+            picks
+                .iter()
+                .map(|(a, why)| slate_item(a, why))
+                .collect::<Vec<_>>()
+                .join("；")
         ));
         sink(SessionEvent::Transcript(vec![line]));
         self.slate_picks = picks.into_iter().map(|(a, _)| a).collect();
Diff in /Users/runner/work/Solomni/Solomni/src/core/collab.rs:223:
         if self.slate_picks.is_empty() {
             // 名单只活在内存里（落档发生在确认之后）；重启后回来会空手。
             // 与其拿着空名单开工，不如如实告知并重新拟一份（名单本来就是要用户过目的提案）。
-            sink(SessionEvent::Notice("[提示] 上次拟的名单未落档（重启会丢），重新拟一份，请再确认。".into()));
+            sink(SessionEvent::Notice(
+                "[提示] 上次拟的名单未落档（重启会丢），重新拟一份，请再确认。".into(),
+            ));
             self.draft_slate(sink);
             return;
         }
Diff in /Users/runner/work/Solomni/Solomni/src/core/collab.rs:230:
         self.roster = self.slate_picks.clone();
-        sink(SessionEvent::Notice(format!("[建组] {}", self.names().join(" + "))));
+        sink(SessionEvent::Notice(format!(
+            "[建组] {}",
+            self.names().join(" + ")
+        )));
         self.pending = Some(Pending::ConfirmBegin);
     }
 
Diff in /Users/runner/work/Solomni/Solomni/src/core/collab.rs:238:
             return;
         }
         self.allow = allow;
-        let line = self.view(format!("[用户:开始] {}", if allow { "yes,allow" } else { "yes" }));
+        let line = self.view(format!(
+            "[用户:开始] {}",
+            if allow { "yes,allow" } else { "yes" }
+        ));
         sink(SessionEvent::Transcript(vec![line]));
         let prompts = self.prompts.clone();
         let (members, notes) = match self.assemble_members() {
Diff in /Users/runner/work/Solomni/Solomni/src/core/collab.rs:252:
             sink(SessionEvent::Notice(n));
         }
         if self.core_is_demo {
-            sink(SessionEvent::Notice("[提示] 核心未配置供应商：整理/验收使用内置假模型（演示）".into()));
+            sink(SessionEvent::Notice(
+                "[提示] 核心未配置供应商：整理/验收使用内置假模型（演示）".into(),
+            ));
         }
         let mut disc = Discussion::new(members, self.allow, prompts);
         disc.open(&self.task);
Diff in /Users/runner/work/Solomni/Solomni/src/core/collab.rs:264:
     pub fn answer(&mut self, text: &str, sink: &mut dyn FnMut(SessionEvent)) {
         if matches!(self.pending, Some(Pending::Ask { .. })) {
             self.pending = None;
-            let roots = crate::core::refs::RefRoots { work: self.sandboxes.shared.clone(), private: None };
+            let roots = crate::core::refs::RefRoots {
+                work: self.sandboxes.shared.clone(),
+                private: None,
+            };
             let text = crate::core::refs::rewrite(text, None, &roots, &self.prompts.core.refs);
             if let Some(disc) = self.disc.as_mut() {
                 disc.pending_user_answers.push(text);
Diff in /Users/runner/work/Solomni/Solomni/src/core/collab.rs:296:
                         let round = self.disc.as_ref().expect("disc 存在").round;
                         let over_cap = round > MAX_ROUNDS;
                         if over_cap {
-                            sink(SessionEvent::Notice("[上限] 讨论轮次超限，交用户裁决。".into()));
+                            sink(SessionEvent::Notice(
+                                "[上限] 讨论轮次超限，交用户裁决。".into(),
+                            ));
                         }
                         sink(SessionEvent::DiscussionDone { round, over_cap });
                         break;
Diff in /Users/runner/work/Solomni/Solomni/src/core/collab.rs:308:
         let plan = match self.plan.clone() {
             Some(p) => p,
             None => {
-                let p = self.disc.as_ref().expect("disc 存在").synthesize(self.core_chat.as_mut());
+                let p = self
+                    .disc
+                    .as_ref()
+                    .expect("disc 存在")
+                    .synthesize(self.core_chat.as_mut());
                 self.plan = Some(p.clone());
                 sink(SessionEvent::Plan(p.clone()));
                 p
Diff in /Users/runner/work/Solomni/Solomni/src/core/collab.rs:315:
             }
         };
         // 执行 → 验收 → 返工（上限内）→ 交付。
-        let members = self.disc.as_mut().expect("disc 存在").members.as_mut_slice();
+        let members = self
+            .disc
+            .as_mut()
+            .expect("disc 存在")
+            .members
+            .as_mut_slice();
         let mut exec = Execution::run(members, &plan, &prompts);
         for (id, text) in &exec.reports {
             emit_tool_lines(&exec, id, &mut self.next_line, sink);
Diff in /Users/runner/work/Solomni/Solomni/src/core/collab.rs:322:
-            sink(SessionEvent::Report { id: id.clone(), text: text.clone(), rework: 0 });
+            sink(SessionEvent::Report {
+                id: id.clone(),
+                text: text.clone(),
+                rework: 0,
+            });
         }
         exec.review(self.core_chat.as_mut(), &plan, &prompts);
         sink(review_event(&exec));
Diff in /Users/runner/work/Solomni/Solomni/src/core/collab.rs:326:
         while !exec.all_pass() && exec.rework < MAX_REWORK {
-            sink(SessionEvent::Notice(format!("[返工] 第 {} 次（上限 {}）", exec.rework + 1, MAX_REWORK)));
+            sink(SessionEvent::Notice(format!(
+                "[返工] 第 {} 次（上限 {}）",
+                exec.rework + 1,
+                MAX_REWORK
+            )));
             let review_text = fail_text(&exec);
-            let members = self.disc.as_mut().expect("disc 存在").members.as_mut_slice();
+            let members = self
+                .disc
+                .as_mut()
+                .expect("disc 存在")
+                .members
+                .as_mut_slice();
             exec.rerun(members, &plan, &review_text, &prompts);
             for (id, text) in &exec.reports {
                 emit_tool_lines(&exec, id, &mut self.next_line, sink);
Diff in /Users/runner/work/Solomni/Solomni/src/core/collab.rs:333:
-                sink(SessionEvent::Report { id: id.clone(), text: text.clone(), rework: exec.rework });
+                sink(SessionEvent::Report {
+                    id: id.clone(),
+                    text: text.clone(),
+                    rework: exec.rework,
+                });
             }
             exec.review(self.core_chat.as_mut(), &plan, &prompts);
             sink(review_event(&exec));
Diff in /Users/runner/work/Solomni/Solomni/src/core/collab.rs:337:
         }
         let ok = exec.all_pass();
-        sink(SessionEvent::Delivery { ok, over_rework: !ok });
+        sink(SessionEvent::Delivery {
+            ok,
+            over_rework: !ok,
+        });
         sink(SessionEvent::Ended);
         self.done = true;
     }
Diff in /Users/runner/work/Solomni/Solomni/src/core/collab.rs:354:
             let modules: Vec<Module> = a
                 .modules
                 .iter()
-                .filter_map(|id| roster.modules.iter().find(|m| &m.manifest.id == id).cloned())
+                .filter_map(|id| {
+                    roster
+                        .modules
+                        .iter()
+                        .find(|m| &m.manifest.id == id)
+                        .cloned()
+                })
                 .collect();
             if modules.len() != a.modules.len() {
                 let missing: Vec<String> = a
Diff in /Users/runner/work/Solomni/Solomni/src/core/collab.rs:363:
                     .filter(|id| !roster.modules.iter().any(|m| &&m.manifest.id == id))
                     .cloned()
                     .collect();
-                return Err(format!("agent {} 的模块已不在清单：{}", a.name, missing.join("、")));
+                return Err(format!(
+                    "agent {} 的模块已不在清单：{}",
+                    a.name,
+                    missing.join("、")
+                ));
             }
             let channel = a
                 .model
Diff in /Users/runner/work/Solomni/Solomni/src/core/collab.rs:374:
             if let Some(n) = note {
                 notes.push(n);
             }
-            let sandbox = self
-                .sandboxes
-                .for_agent(&a.name)
-                .cloned()
-                .ok_or_else(|| format!("agent {} 没有被分配沙箱（工作区未记录该 agent）", a.name))?;
+            let sandbox = self.sandboxes.for_agent(&a.name).cloned().ok_or_else(|| {
+                format!("agent {} 没有被分配沙箱（工作区未记录该 agent）", a.name)
+            })?;
             let guide = crate::core::systool::guide(&prompts, &sandbox);
             // 形态按该 agent 的模型（或核心默认）解析：系统提示与实际协议必须一致
             let mode = if channel.is_some() {
Diff in /Users/runner/work/Solomni/Solomni/src/core/collab.rs:422:
         if self.delegated && self.slate_picks.is_empty() && self.roster.is_empty() {
             self.draft_slate(sink);
         } else {
-            sink(SessionEvent::Notice("[提示] 等待你在裁决门确认名单 / 开始讨论。".into()));
+            sink(SessionEvent::Notice(
+                "[提示] 等待你在裁决门确认名单 / 开始讨论。".into(),
+            ));
         }
     }
 
Diff in /Users/runner/work/Solomni/Solomni/src/core/collab.rs:467:
                         if let Some(s) = l.get("line").and_then(|x| x.as_str()) {
                             all_lines.push(crate::core::engine::DiscLine {
                                 text: s.to_string(),
-                                degraded: l.get("degraded").and_then(|d| d.as_bool()).unwrap_or(false),
+                                degraded: l
+                                    .get("degraded")
+                                    .and_then(|d| d.as_bool())
+                                    .unwrap_or(false),
                             });
                         }
                     }
Diff in /Users/runner/work/Solomni/Solomni/src/core/collab.rs:537:
 /// 代拟行里的一项（只给人看）：复用项标出来，组装项带上模块与模型。
 fn slate_item(a: &AgentMeta, why: &str) -> String {
     if a.transient {
-        format!("{}〈{}〉→ {}（{}）", a.name, a.modules.join(","), a.model.clone().unwrap_or_default(), why)
+        format!(
+            "{}〈{}〉→ {}（{}）",
+            a.name,
+            a.modules.join(","),
+            a.model.clone().unwrap_or_default(),
+            why
+        )
     } else {
         format!("{}（复用；{}）", a.name, why)
     }
Diff in /Users/runner/work/Solomni/Solomni/src/core/collab.rs:557:
         }
         return None;
     }
-    st.pending_ask
-        .as_ref()
-        .map(|(m, q)| Pending::Ask { member: m.clone(), question: q.clone() })
+    st.pending_ask.as_ref().map(|(m, q)| Pending::Ask {
+        member: m.clone(),
+        question: q.clone(),
+    })
 }
 
 /// 某 agent 的工具调用各发一条 tool 转录行（行文本沿用「成员:tool 模块.工具 → 成败」口径）。
Diff in /Users/runner/work/Solomni/Solomni/src/core/collab.rs:566:
-fn emit_tool_lines(exec: &Execution, id: &str, next_line: &mut u64, sink: &mut dyn FnMut(SessionEvent)) {
+fn emit_tool_lines(
+    exec: &Execution,
+    id: &str,
+    next_line: &mut u64,
+    sink: &mut dyn FnMut(SessionEvent),
+) {
     for v in exec.traces.get(id).into_iter().flatten() {
         let status = if v.ok { "成功" } else { "失败" };
         let line = format!("[{}:tool] {} → {}", id, v.label(), status);
Diff in /Users/runner/work/Solomni/Solomni/src/core/collab.rs:580:
 }
 
 /// 发出自上次以来的新转录行（增量），逐行分配会话内稳定 id。
-fn push_delta(disc: &Discussion, emitted: &mut usize, next_line: &mut u64, sink: &mut dyn FnMut(SessionEvent)) {
+fn push_delta(
+    disc: &Discussion,
+    emitted: &mut usize,
+    next_line: &mut u64,
+    sink: &mut dyn FnMut(SessionEvent),
+) {
     if disc.transcript.len() > *emitted {
         let views: Vec<LineView> = disc.transcript[*emitted..]
             .iter()
Diff in /Users/runner/work/Solomni/Solomni/src/core/collab.rs:608:
         .map(|i| CheckView {
             item: i.item.clone(),
             status: i.status.clone(),
-            note: i.reason.clone().or_else(|| i.evidence.clone()).unwrap_or_default(),
+            note: i
+                .reason
+                .clone()
+                .or_else(|| i.evidence.clone())
+                .unwrap_or_default(),
         })
         .collect();
-    SessionEvent::Review { items, raw: exec.checklist_raw.clone() }
+    SessionEvent::Review {
+        items,
+        raw: exec.checklist_raw.clone(),
+    }
 }
 
 fn fail_text(exec: &Execution) -> String {
Diff in /Users/runner/work/Solomni/Solomni/src/core/collab.rs:620:
         .filter(|i| !i.status.eq_ignore_ascii_case("pass"))
         .map(|i| format!("- {}：{}", i.item, i.reason.clone().unwrap_or_default()))
         .collect::<Vec<_>>()
-        .join("
-")
+        .join(
+            "
+",
+        )
 }
 
 /// 代拟/推荐共用的应答形状：名单项（复用或组装）。
Diff in /Users/runner/work/Solomni/Solomni/src/core/collab_state.rs:71:
         let kind = ev.get("type").and_then(|t| t.as_str()).unwrap_or("");
         match kind {
             "transcript" => {
-                let Some(lines) = ev.get("lines").and_then(|l| l.as_array()) else { continue };
+                let Some(lines) = ev.get("lines").and_then(|l| l.as_array()) else {
+                    continue;
+                };
                 for l in lines {
-                    let Some(line) = l.get("line").and_then(|x| x.as_str()) else { continue };
-                    let Some((tag, text)) = split_tag(line) else { continue };
+                    let Some(line) = l.get("line").and_then(|x| x.as_str()) else {
+                        continue;
+                    };
+                    let Some((tag, text)) = split_tag(line) else {
+                        continue;
+                    };
                     if tag == "用户:需求" {
                         st.task = Some(text.to_string());
                     } else if tag == "用户:撤回" {
Diff in /Users/runner/work/Solomni/Solomni/src/core/collab_state.rs:97:
                     } else if tag == "core" {
                         st.pending_ask = None;
                     } else if tag == "轮次" || tag.starts_with("轮次 ") {
-                        st.round = tag.split_whitespace().nth(1).and_then(|n| n.parse().ok()).unwrap_or(st.round);
+                        st.round = tag
+                            .split_whitespace()
+                            .nth(1)
+                            .and_then(|n| n.parse().ok())
+                            .unwrap_or(st.round);
                         st.closed = false;
                         reset_agreed(&mut st);
                     } else if tag.contains(':') {
Diff in /Users/runner/work/Solomni/Solomni/src/core/collab_state.rs:115:
                 }
             }
             "discussion_done" => st.closed = true,
-            "plan" => st.plan = ev.get("text").and_then(|t| t.as_str()).map(|s| s.to_string()),
+            "plan" => {
+                st.plan = ev
+                    .get("text")
+                    .and_then(|t| t.as_str())
+                    .map(|s| s.to_string())
+            }
             "report" => {
-                let id = ev.get("id").and_then(|t| t.as_str()).unwrap_or("").to_string();
-                let text = ev.get("text").and_then(|t| t.as_str()).unwrap_or("").to_string();
+                let id = ev
+                    .get("id")
+                    .and_then(|t| t.as_str())
+                    .unwrap_or("")
+                    .to_string();
+                let text = ev
+                    .get("text")
+                    .and_then(|t| t.as_str())
+                    .unwrap_or("")
+                    .to_string();
                 let rework = ev.get("rework").and_then(|t| t.as_u64()).unwrap_or(0) as usize;
                 st.report_rework(id, text, rework);
             }
Diff in /Users/runner/work/Solomni/Solomni/src/core/collab_state.rs:125:
             "review" => {
-                let items = ev.get("items").and_then(|t| t.as_array()).cloned().unwrap_or_default();
+                let items = ev
+                    .get("items")
+                    .and_then(|t| t.as_array())
+                    .cloned()
+                    .unwrap_or_default();
                 st.review_pass = !items.is_empty()
                     && items.iter().all(|i| {
-                        i.get("status").and_then(|s| s.as_str()).map(|s| s.eq_ignore_ascii_case("pass")).unwrap_or(false)
+                        i.get("status")
+                            .and_then(|s| s.as_str())
+                            .map(|s| s.eq_ignore_ascii_case("pass"))
+                            .unwrap_or(false)
                     });
-                st.review_raw = ev.get("raw").and_then(|t| t.as_str()).map(|s| s.to_string());
+                st.review_raw = ev
+                    .get("raw")
+                    .and_then(|t| t.as_str())
+                    .map(|s| s.to_string());
             }
             "delivery" => st.delivery = ev.get("ok").and_then(|t| t.as_bool()),
             "ended" => st.ended = true,
Diff in /Users/runner/work/Solomni/Solomni/src/core/collab_state.rs:141:
         let picked = st.picked.clone();
         let all = !picked.is_empty()
             && picked.iter().all(|id| {
-                st.present.get(id).copied().unwrap_or(true) && st.agreed.get(id).copied().unwrap_or(false)
+                st.present.get(id).copied().unwrap_or(true)
+                    && st.agreed.get(id).copied().unwrap_or(false)
             });
         if all {
             st.closed = true;
Diff in /Users/runner/work/Solomni/Solomni/src/core/engine.rs:120:
             if let Some(r) = l.get("reply").and_then(|x| x.as_u64()) {
                 max = max.max(r);
             }
-            if let Some(r) = l.get("tool").and_then(|t| t.get("reply")).and_then(|x| x.as_u64()) {
+            if let Some(r) = l
+                .get("tool")
+                .and_then(|t| t.get("reply"))
+                .and_then(|x| x.as_u64())
+            {
                 max = max.max(r);
             }
         }
Diff in /Users/runner/work/Solomni/Solomni/src/core/engine.rs:196:
 /// 未声明 = 独占串行；**没写 module 的外部工具也按独占**（那要等 dispatch 才知道是哪个模块，核心不猜）。
 fn is_parallel(ctx: &MemberTools, module: Option<&str>, name: &str) -> bool {
     match module {
-        Some(id) => ctx.modules.get(id).map(|m| m.parallel.contains(name)).unwrap_or(false),
+        Some(id) => ctx
+            .modules
+            .get(id)
+            .map(|m| m.parallel.contains(name))
+            .unwrap_or(false),
         None => {
             crate::core::systool::is_builtin(name)
-                && ctx.sandbox.builtin_tools.get(name).map(|s| s.parallel).unwrap_or(false)
+                && ctx
+                    .sandbox
+                    .builtin_tools
+                    .get(name)
+                    .map(|s| s.parallel)
+                    .unwrap_or(false)
         }
     }
 }
Diff in /Users/runner/work/Solomni/Solomni/src/core/engine.rs:243:
             i += 1;
         }
     }
-    done.into_iter().map(|d| d.expect("每个调用都有执行结果")).collect()
+    done.into_iter()
+        .map(|d| d.expect("每个调用都有执行结果"))
+        .collect()
 }
 
 /// 本成员这次请求要声明的工具（原生通道用）：内置工具 + 模块工具。
Diff in /Users/runner/work/Solomni/Solomni/src/core/engine.rs:263:
     }
     let patch = crate::core::systool::patch_decl();
     taken.push(patch.name.clone());
-    decls
-        .wire
-        .insert(patch.name.clone(), (None, crate::core::systool::PATCH.to_string()));
+    decls.wire.insert(
+        patch.name.clone(),
+        (None, crate::core::systool::PATCH.to_string()),
+    );
     decls.list.push(patch);
     for (id, mt) in &ctx.modules {
         for tool in mt.commands.keys() {
Diff in /Users/runner/work/Solomni/Solomni/src/core/engine.rs:311:
     let texts = &ctx.sandbox.texts;
     ToolOutcome {
         ok: false,
-        output: texts.render(&texts.available_wrapper, &[("why", why), ("tools", available_tools(ctx))]),
+        output: texts.render(
+            &texts.available_wrapper,
+            &[("why", why), ("tools", available_tools(ctx))],
+        ),
     }
 }
 
Diff in /Users/runner/work/Solomni/Solomni/src/core/engine.rs:322:
         Some(m) => m.to_string(),
         None if ctx.modules.len() == 1 => ctx.modules.keys().next().cloned().unwrap_or_default(),
         None => {
-            let why = ctx
-                .sandbox
-                .texts
-                .render(&ctx.sandbox.texts.no_module_field, &[("tool", inv.name.clone())]);
+            let why = ctx.sandbox.texts.render(
+                &ctx.sandbox.texts.no_module_field,
+                &[("tool", inv.name.clone())],
+            );
             return (String::new(), deny(ctx, why));
         }
     };
Diff in /Users/runner/work/Solomni/Solomni/src/core/engine.rs:332:
     let Some(mt) = ctx.modules.get(&module) else {
-        let why = ctx.sandbox.texts.render(&ctx.sandbox.texts.unknown_module, &[("module", module.clone())]);
+        let why = ctx.sandbox.texts.render(
+            &ctx.sandbox.texts.unknown_module,
+            &[("module", module.clone())],
+        );
         return (module.clone(), deny(ctx, why));
     };
     // 运行包未就绪（本档位下该模块的工具不执行）：如实报缺哪个能力，让模型换工具或告诉用户。
Diff in /Users/runner/work/Solomni/Solomni/src/core/engine.rs:339:
             &ctx.sandbox.texts.module_unavailable,
             &[
                 ("module", module.clone()),
-                ("capability", caps.join(&ctx.sandbox.texts.tool_list_separator)),
+                (
+                    "capability",
+                    caps.join(&ctx.sandbox.texts.tool_list_separator),
+                ),
             ],
         );
         return (module.clone(), deny(ctx, why));
Diff in /Users/runner/work/Solomni/Solomni/src/core/engine.rs:353:
                 match serde_json::from_str::<serde_json::Value>(&inv.args_json) {
                     Ok(args) => {
                         if let Err(fault) = book.check(&args) {
-                            let why = crate::core::systool::arg_fault_text(&ctx.sandbox.texts, &full, book, &fault);
+                            let why = crate::core::systool::arg_fault_text(
+                                &ctx.sandbox.texts,
+                                &full,
+                                book,
+                                &fault,
+                            );
                             return (module.clone(), deny(ctx, why));
                         }
                     }
Diff in /Users/runner/work/Solomni/Solomni/src/core/engine.rs:360:
                     Err(e) => {
-                        let why = ctx
-                            .sandbox
-                            .texts
-                            .render(&ctx.sandbox.texts.bad_args_json, &[("error", e.to_string())]);
+                        let why = ctx.sandbox.texts.render(
+                            &ctx.sandbox.texts.bad_args_json,
+                            &[("error", e.to_string())],
+                        );
                         return (module.clone(), deny(ctx, why));
                     }
                 }
Diff in /Users/runner/work/Solomni/Solomni/src/core/engine.rs:368:
             }
-            (module, ctx.runner.run(&ctx.fence.at(&mt.root), command, &inv.args_json))
+            (
+                module,
+                ctx.runner
+                    .run(&ctx.fence.at(&mt.root), command, &inv.args_json),
+            )
         }
         None => {
             let why = ctx.sandbox.texts.render(
Diff in /Users/runner/work/Solomni/Solomni/src/core/engine.rs:390:
 
 impl Member {
     pub fn new(id: &str, system: String, chat: BoxedChat) -> Member {
-        Member { id: id.to_string(), system, chat, present: true, agreed: false, tools: None }
+        Member {
+            id: id.to_string(),
+            system,
+            chat,
+            present: true,
+            agreed: false,
+            tools: None,
+        }
     }
 }
 
Diff in /Users/runner/work/Solomni/Solomni/src/core/engine.rs:426:
 
 impl Discussion {
     pub fn new(members: Vec<Member>, allow_autonomy: bool, prompts: Prompts) -> Discussion {
-        Discussion { members, transcript: Vec::new(), round: 0, pending_user_answers: Vec::new(), closed: false, allow_autonomy, prompts }
+        Discussion {
+            members,
+            transcript: Vec::new(),
+            round: 0,
+            pending_user_answers: Vec::new(),
+            closed: false,
+            allow_autonomy,
+            prompts,
+        }
     }
 
     /// 首轮：聊天约定 + 用户需求（文案经提示词册渲染）。
Diff in /Users/runner/work/Solomni/Solomni/src/core/engine.rs:433:
     pub fn open(&mut self, task: &str) {
         let opener = self.prompts.render(
             &self.prompts.core.discuss.opener,
-            &[("protocol", self.prompts.core.chat_protocol.clone()), ("task", task.to_string())],
+            &[
+                ("protocol", self.prompts.core.chat_protocol.clone()),
+                ("task", task.to_string()),
+            ],
         );
         for i in 0..self.members.len() {
             let (system, id) = {
Diff in /Users/runner/work/Solomni/Solomni/src/core/engine.rs:441:
                 (m.system.clone(), m.id.clone())
             };
             let msgs = vec![Msg::system(system), Msg::user(opener.clone())];
-            let done = self.members[i].chat.complete(&msgs, CompleteOpts::plain(false), &mut |_| true);
+            let done =
+                self.members[i]
+                    .chat
+                    .complete(&msgs, CompleteOpts::plain(false), &mut |_| true);
             let reply = envelope::parse(&done.raw);
-            self.absorb(&id, reply.verb, reply.text, reply.degraded, done.truncated());
+            self.absorb(
+                &id,
+                reply.verb,
+                reply.text,
+                reply.degraded,
+                done.truncated(),
+            );
         }
         self.round = 1;
     }
Diff in /Users/runner/work/Solomni/Solomni/src/core/engine.rs:455:
             return TurnOut::Done;
         }
         // 轮次边界：本轮的发言都在这条之后（回放时据此重算「本轮谁已同意」）。
-        self.transcript.push(DiscLine { text: format!("[轮次 {}]", self.round + 1), degraded: false });
+        self.transcript.push(DiscLine {
+            text: format!("[轮次 {}]", self.round + 1),
+            degraded: false,
+        });
         // 用户回答优先转达。
         if let Some(ans) = self.pending_user_answers.first().cloned() {
             self.pending_user_answers.remove(0);
Diff in /Users/runner/work/Solomni/Solomni/src/core/engine.rs:462:
-            self.transcript.push(DiscLine { text: format!("[用户] {}", ans), degraded: false });
+            self.transcript.push(DiscLine {
+                text: format!("[用户] {}", ans),
+                degraded: false,
+            });
         }
         // 同意是针对方案的：转录变化后以本轮最新表态为准。
         for m in self.members.iter_mut() {
Diff in /Users/runner/work/Solomni/Solomni/src/core/engine.rs:478:
             }
             let step_prompt = self.prompts.render(
                 &self.prompts.core.discuss.step,
-                &[("transcript", snapshot.iter().map(|l| l.text.clone()).collect::<Vec<_>>().join("\n"))],
+                &[(
+                    "transcript",
+                    snapshot
+                        .iter()
+                        .map(|l| l.text.clone())
+                        .collect::<Vec<_>>()
+                        .join("\n"),
+                )],
             );
             let msgs = vec![Msg::system(system), Msg::user(step_prompt)];
-            let done = self.members[i].chat.complete(&msgs, CompleteOpts::plain(false), &mut |_| true);
+            let done =
+                self.members[i]
+                    .chat
+                    .complete(&msgs, CompleteOpts::plain(false), &mut |_| true);
             let reply = envelope::parse(&done.raw);
             let verb = reply.verb;
             let text = reply.text;
Diff in /Users/runner/work/Solomni/Solomni/src/core/engine.rs:494:
                 Verb::Ask => {
                     if self.allow_autonomy {
                         let note = self.prompts.core.discuss.autonomy_note.clone();
-                        self.transcript.push(DiscLine { text: note, degraded: false });
+                        self.transcript.push(DiscLine {
+                            text: note,
+                            degraded: false,
+                        });
                         continue;
                     }
-                    return TurnOut::AskUser { member: id, question: text };
+                    return TurnOut::AskUser {
+                        member: id,
+                        question: text,
+                    };
                 }
                 Verb::Say | Verb::Tool => {}
             }
Diff in /Users/runner/work/Solomni/Solomni/src/core/engine.rs:524:
         };
         let mut line = format!("[{}:{}] {}", id, tag, text);
         if degraded {
-            line.push_str(&self.prompts.render(&self.prompts.core.tool_texts.discuss_degraded, &[]));
+            line.push_str(
+                &self
+                    .prompts
+                    .render(&self.prompts.core.tool_texts.discuss_degraded, &[]),
+            );
         }
         // 被长度截断：如实写在行尾（与"降级"同一套做法）——模型与用户都看得到
         if truncated {
Diff in /Users/runner/work/Solomni/Solomni/src/core/engine.rs:531:
-            line.push_str(&self.prompts.render(&self.prompts.core.tool_texts.truncated_suffix, &[]));
+            line.push_str(
+                &self
+                    .prompts
+                    .render(&self.prompts.core.tool_texts.truncated_suffix, &[]),
+            );
         }
-        self.transcript.push(DiscLine { text: line, degraded });
+        self.transcript.push(DiscLine {
+            text: line,
+            degraded,
+        });
     }
 
     /// 全员同意后：核心整理——总结讨论，为每个留下的成员写执行任务提示词。
Diff in /Users/runner/work/Solomni/Solomni/src/core/engine.rs:537:
     pub fn synthesize(&self, core_chat: &mut dyn Chat) -> String {
         let user = self.prompts.render(
             &self.prompts.core.synthesize.user,
-            &[("transcript", self.transcript.iter().map(|l| l.text.clone()).collect::<Vec<_>>().join("\n"))],
+            &[(
+                "transcript",
+                self.transcript
+                    .iter()
+                    .map(|l| l.text.clone())
+                    .collect::<Vec<_>>()
+                    .join("\n"),
+            )],
         );
-        let msgs = vec![Msg::system(self.prompts.core.synthesize.system.clone()), Msg::user(user)];
-        core_chat.complete(&msgs, CompleteOpts::plain(false), &mut |_| true).raw
+        let msgs = vec![
+            Msg::system(self.prompts.core.synthesize.system.clone()),
+            Msg::user(user),
+        ];
+        core_chat
+            .complete(&msgs, CompleteOpts::plain(false), &mut |_| true)
+            .raw
     }
 }
 
Diff in /Users/runner/work/Solomni/Solomni/src/core/engine.rs:570:
 
 impl Execution {
     pub fn new() -> Execution {
-        Execution { reports: BTreeMap::new(), traces: BTreeMap::new(), checklist_raw: String::new(), items: Vec::new(), rework: 0 }
+        Execution {
+            reports: BTreeMap::new(),
+            traces: BTreeMap::new(),
+            checklist_raw: String::new(),
+            items: Vec::new(),
+            rework: 0,
+        }
     }
 
     /// 执行：各在组成员按任务回报（文案经提示词册渲染）；声明了工具的成员走工具循环。
Diff in /Users/runner/work/Solomni/Solomni/src/core/engine.rs:577:
     pub fn run(members: &mut [Member], tasks: &str, prompts: &Prompts) -> Execution {
         let mut exec = Execution::new();
-        exec.collect_reports(members, prompts.render(&prompts.core.execute.user, &[("tasks", tasks.to_string())]));
+        exec.collect_reports(
+            members,
+            prompts.render(&prompts.core.execute.user, &[("tasks", tasks.to_string())]),
+        );
         exec
     }
 
Diff in /Users/runner/work/Solomni/Solomni/src/core/engine.rs:583:
     /// 返工：把验收差距发回各在组成员，重取回报（次数由调用方受 MAX_REWORK 约束）。
-    pub fn rerun(&mut self, members: &mut [Member], tasks: &str, review_text: &str, prompts: &Prompts) {
+    pub fn rerun(
+        &mut self,
+        members: &mut [Member],
+        tasks: &str,
+        review_text: &str,
+        prompts: &Prompts,
+    ) {
         self.rework += 1;
         for m in members.iter_mut() {
             if !m.present {
Diff in /Users/runner/work/Solomni/Solomni/src/core/engine.rs:592:
                 &[
                     ("tasks", tasks.to_string()),
                     ("review", review_text.to_string()),
-                    ("report", self.reports.get(&m.id).cloned().unwrap_or_default()),
+                    (
+                        "report",
+                        self.reports.get(&m.id).cloned().unwrap_or_default(),
+                    ),
                 ],
             );
             let (text, views) = self.collect_one(m, user);
Diff in /Users/runner/work/Solomni/Solomni/src/core/engine.rs:615:
 
     /// 单成员一次问询：拆字段借用（chat 可变 / tools 只读互不冲突），工具调用入册。
     fn collect_one(&mut self, m: &mut Member, user_prompt: String) -> (String, Vec<ToolCallView>) {
-        let Member { id, system, chat, tools, .. } = m;
-        converse(system, chat.as_mut(), tools.as_mut(), id, Msg::user(user_prompt))
+        let Member {
+            id,
+            system,
+            chat,
+            tools,
+            ..
+        } = m;
+        converse(
+            system,
+            chat.as_mut(),
+            tools.as_mut(),
+            id,
+            Msg::user(user_prompt),
+        )
     }
 
     /// 验收：核心对照方案逐项核对，输出结构化 pass/fail 清单。
Diff in /Users/runner/work/Solomni/Solomni/src/core/engine.rs:631:
             &prompts.core.review.user,
             &[("plan", plan.to_string()), ("reports", reports)],
         );
-        let msgs = vec![Msg::system(prompts.core.review.system.clone()), Msg::user(user)];
-        let raw = core_chat.complete(&msgs, CompleteOpts::plain(false), &mut |_| true).raw;
+        let msgs = vec![
+            Msg::system(prompts.core.review.system.clone()),
+            Msg::user(user),
+        ];
+        let raw = core_chat
+            .complete(&msgs, CompleteOpts::plain(false), &mut |_| true)
+            .raw;
         self.items = envelope::extract_json_array(&raw)
             .and_then(|arr| serde_json::from_str::<Vec<CheckItem>>(&arr).ok())
             .unwrap_or_default();
Diff in /Users/runner/work/Solomni/Solomni/src/core/engine.rs:641:
 
     pub fn all_pass(&self) -> bool {
         // 清单为空（解析失败）= 保守判否；有清单则逐项全过才通过。
-        !self.items.is_empty() && self.items.iter().all(|i| i.status.eq_ignore_ascii_case("pass"))
+        !self.items.is_empty()
+            && self
+                .items
+                .iter()
+                .all(|i| i.status.eq_ignore_ascii_case("pass"))
     }
 }
 
Diff in /Users/runner/work/Solomni/Solomni/src/core/engine.rs:929:
                         rounds.push(Round {
                             reply: reply_id,
                             // 正文只挂在本回复的第一条工具行上（只显示一条，不重复）
-                            text: if i == 0 { reply_text.clone() } else { String::new() },
+                            text: if i == 0 {
+                                reply_text.clone()
+                            } else {
+                                String::new()
+                            },
                             reasoning: std::mem::take(&mut reasoning),
-                            text_msgs: if i == 0 { vec![msgs_of[0].clone()] } else { Vec::new() },
-                            tool: Some(ToolRun { view, msgs: vec![msgs_of[i + 1].clone()] }),
+                            text_msgs: if i == 0 {
+                                vec![msgs_of[0].clone()]
+                            } else {
+                                Vec::new()
+                            },
+                            tool: Some(ToolRun {
+                                view,
+                                msgs: vec![msgs_of[i + 1].clone()],
+                            }),
                             finish: finish.clone(),
                         });
                         if rounds.len() >= MAX_TOOL_CALLS {
Diff in /Users/runner/work/Solomni/Solomni/src/core/engine.rs:971:
                             text: reply.text.clone(),
                             reasoning,
                             text_msgs: vec![msgs_of[0].clone()],
-                            tool: Some(ToolRun { view, msgs: vec![msgs_of[1].clone()] }),
+                            tool: Some(ToolRun {
+                                view,
+                                msgs: vec![msgs_of[1].clone()],
+                            }),
                             finish: finish.clone(),
                         });
                         if rounds.len() >= MAX_TOOL_CALLS {
Diff in /Users/runner/work/Solomni/Solomni/src/core/engine.rs:1023:
                     text: reply.text.clone(),
                     reasoning,
                     text_msgs: vec![msgs_of[0].clone()],
-                    tool: Some(ToolRun { view, msgs: vec![msgs_of[1].clone()] }),
+                    tool: Some(ToolRun {
+                        view,
+                        msgs: vec![msgs_of[1].clone()],
+                    }),
                     finish: finish.clone(),
                 });
                 if rounds.len() >= MAX_TOOL_CALLS {
Diff in /Users/runner/work/Solomni/Solomni/src/core/engine.rs:1044:
                     .iter()
                     .map(|t| {
                         let freeform = crate::core::systool::is_freeform(&t.name);
-                        let args = if freeform { t.body.clone() } else { t.args_json.clone() };
+                        let args = if freeform {
+                            t.body.clone()
+                        } else {
+                            t.args_json.clone()
+                        };
                         (t.module.clone(), t.name.clone(), args)
                     })
                     .collect();
Diff in /Users/runner/work/Solomni/Solomni/src/core/engine.rs:1097:
                     on_tool(&view);
                     rounds.push(Round {
                         reply: reply_id,
-                        text: if i == 0 { reply.text.clone() } else { String::new() },
+                        text: if i == 0 {
+                            reply.text.clone()
+                        } else {
+                            String::new()
+                        },
                         reasoning: std::mem::take(&mut reasoning),
-                        text_msgs: if i == 0 { vec![msgs_of[0].clone()] } else { Vec::new() },
-                        tool: Some(ToolRun { view, msgs: vec![msgs_of[i + 1].clone()] }),
+                        text_msgs: if i == 0 {
+                            vec![msgs_of[0].clone()]
+                        } else {
+                            Vec::new()
+                        },
+                        tool: Some(ToolRun {
+                            view,
+                            msgs: vec![msgs_of[i + 1].clone()],
+                        }),
                         finish: finish.clone(),
                     });
                     if rounds.len() >= MAX_TOOL_CALLS {
Diff in /Users/runner/work/Solomni/Solomni/src/core/engine.rs:1117:
                 // 否则实时历史会比重建历史多一条空消息。
                 let text = reply.text;
                 let has_line = !text.trim().is_empty() || !reasoning.trim().is_empty();
-                let text_msgs = if has_line { vec![Msg::assistant(text.trim().to_string())] } else { Vec::new() };
-                rounds.push(Round { reply: reply_id, text, reasoning, text_msgs, tool: None, finish });
+                let text_msgs = if has_line {
+                    vec![Msg::assistant(text.trim().to_string())]
+                } else {
+                    Vec::new()
+                };
+                rounds.push(Round {
+                    reply: reply_id,
+                    text,
+                    reasoning,
+                    text_msgs,
+                    tool: None,
+                    finish,
+                });
                 return rounds;
             }
         }
Diff in /Users/runner/work/Solomni/Solomni/src/core/envelope.rs:36:
     Unclosed(Tail),
     /// 字符串里出现未转义的裸控制字符（直接换行/制表符），JSON 非法。
     /// tail = 同时还有未闭合时一并带上（两处都得改，只说一处会误导）。
-    RawControl { ch: char, line: usize, tail: Option<Tail> },
+    RawControl {
+        ch: char,
+        line: usize,
+        tail: Option<Tail>,
+    },
     /// 括号平衡但 JSON 语法非法（引号不配对、逗号多余等）；附 JSON 解析器报出的位置与原因。
     Syntax(String),
     /// JSON 合法，但信封字段不合法（缺 name、类型不对等）；附字段层面的原因。
Diff in /Users/runner/work/Solomni/Solomni/src/core/envelope.rs:125:
             }
             out.push(ToolInvoke {
                 malformed: None,
-                module: c.module.clone().map(|m| m.trim().to_string()).filter(|m| !m.is_empty()),
+                module: c
+                    .module
+                    .clone()
+                    .map(|m| m.trim().to_string())
+                    .filter(|m| !m.is_empty()),
                 name: c.name.trim().to_string(),
                 args_json: c.args.to_string(),
                 // 复数形态里没有"信封之后的正文"这回事（自由格式工具只能单发）
Diff in /Users/runner/work/Solomni/Solomni/src/core/envelope.rs:137:
     }
     let name = t.name.clone().unwrap_or_default();
     if name.trim().is_empty() {
-        return Err("工具信封没写 name（要调一个工具就写 name，要调多个就写 calls 数组）".to_string());
+        return Err(
+            "工具信封没写 name（要调一个工具就写 name，要调多个就写 calls 数组）".to_string(),
+        );
     }
     Ok(vec![ToolInvoke {
         malformed: None,
Diff in /Users/runner/work/Solomni/Solomni/src/core/envelope.rs:144:
         body: after(raw, obj),
         lead: before(raw, obj),
-        module: t.module.clone().map(|m| m.trim().to_string()).filter(|m| !m.is_empty()),
+        module: t
+            .module
+            .clone()
+            .map(|m| m.trim().to_string())
+            .filter(|m| !m.is_empty()),
         name: name.trim().to_string(),
         args_json: t.args.to_string(),
     }])
Diff in /Users/runner/work/Solomni/Solomni/src/core/envelope.rs:207:
                     "agree" => Verb::Agree,
                     _ => Verb::Say,
                 };
-                return Reply { verb, text: env.text, degraded: false, tools: Vec::new() };
+                return Reply {
+                    verb,
+                    text: env.text,
+                    degraded: false,
+                    tools: Vec::new(),
+                };
             }
         }
     }
Diff in /Users/runner/work/Solomni/Solomni/src/core/envelope.rs:263:
             };
         }
     }
-    Reply { verb: Verb::Say, text: raw.trim().to_string(), degraded: true, tools: Vec::new() }
+    Reply {
+        verb: Verb::Say,
+        text: raw.trim().to_string(),
+        degraded: true,
+        tools: Vec::new(),
+    }
 }
 
 /// 判定一段坏信封属于哪一类（可判定的确切事实，按此给修法）：
Diff in /Users/runner/work/Solomni/Solomni/src/core/envelope.rs:367:
         let missing: String = stack.iter().rev().map(|&b| b as char).collect();
         Some((
             last_open.unwrap_or(0),
-            Tail { missing, in_string: in_str, envelopes: envelopes.max(1) },
+            Tail {
+                missing,
+                in_string: in_str,
+                envelopes: envelopes.max(1),
+            },
         ))
     } else {
         None
Diff in /Users/runner/work/Solomni/Solomni/src/core/envelope.rs:453:
     let mut esc = false;
     for (i, &b) in bytes.iter().enumerate().skip(start) {
         if in_str {
-            if esc { esc = false; }
-            else if b == b'\\' { esc = true; }
-            else if b == b'"' { in_str = false; }
+            if esc {
+                esc = false;
+            } else if b == b'\\' {
+                esc = true;
+            } else if b == b'"' {
+                in_str = false;
+            }
             continue;
         }
         match b {
Diff in /Users/runner/work/Solomni/Solomni/src/core/events.rs:15:
     /// 整理方案就绪。
     Plan(String),
     /// 成员执行回报（rework = 第几轮执行，0 为首轮）。
-    Report { id: String, text: String, rework: usize },
+    Report {
+        id: String,
+        text: String,
+        rework: usize,
+    },
     /// 验收清单（raw = 解析失败时的原文）。
     Review { items: Vec<CheckView>, raw: String },
     /// 交付结论（over_rework = 返工超限交用户裁决）。
Diff in /Users/runner/work/Solomni/Solomni/src/core/events.rs:26:
     ToolCall(ToolCallView),
     /// 流式增量（短暂，不落盘）：按到达顺序的分段。
     /// kind = start / text / reasoning；start 表示新一轮开始（前端清空本轮占位）。
-    Delta { speaker: String, kind: String, text: String },
+    Delta {
+        speaker: String,
+        kind: String,
+        text: String,
+    },
 }
 
 /// 实时输出通道：流式开关 + 中止开关 + 短暂事件出口（不落盘，仅活动会话实时刷新）。
Diff in /Users/runner/work/Solomni/Solomni/src/core/events.rs:119:
     pub fn to_json(&self) -> serde_json::Value {
         match self {
             SessionEvent::Notice(n) => serde_json::json!({ "type": "notice", "text": n }),
-            SessionEvent::Transcript(lines) => serde_json::json!({ "type": "transcript", "lines": lines }),
+            SessionEvent::Transcript(lines) => {
+                serde_json::json!({ "type": "transcript", "lines": lines })
+            }
             SessionEvent::DiscussionDone { round, over_cap } => {
                 serde_json::json!({ "type": "discussion_done", "round": round, "over_cap": over_cap })
             }
Diff in /Users/runner/work/Solomni/Solomni/src/core/events.rs:127:
             SessionEvent::Report { id, text, rework } => {
                 serde_json::json!({ "type": "report", "id": id, "text": text, "rework": rework })
             }
-            SessionEvent::Review { items, raw } => serde_json::json!({ "type": "review", "items": items, "raw": raw }),
+            SessionEvent::Review { items, raw } => {
+                serde_json::json!({ "type": "review", "items": items, "raw": raw })
+            }
             SessionEvent::Delivery { ok, over_rework } => {
                 serde_json::json!({ "type": "delivery", "ok": ok, "over_rework": over_rework })
             }
Diff in /Users/runner/work/Solomni/Solomni/src/core/events.rs:134:
             SessionEvent::Ended => serde_json::json!({ "type": "ended" }),
-            SessionEvent::Delta { speaker, kind, text } => {
+            SessionEvent::Delta {
+                speaker,
+                kind,
+                text,
+            } => {
                 serde_json::json!({ "type": "delta", "speaker": speaker, "kind": kind, "text": text })
             }
             SessionEvent::ToolCall(v) => serde_json::json!({
Diff in /Users/runner/work/Solomni/Solomni/src/core/events.rs:159:
     /// 名单已定，等用户确认开始讨论（可授权自裁）。
     ConfirmBegin,
 }
+
Diff in /Users/runner/work/Solomni/Solomni/src/core/exec.rs:49:
     /// 模块（含它的包的传递依赖）需要的能力，包库里没有任何包提供。
     Missing { module: String, capability: String },
     /// 同一能力有多个版本，需用户定版。
-    Ambiguous { capability: String, versions: Vec<String> },
+    Ambiguous {
+        capability: String,
+        versions: Vec<String>,
+    },
     /// exec 段定的版本在库里不存在。
     UnknownPin { capability: String, version: String },
     /// 两个包会写进同一处路径。
Diff in /Users/runner/work/Solomni/Solomni/src/core/exec.rs:126:
         }
         let versions = lib.versions_of(&cap);
         if versions.is_empty() {
-            out.push(Diagnosis::Missing { module, capability: cap });
+            out.push(Diagnosis::Missing {
+                module,
+                capability: cap,
+            });
             continue;
         }
         let picked: Option<&PackageManifest> = match spec.pins.get(&cap) {
Diff in /Users/runner/work/Solomni/Solomni/src/core/exec.rs:133:
             Some(v) => match lib.pick(&cap, v) {
                 Some(p) => Some(p),
                 None => {
-                    out.push(Diagnosis::UnknownPin { capability: cap.clone(), version: v.clone() });
+                    out.push(Diagnosis::UnknownPin {
+                        capability: cap.clone(),
+                        version: v.clone(),
+                    });
                     None
                 }
             },
Diff in /Users/runner/work/Solomni/Solomni/src/core/exec.rs:165:
 /// 派生执行计划：本机档不装载运行包（宿主自备解释器）。
 /// 虚拟机档只有**选型不成立**才拒绝（多版本未定版 / 定版不存在 / 系统路径冲突——用户要解决的选型问题）；
 /// **缺包不拦会话**：那只是该模块的工具不可用（由 unavailable 收口，降级而非崩溃）。
-pub fn plan(spec: &ExecSpec, modules: &[Module], lib: &Library) -> Result<ExecPlan, Vec<Diagnosis>> {
+pub fn plan(
+    spec: &ExecSpec,
+    modules: &[Module],
+    lib: &Library,
+) -> Result<ExecPlan, Vec<Diagnosis>> {
     match spec.tier {
-        Tier::Host => Ok(ExecPlan { tier: Tier::Host, net: spec.net, base: None, packages: Vec::new() }),
+        Tier::Host => Ok(ExecPlan {
+            tier: Tier::Host,
+            net: spec.net,
+            base: None,
+            packages: Vec::new(),
+        }),
         Tier::Vm => {
             let hard: Vec<Diagnosis> = vm_diagnoses(modules, lib, spec)
                 .into_iter()
Diff in /Users/runner/work/Solomni/Solomni/src/core/exec.rs:178:
             }
             let mut chosen: Vec<&PackageManifest> = Vec::new();
             let mut seen: BTreeSet<String> = BTreeSet::new();
-            let mut queue: Vec<String> = modules.iter().flat_map(|m| m.manifest.runtimes.clone()).collect();
+            let mut queue: Vec<String> = modules
+                .iter()
+                .flat_map(|m| m.manifest.runtimes.clone())
+                .collect();
             while let Some(cap) = queue.pop() {
                 if !seen.insert(cap.clone()) {
                     continue;
Diff in /Users/runner/work/Solomni/Solomni/src/core/exec.rs:197:
             }
             // 装载顺序：先独立前缀，后写进系统路径的包；各自内部按 (id, version) 稳定。
             chosen.sort_by(|a, b| {
-                (rank(&a.kind), a.id.as_str(), a.version.as_str()).cmp(&(rank(&b.kind), b.id.as_str(), b.version.as_str()))
+                (rank(&a.kind), a.id.as_str(), a.version.as_str()).cmp(&(
+                    rank(&b.kind),
+                    b.id.as_str(),
+                    b.version.as_str(),
+                ))
             });
             let packages = chosen
                 .iter()
Diff in /Users/runner/work/Solomni/Solomni/src/core/exec.rs:208:
                     prefix: p.prefix.clone(),
                 })
                 .collect();
-            Ok(ExecPlan { tier: Tier::Vm, net: spec.net, base: spec.base.clone(), packages })
+            Ok(ExecPlan {
+                tier: Tier::Vm,
+                net: spec.net,
+                base: spec.base.clone(),
+                packages,
+            })
         }
     }
 }
Diff in /Users/runner/work/Solomni/Solomni/src/core/exec.rs:215:
 
 /// 本档位下不能执行工具的模块（模块 id → 缺失的能力名）：本机档不装载运行包，一律可用（空表）。
 /// 虚拟机档：装配不成立（歧义 / 定版不存在 / 冲突）时，凡声明了运行能力的模块都不能执行工具。
-pub fn unavailable(spec: &ExecSpec, modules: &[Module], lib: &Library) -> BTreeMap<String, Vec<String>> {
+pub fn unavailable(
+    spec: &ExecSpec,
+    modules: &[Module],
+    lib: &Library,
+) -> BTreeMap<String, Vec<String>> {
     let mut out: BTreeMap<String, Vec<String>> = BTreeMap::new();
     if spec.tier != Tier::Vm {
         return out;
Diff in /Users/runner/work/Solomni/Solomni/src/core/exec.rs:228:
     for d in &diags {
         match d {
             Diagnosis::Missing { module, capability } => {
-                out.entry(module.clone()).or_default().push(capability.clone());
+                out.entry(module.clone())
+                    .or_default()
+                    .push(capability.clone());
             }
             _ => assembly_broken = true,
         }
Diff in /Users/runner/work/Solomni/Solomni/src/core/exec.rs:252:
         .iter()
         .map(|d| match d {
             Diagnosis::Missing { module, capability } => {
-                format!("模块 {} 需要运行包 {}，包库里没有（把它放进依赖文件夹 runtimes/）", module, capability)
+                format!(
+                    "模块 {} 需要运行包 {}，包库里没有（把它放进依赖文件夹 runtimes/）",
+                    module, capability
+                )
             }
-            Diagnosis::Ambiguous { capability, versions } => {
-                format!("运行包 {} 有多个版本，需用户定版：{}", capability, versions.join("、"))
+            Diagnosis::Ambiguous {
+                capability,
+                versions,
+            } => {
+                format!(
+                    "运行包 {} 有多个版本，需用户定版：{}",
+                    capability,
+                    versions.join("、")
+                )
             }
-            Diagnosis::UnknownPin { capability, version } => {
+            Diagnosis::UnknownPin {
+                capability,
+                version,
+            } => {
                 format!("运行包 {} 的定版 {} 不在包库里", capability, version)
             }
             Diagnosis::Conflict { path, a, b } => {
Diff in /Users/runner/work/Solomni/Solomni/src/core/exec.rs:274:
     if plan.tier == Tier::Host {
         return format!("执行档位 本机（不装载运行包）；网络 {}", net);
     }
-    let pkgs: Vec<String> = plan.packages.iter().map(|p| format!("{}@{}（{}）", p.id, p.version, p.kind)).collect();
+    let pkgs: Vec<String> = plan
+        .packages
+        .iter()
+        .map(|p| format!("{}@{}（{}）", p.id, p.version, p.kind))
+        .collect();
     format!(
         "执行档位 虚拟机；基础根 {}；装载 {} 个包：{}；网络 {}",
         plan.base.as_deref().unwrap_or("（未指定）"),
Diff in /Users/runner/work/Solomni/Solomni/src/core/fence.rs:25:
     pub fn from_sandbox(sb: &Sandbox, net: bool) -> FenceSpec {
         let mut rw = vec![sb.shared.clone(), sb.private.clone()];
         rw.extend(sb.modules.values().cloned());
-        FenceSpec { agent: sb.agent.clone(), rw, cwd: PathBuf::new(), net }
+        FenceSpec {
+            agent: sb.agent.clone(),
+            rw,
+            cwd: PathBuf::new(),
+            net,
+        }
     }
 
     /// 把这个围栏的工作目录设成某个模块的根（该模块的工具就在这里跑）。
Diff in /Users/runner/work/Solomni/Solomni/src/core/fence.rs:34:
         out.cwd = module_root.to_path_buf();
         out
     }
-
 }
 
Diff in /Users/runner/work/Solomni/Solomni/src/core/mod.rs:26:
 
 pub use events::{Live, Pending, SessionEvent};
 pub use ports::{
-    ChatGateway, HistoryStore, ModelCatalog, ModuleSource, PackageSource, PromptSource, SettingsStore, SysIo, ToolRunner,
-    Workspace,
+    ChatGateway, HistoryStore, ModelCatalog, ModuleSource, PackageSource, PromptSource,
+    SettingsStore, SysIo, ToolRunner, Workspace,
 };
 
 use crate::core::collab::CollabSession;
Diff in /Users/runner/work/Solomni/Solomni/src/core/mod.rs:253:
         let outcome = (|| -> Result<Core, String> {
             let settings = store.load()?;
             let prompts = prompt_source.load()?;
-            Ok(Core { store, history, workspace, source, packages, fence, gateway, catalog, tools, io, repair, log: log_for_core, settings, prompts, sessions: HashMap::new() })
+            Ok(Core {
+                store,
+                history,
+                workspace,
+                source,
+                packages,
+                fence,
+                gateway,
+                catalog,
+                tools,
+                io,
+                repair,
+                log: log_for_core,
+                settings,
+                prompts,
+                sessions: HashMap::new(),
+            })
         })();
         if let Err(e) = &outcome {
             log.error("core::new", &format!("装配失败：{}", e)); // 仅错误时借用，不与闭包 move 冲突
Diff in /Users/runner/work/Solomni/Solomni/src/core/mod.rs:276:
     pub fn runtime_report(&self, tier: exec::Tier) -> RuntimeReport {
         let roster = self.source.scan();
         let lib = self.packages.scan();
-        let spec = exec::ExecSpec { tier, ..exec::ExecSpec::default() };
+        let spec = exec::ExecSpec {
+            tier,
+            ..exec::ExecSpec::default()
+        };
         let diagnoses = if tier == exec::Tier::Vm {
             exec::vm_diagnoses(&roster.modules, &lib, &spec)
         } else {
Diff in /Users/runner/work/Solomni/Solomni/src/core/mod.rs:294:
     }
 
     /// 本档位下不能执行工具的模块（模块 id → 缺的能力名）：建会话与重建时收口给工具环境。
-    fn unavailable_modules(&self, spec: &exec::ExecSpec, modules: &[Module]) -> BTreeMap<String, Vec<String>> {
+    fn unavailable_modules(
+        &self,
+        spec: &exec::ExecSpec,
+        modules: &[Module],
+    ) -> BTreeMap<String, Vec<String>> {
         exec::unavailable(spec, modules, &self.packages.scan())
     }
 
Diff in /Users/runner/work/Solomni/Solomni/src/core/mod.rs:337:
             let old: Vec<String> = meta.agents.iter().map(|a| a.name.clone()).collect();
             let new: Vec<String> = edit.agents.iter().map(|a| a.name.clone()).collect();
             if old != new {
-                return Err("这轮会话已经开过：agent 名单与形态冻结（要换人请新建会话）".to_string());
+                return Err(
+                    "这轮会话已经开过：agent 名单与形态冻结（要换人请新建会话）".to_string()
+                );
             }
         }
         // 校验：模块与模型真实存在；同一模块不得同属两个 agent（沙箱与发言归属会歧义）。
Diff in /Users/runner/work/Solomni/Solomni/src/core/mod.rs:354:
                     return Err(format!("无此模块：{}", id));
                 }
                 if seen.iter().any(|x| x == id) {
-                    return Err(format!("模块 {} 被多个 agent 同时使用；同一模块只能属于一个 agent", id));
+                    return Err(format!(
+                        "模块 {} 被多个 agent 同时使用；同一模块只能属于一个 agent",
+                        id
+                    ));
                 }
                 seen.push(id.clone());
             }
Diff in /Users/runner/work/Solomni/Solomni/src/core/mod.rs:368:
                 name: a.name.clone(),
                 transient: !self.settings.agents.contains_key(&a.name),
                 modules: a.modules.clone(),
-                model: if a.model.is_empty() { None } else { Some(a.model.clone()) },
+                model: if a.model.is_empty() {
+                    None
+                } else {
+                    Some(a.model.clone())
+                },
             });
         }
         if metas.is_empty() {
Diff in /Users/runner/work/Solomni/Solomni/src/core/mod.rs:383:
             "vm" => exec::Tier::Vm,
             other => return Err(format!("未知执行档位：{}（只认 host / vm）", other)),
         };
-        let spec = exec::ExecSpec { tier, base: edit.base.clone(), pins: edit.pins.clone(), net: edit.net };
+        let spec = exec::ExecSpec {
+            tier,
+            base: edit.base.clone(),
+            pins: edit.pins.clone(),
+            net: edit.net,
+        };
         let session_modules: Vec<Module> = roster
             .modules
             .iter()
Diff in /Users/runner/work/Solomni/Solomni/src/core/mod.rs:390:
             .filter(|m| seen.iter().any(|id| id == &m.manifest.id))
             .cloned()
             .collect();
-        let plan = exec::plan(&spec, &session_modules, &self.packages.scan()).map_err(|diags| exec::diagnose_text(&diags))?;
-        self.log.info("core::edit_session", &format!("sid={}；{}", sid, exec::plan_summary(&plan)));
+        let plan = exec::plan(&spec, &session_modules, &self.packages.scan())
+            .map_err(|diags| exec::diagnose_text(&diags))?;
+        self.log.info(
+            "core::edit_session",
+            &format!("sid={}；{}", sid, exec::plan_summary(&plan)),
+        );
 
         let mut new_meta = meta.clone();
         new_meta.modules = metas.iter().flat_map(|a| a.modules.clone()).collect();
Diff in /Users/runner/work/Solomni/Solomni/src/core/mod.rs:421:
             })).collect::<Vec<_>>(),
         });
         if let Err(e) = self.history.append(sid, &[ev]) {
-            self.log.warn("core::record_config", &format!("配置记录落盘失败：{}", e));
+            self.log
+                .warn("core::record_config", &format!("配置记录落盘失败：{}", e));
         }
     }
 
Diff in /Users/runner/work/Solomni/Solomni/src/core/mod.rs:433:
     }
 
     /// 新建/更新供应商。更新时 api_key 留空 = 保留原密钥（界面从不回显密钥）。
-    pub fn provider_upsert(&mut self, id: &str, base_url: &str, api_key: &str) -> Result<(), String> {
+    pub fn provider_upsert(
+        &mut self,
+        id: &str,
+        base_url: &str,
+        api_key: &str,
+    ) -> Result<(), String> {
         if id.is_empty() || base_url.is_empty() {
             return Err("id / base_url 不能为空".to_string());
         }
Diff in /Users/runner/work/Solomni/Solomni/src/core/mod.rs:448:
         };
         self.settings.providers.insert(
             id.to_string(),
-            providers::Provider { base_url: base_url.to_string(), api_key: key },
+            providers::Provider {
+                base_url: base_url.to_string(),
+                api_key: key,
+            },
         );
         self.save_settings("core::provider_upsert")
     }
Diff in /Users/runner/work/Solomni/Solomni/src/core/mod.rs:463:
             .map(|(mid, _)| mid.clone())
             .collect();
         if !referenced.is_empty() {
-            return Err(format!("供应商 {} 仍被模型引用：{}；请先删除这些模型", id, referenced.join("、")));
+            return Err(format!(
+                "供应商 {} 仍被模型引用：{}；请先删除这些模型",
+                id,
+                referenced.join("、")
+            ));
         }
         let removed = self.settings.providers.remove(id).is_some();
         if removed {
Diff in /Users/runner/work/Solomni/Solomni/src/core/mod.rs:508:
 
     /// 实测一条通道的**回放形状**（工具调用历史怎么发回去才收）：解析 id → 交给适配层实测。
     /// 只报事实、**不写登记处**——采不采用由人定（与 probe_model_tools 的写回策略不同）。
-    pub fn probe_replay_shape(
-        &self,
-        id: &str,
-    ) -> Result<providers::ReplayReport, String> {
+    pub fn probe_replay_shape(&self, id: &str) -> Result<providers::ReplayReport, String> {
         let channel = self.settings.resolve(id)?;
         self.gateway.probe_replay(&channel)
     }
Diff in /Users/runner/work/Solomni/Solomni/src/core/mod.rs:518:
 
-    pub fn model_upsert(&mut self, id: &str, name: &str, api_model: &str, provider: &str, note: &str) -> Result<(), String> {
+    pub fn model_upsert(
+        &mut self,
+        id: &str,
+        name: &str,
+        api_model: &str,
+        provider: &str,
+        note: &str,
+    ) -> Result<(), String> {
         if id.is_empty() || name.is_empty() || api_model.is_empty() || provider.is_empty() {
             return Err("id / name / api_model / provider 均不能为空".to_string());
         }
Diff in /Users/runner/work/Solomni/Solomni/src/core/mod.rs:525:
         }
         // 工具调用形态：编辑时**保留原值**（登记表单暂不带这个字段，不能因为没带就重置成缺省），
         // 新建缺省 envelope（任何供应商都能用的手写信封）。
-        let tools = self.settings.models.get(id).map(|m| m.tools).unwrap_or_default();
+        let tools = self
+            .settings
+            .models
+            .get(id)
+            .map(|m| m.tools)
+            .unwrap_or_default();
         self.settings.models.insert(
             id.to_string(),
             providers::ModelEntry {
Diff in /Users/runner/work/Solomni/Solomni/src/core/mod.rs:542:
     /// 删除模型；是核心默认模型时拒绝（先改默认再删）。
     pub fn model_remove(&mut self, id: &str) -> Result<bool, String> {
         if self.settings.core.as_deref() == Some(id) {
-            return Err(format!("{} 是核心默认模型；请先把核心默认模型改成别的再删", id));
+            return Err(format!(
+                "{} 是核心默认模型；请先把核心默认模型改成别的再删",
+                id
+            ));
         }
         let removed = self.settings.models.remove(id).is_some();
         if removed {
Diff in /Users/runner/work/Solomni/Solomni/src/core/mod.rs:576:
     }
 
     /// 新建/覆盖一个 agent（校验模块与模型都真实存在；不静默）。
-    pub fn agent_upsert(&mut self, name: &str, module_ids: &[String], model: &str, note: &str) -> Result<(), String> {
+    pub fn agent_upsert(
+        &mut self,
+        name: &str,
+        module_ids: &[String],
+        model: &str,
+        note: &str,
+    ) -> Result<(), String> {
         agents::validate_name(name)?;
         if module_ids.is_empty() {
             return Err("agent 至少要有一个模块".to_string());
Diff in /Users/runner/work/Solomni/Solomni/src/core/mod.rs:594:
             name.to_string(),
             agents::Agent {
                 modules: module_ids.to_vec(),
-                model: if model.is_empty() { None } else { Some(model.to_string()) },
+                model: if model.is_empty() {
+                    None
+                } else {
+                    Some(model.to_string())
+                },
                 note: note.to_string(),
             },
         );
Diff in /Users/runner/work/Solomni/Solomni/src/core/mod.rs:621:
 
     /// 用登记处已存的供应商去拉取其可用模型名（发现机制在适配层）。
     pub fn discover_models(&self, provider_id: &str) -> Result<Vec<String>, String> {
-        let provider = self.settings.providers.get(provider_id).ok_or_else(|| format!("无此供应商：{}", provider_id))?;
+        let provider = self
+            .settings
+            .providers
+            .get(provider_id)
+            .ok_or_else(|| format!("无此供应商：{}", provider_id))?;
         let outcome = self.catalog.list_models(provider);
         match &outcome {
-            Ok(models) => self.log.info("core::discover_models", &format!("供应商 {} 拉取模型 {} 个", provider_id, models.len())),
-            Err(e) => self.log.error("core::discover_models", &format!("供应商 {} 拉取模型失败：{}", provider_id, e)),
+            Ok(models) => self.log.info(
+                "core::discover_models",
+                &format!("供应商 {} 拉取模型 {} 个", provider_id, models.len()),
+            ),
+            Err(e) => self.log.error(
+                "core::discover_models",
+                &format!("供应商 {} 拉取模型失败：{}", provider_id, e),
+            ),
         }
         outcome
     }
Diff in /Users/runner/work/Solomni/Solomni/src/core/mod.rs:649:
                     Session::Collab(c) => c.is_done(),
                     Session::Single(_) => false,
                 };
-                let mode = history.iter().find(|h| &h.name == sid).map(|h| h.mode.clone()).unwrap_or_default();
-                SessionView { sid: sid.clone(), mode, done }
+                let mode = history
+                    .iter()
+                    .find(|h| &h.name == sid)
+                    .map(|h| h.mode.clone())
+                    .unwrap_or_default();
+                SessionView {
+                    sid: sid.clone(),
+                    mode,
+                    done,
+                }
             })
             .collect()
     }
Diff in /Users/runner/work/Solomni/Solomni/src/core/mod.rs:683:
                     return Err(format!("无此模块：{}", id));
                 }
                 if seen_modules.iter().any(|x| x == id) {
-                    return Err(format!("模块 {} 被多个 agent 同时使用；同一模块只能属于一个 agent", id));
+                    return Err(format!(
+                        "模块 {} 被多个 agent 同时使用；同一模块只能属于一个 agent",
+                        id
+                    ));
                 }
                 seen_modules.push(id.clone());
             }
Diff in /Users/runner/work/Solomni/Solomni/src/core/mod.rs:713:
         for a in &spec.agents {
             let name = agents::unique_instance_name(&a.name, &taken);
             taken.push(name.clone());
-            metas.push(AgentMeta { name, transient: a.transient, modules: a.modules.clone(), model: a.model.clone() });
+            metas.push(AgentMeta {
+                name,
+                transient: a.transient,
+                modules: a.modules.clone(),
+                model: a.model.clone(),
+            });
         }
         // 模块扁平清单（展示用；顺序按 agent 名单展开）
         let module_ids: Vec<String> = metas.iter().flat_map(|m| m.modules.clone()).collect();
Diff in /Users/runner/work/Solomni/Solomni/src/core/mod.rs:730:
             task: spec.task.clone(),
             ts: now_ts(),
             agents: metas.clone(),
-            exec: exec::ExecSpec { tier: self.settings.app.tier, ..exec::ExecSpec::default() },
+            exec: exec::ExecSpec {
+                tier: self.settings.app.tier,
+                ..exec::ExecSpec::default()
+            },
         };
         // 工作区：work + 各 agent 沙箱（失败即失败，不假装已建）。代拟确认名单时再补建。
         self.workspace.prepare(&name, &agent_names)?;
Diff in /Users/runner/work/Solomni/Solomni/src/core/mod.rs:743:
             .cloned()
             .collect();
         for (id, caps) in exec::absent(&session_modules, &self.packages.scan()) {
-            self.log.warn("core::create_work", &format!("模块 {} 声明的运行包不在包库：{}", id, caps.join("、")));
+            self.log.warn(
+                "core::create_work",
+                &format!("模块 {} 声明的运行包不在包库：{}", id, caps.join("、")),
+            );
         }
         // 执行选型的完整性检查（「开始」即冻结）：虚拟机档的选型不成立（多版本未定版 / 定版不存在 /
         // 路径冲突）如实拒绝；只是缺包的照常开始——那是该模块的工具不可用（降级而非崩溃）。装配阶段按同一份计划取包。
Diff in /Users/runner/work/Solomni/Solomni/src/core/mod.rs:750:
         let plan = exec::plan(&meta.exec, &session_modules, &self.packages.scan())
             .map_err(|diags| exec::diagnose_text(&diags))?;
-        self.log.info("core::create_work", &exec::plan_summary(&plan));
+        self.log
+            .info("core::create_work", &exec::plan_summary(&plan));
 
         let (session, mut events) = match spec.mode {
             // 单 agent（模块数不限）。
Diff in /Users/runner/work/Solomni/Solomni/src/core/mod.rs:756:
             WorkMode::Single => {
                 let a = metas.first().ok_or("至少要有一个 agent")?;
-                let sb = sandboxes.for_agent(&a.name).cloned().ok_or_else(|| format!("缺少 agent {} 的沙箱", a.name))?;
+                let sb = sandboxes
+                    .for_agent(&a.name)
+                    .cloned()
+                    .ok_or_else(|| format!("缺少 agent {} 的沙箱", a.name))?;
                 let chosen: Vec<Module> = a
                     .modules
                     .iter()
Diff in /Users/runner/work/Solomni/Solomni/src/core/mod.rs:762:
-                    .filter_map(|id| roster.modules.iter().find(|m| &m.manifest.id == id).cloned())
+                    .filter_map(|id| {
+                        roster
+                            .modules
+                            .iter()
+                            .find(|m| &m.manifest.id == id)
+                            .cloned()
+                    })
                     .collect();
                 let channel = self.channel_of(a.model.as_deref());
                 let unavailable = self.unavailable_modules(&meta.exec, &chosen);
Diff in /Users/runner/work/Solomni/Solomni/src/core/mod.rs:766:
-                let (s, opened) = self.build_single(a, &chosen, channel, &sb, unavailable, meta.exec.net);
+                let (s, opened) =
+                    self.build_single(a, &chosen, channel, &sb, unavailable, meta.exec.net);
                 (Session::Single(s), opened)
             }
             WorkMode::Collab => {
Diff in /Users/runner/work/Solomni/Solomni/src/core/mod.rs:792:
         self.history.create(&meta)?;
         self.sessions.insert(name.clone(), session);
         self.record_events(&name, &mut events);
-        Ok(WorkOpened { sid: name, agents: agent_names, events })
+        Ok(WorkOpened {
+            sid: name,
+            agents: agent_names,
+            events,
+        })
     }
 
     /// 界面投喂：把文件写进本次工作的 work/。
Diff in /Users/runner/work/Solomni/Solomni/src/core/mod.rs:799:
     /// 返回 Ok(false) = 同名文件已存在且未选择覆盖（交前端让用户决定：覆盖/改名/取消）。
-    pub fn work_upload(&mut self, sid: &str, name: &str, bytes: &[u8], overwrite: bool) -> Result<bool, String> {
+    pub fn work_upload(
+        &mut self,
+        sid: &str,
+        name: &str,
+        bytes: &[u8],
+        overwrite: bool,
+    ) -> Result<bool, String> {
         // 策略在 core：先净化文件名，再交给工作区端口（机制只看已净化的名字）。
         let name = workspace::safe_file_name(name)?;
         if !self.sessions.contains_key(sid) && self.history.load(sid).is_err() {
Diff in /Users/runner/work/Solomni/Solomni/src/core/mod.rs:814:
     /// 名单取自会话 meta（活动会话与历史会话都以 meta.agents 为权威）；列目录的机制在 Workspace 端口，
     /// 根取自沙箱（与文件清单同源）：agents 与 roots.agents 同序同名。
     pub fn files_view(&self, sid: &str) -> Result<FilesView, String> {
-        let (meta, _) = self.history.load(sid).map_err(|_| format!("无此会话：{}", sid))?;
+        let (meta, _) = self
+            .history
+            .load(sid)
+            .map_err(|_| format!("无此会话：{}", sid))?;
         let names: Vec<String> = meta.agents.iter().map(|a| a.name.clone()).collect();
         let files = self.workspace.list(sid, &names)?;
         let roster = self.scan();
Diff in /Users/runner/work/Solomni/Solomni/src/core/mod.rs:837:
         Ok(FilesView {
             work: files.work,
             agents,
-            roots: FilesRootsView { work: workspace::slash(&sandboxes.shared), agents: agent_roots },
+            roots: FilesRootsView {
+                work: workspace::slash(&sandboxes.shared),
+                agents: agent_roots,
+            },
         })
     }
 
Diff in /Users/runner/work/Solomni/Solomni/src/core/mod.rs:852:
     /// 组装本次工作的沙箱清单：工作根来自 Workspace 端口，模块目录来自清单。
     /// 权限策略在此收口：模块目录只对其所属 agent 可达（同一模块不会同属两个 agent，创建时已校验）。
     /// 每个 agent 的沙箱按 meta.agents 建；共享区根任何时候都有（代拟还没名单时也有，@ 改写要用）。
-    fn sandboxes(&self, meta: &SessionMeta, roster: &module::Roster) -> Result<workspace::Sandboxes, String> {
+    fn sandboxes(
+        &self,
+        meta: &SessionMeta,
+        roster: &module::Roster,
+    ) -> Result<workspace::Sandboxes, String> {
         let names: Vec<String> = meta.agents.iter().map(|a| a.name.clone()).collect();
         let roots = self.workspace.roots(&meta.name, &names)?;
         let mut list: Vec<workspace::Sandbox> = Vec::new();
Diff in /Users/runner/work/Solomni/Solomni/src/core/mod.rs:878:
                 builtin_tools: self.prompts.core.builtin_tools.clone(),
             });
         }
-        Ok(workspace::Sandboxes { shared: roots.shared, list })
+        Ok(workspace::Sandboxes {
+            shared: roots.shared,
+            list,
+        })
     }
 
     /// 工具环境：内置文件工具永远可用；外部工具按模块分组放行（模块 id → 目录 + 工具表）。
Diff in /Users/runner/work/Solomni/Solomni/src/core/mod.rs:932:
                 "单 agent 工作：agent {}，模块 {}，模型 {}",
                 a.name,
                 a.modules.join("+"),
-                channel.as_ref().map(|c| c.model.as_str()).unwrap_or("无（演示）")
+                channel
+                    .as_ref()
+                    .map(|c| c.model.as_str())
+                    .unwrap_or("无（演示）")
             ),
         );
-        let system = module::agent_system(&self.prompts, &a.name, modules, &systool::guide(&self.prompts, sb), mode);
+        let system = module::agent_system(
+            &self.prompts,
+            &a.name,
+            modules,
+            &systool::guide(&self.prompts, sb),
+            mode,
+        );
         let tools = self.tools_env(modules, sb, unavailable, net, mode);
-        let roots = crate::core::refs::RefRoots { work: sb.shared.clone(), private: Some(sb.private.clone()) };
+        let roots = crate::core::refs::RefRoots {
+            work: sb.shared.clone(),
+            private: Some(sb.private.clone()),
+        };
         let s = session::AgentSession::new(
             &a.name,
             system,
Diff in /Users/runner/work/Solomni/Solomni/src/core/mod.rs:959:
         match self.history.list() {
             Ok(v) => v,
             Err(e) => {
-                self.log.error("core::history_list", &format!("会话列表失败：{}", e));
+                self.log
+                    .error("core::history_list", &format!("会话列表失败：{}", e));
                 Vec::new()
             }
         }
Diff in /Users/runner/work/Solomni/Solomni/src/core/mod.rs:967:
 
     /// 打开历史会话：返回元信息与事件流（只读回放；是否续跑由用户点「继续」授权）。
     /// 回放同样应用 rewind 截断——流水保留审计，会话内容以截断后为准。
-    pub fn history_open(&self, name: &str) -> Result<(SessionMeta, Vec<serde_json::Value>), String> {
+    pub fn history_open(
+        &self,
+        name: &str,
+    ) -> Result<(SessionMeta, Vec<serde_json::Value>), String> {
         let (meta, events) = self.history.load(name)?;
         Ok((meta, truncate_events(&events)))
     }
Diff in /Users/runner/work/Solomni/Solomni/src/core/mod.rs:982:
                     for sb in &sandboxes.list {
                         let spec = fence::FenceSpec::from_sandbox(sb, meta.exec.net);
                         if let Err(e) = self.fence.release(&spec) {
-                            self.log.warn("core::history_delete", &format!("撤销围栏授权未完成：{}", e));
+                            self.log.warn(
+                                "core::history_delete",
+                                &format!("撤销围栏授权未完成：{}", e),
+                            );
                         }
                     }
                 }
Diff in /Users/runner/work/Solomni/Solomni/src/core/mod.rs:989:
-                Err(e) => self.log.warn("core::history_delete", &format!("取沙箱失败，未撤销授权：{}", e)),
+                Err(e) => self.log.warn(
+                    "core::history_delete",
+                    &format!("取沙箱失败，未撤销授权：{}", e),
+                ),
             }
         }
         self.sessions.remove(name);
Diff in /Users/runner/work/Solomni/Solomni/src/core/mod.rs:1005:
             .map(|e| e.to_json())
             .collect();
         if let Err(e) = self.history.append(sid, &jsons) {
-            self.log.error("core::history_append", &format!("会话 {} 落盘失败：{}", sid, e));
-            events.push(SessionEvent::Notice(format!("[警告] 会话记录落盘失败：{}", e)));
+            self.log.error(
+                "core::history_append",
+                &format!("会话 {} 落盘失败：{}", sid, e),
+            );
+            events.push(SessionEvent::Notice(format!(
+                "[警告] 会话记录落盘失败：{}",
+                e
+            )));
         }
     }
 
Diff in /Users/runner/work/Solomni/Solomni/src/core/mod.rs:1013:
     /// 核心推荐：按本次需求推荐 agent 名单（优先复用登记处的 agent，否则组装新的并给出模型）。
     /// 核心只建议、不代选；非法条目一律拒收（规则与代拟共用 agents::resolve_picks）。
-    pub fn suggest_models(&self, task: &str, mode: WorkMode) -> Result<Vec<AgentSuggestion>, String> {
+    pub fn suggest_models(
+        &self,
+        task: &str,
+        mode: WorkMode,
+    ) -> Result<Vec<AgentSuggestion>, String> {
         if self.settings.models.is_empty() {
             return Err("登记处还没有任何模型，请先到「模型登记」添加".to_string());
         }
Diff in /Users/runner/work/Solomni/Solomni/src/core/mod.rs:1019:
-        let channel = self
-            .settings
-            .core_channel()
-            .ok_or_else(|| "核心未设定默认模型（或它引用的供应商不存在），请先到「核心 AI 默认模型」设定".to_string())?;
+        let channel = self.settings.core_channel().ok_or_else(|| {
+            "核心未设定默认模型（或它引用的供应商不存在），请先到「核心 AI 默认模型」设定"
+                .to_string()
+        })?;
         let roster = self.scan();
         // 形态描述文案在提示词册里（代码不硬编码给模型的说明）。
         let mode_text = match mode {
Diff in /Users/runner/work/Solomni/Solomni/src/core/mod.rs:1030:
             &self.prompts.core.suggest_models.user,
             &[
                 ("mode", mode_text.to_string()),
-                ("agents", agents::listing(&self.prompts, &self.settings.agents)),
-                ("modules", module::listing(&roster, &self.prompts.core.tool_texts)),
-                ("models", agents::model_listing(&self.settings.models, &self.prompts.core.tool_texts)),
+                (
+                    "agents",
+                    agents::listing(&self.prompts, &self.settings.agents),
+                ),
+                (
+                    "modules",
+                    module::listing(&roster, &self.prompts.core.tool_texts),
+                ),
+                (
+                    "models",
+                    agents::model_listing(&self.settings.models, &self.prompts.core.tool_texts),
+                ),
                 ("task", task.to_string()),
             ],
         );
Diff in /Users/runner/work/Solomni/Solomni/src/core/mod.rs:1039:
         let (mut chat, _) = self.gateway.core_channel(Some(&channel));
         let raw = chat
             .complete(
-                &[Msg::system(self.prompts.core.suggest_models.system.clone()), Msg::user(user)],
+                &[
+                    Msg::system(self.prompts.core.suggest_models.system.clone()),
+                    Msg::user(user),
+                ],
                 crate::core::ports::CompleteOpts::plain(false),
                 &mut |_| true,
             )
Diff in /Users/runner/work/Solomni/Solomni/src/core/mod.rs:1046:
             .raw;
         let parsed = envelope::extract_json_object(&raw)
             .and_then(|obj| serde_json::from_str::<SuggestReply>(&obj).ok())
-            .ok_or_else(|| format!("核心推荐失败（响应不是约定的 JSON）：{}", raw.chars().take(200).collect::<String>()))?;
-        let (picks, rejected) = agents::resolve_picks(parsed.agents, &self.settings.agents, &roster, &self.settings.models);
+            .ok_or_else(|| {
+                format!(
+                    "核心推荐失败（响应不是约定的 JSON）：{}",
+                    raw.chars().take(200).collect::<String>()
+                )
+            })?;
+        let (picks, rejected) = agents::resolve_picks(
+            parsed.agents,
+            &self.settings.agents,
+            &roster,
+            &self.settings.models,
+        );
         for r in &rejected {
-            self.log.warn("core::suggest_models", &format!("推荐条目拒收：{}", r));
+            self.log
+                .warn("core::suggest_models", &format!("推荐条目拒收：{}", r));
         }
         let core_default = self.settings.core.clone();
         let drafts: Vec<AgentSuggestion> = picks
Diff in /Users/runner/work/Solomni/Solomni/src/core/mod.rs:1112:
         let rebuilt = self.rebuild_session(&meta, &after)?;
         self.sessions.insert(sid.to_string(), rebuilt);
         Ok(Some(match want {
-            providers::ToolMode::Native => "工具调用形态已按登记处改为**原生工具调用**（本条起生效）".to_string(),
-            providers::ToolMode::Envelope => "工具调用形态已按登记处改为**手写信封**（本条起生效）".to_string(),
+            providers::ToolMode::Native => {
+                "工具调用形态已按登记处改为**原生工具调用**（本条起生效）".to_string()
+            }
+            providers::ToolMode::Envelope => {
+                "工具调用形态已按登记处改为**手写信封**（本条起生效）".to_string()
+            }
         }))
     }
 
Diff in /Users/runner/work/Solomni/Solomni/src/core/mod.rs:1120:
     /// 单 agent 会话发言。
-    pub fn single_say(&mut self, sid: &str, text: &str, live: &mut Live) -> Result<Vec<SessionEvent>, String> {
+    pub fn single_say(
+        &mut self,
+        sid: &str,
+        text: &str,
+        live: &mut Live,
+    ) -> Result<Vec<SessionEvent>, String> {
         let notice = self.refresh_tool_mode(sid)?;
         let mut events = match self.sessions.get_mut(sid) {
             Some(Session::Single(s)) => s.say(text, live),
Diff in /Users/runner/work/Solomni/Solomni/src/core/mod.rs:1136:
     }
 
     /// 协作推进一步：由前端按 pending 驱动；返回期间产生的全部事件。
-    pub fn collab_continue(&mut self, sid: &str, step: CollabStep, text: &str) -> Result<Vec<SessionEvent>, String> {
+    pub fn collab_continue(
+        &mut self,
+        sid: &str,
+        step: CollabStep,
+        text: &str,
+    ) -> Result<Vec<SessionEvent>, String> {
         let mut out = Vec::new();
         let mut confirmed: Option<Vec<AgentMeta>> = None;
         {
Diff in /Users/runner/work/Solomni/Solomni/src/core/mod.rs:1202:
         let (meta, raw_before) = self.history.load(sid)?;
         let before = truncate_events(&raw_before);
         self.history
-            .append(sid, &[serde_json::json!({ "type": "rewind", "keep": keep_id })])
+            .append(
+                sid,
+                &[serde_json::json!({ "type": "rewind", "keep": keep_id })],
+            )
             .map_err(|e| format!("回档落盘失败：{}", e))?;
         let (_, raw_after) = self.history.load(sid)?;
         let after = truncate_events(&raw_after);
Diff in /Users/runner/work/Solomni/Solomni/src/core/mod.rs:1277:
     }
 
     /// 按会话元信息 + 转录事件重建会话对象（通道是机制，按记录的选择重新装配）。
-    fn rebuild_session(&self, meta: &SessionMeta, events: &[serde_json::Value]) -> Result<Session, String> {
+    fn rebuild_session(
+        &self,
+        meta: &SessionMeta,
+        events: &[serde_json::Value],
+    ) -> Result<Session, String> {
         let roster = self.source.scan();
         let sandboxes = self.sandboxes(meta, &roster)?;
         match meta.mode.as_str() {
Diff in /Users/runner/work/Solomni/Solomni/src/core/mod.rs:1297:
             )?)),
             // 单 agent：按 meta.agents[0] 重建（名单是唯一真相；模块数不限）。
             "single" => {
-                let a = meta.agents.first().ok_or_else(|| format!("会话 {} 缺少 agent 名单", meta.name))?;
+                let a = meta
+                    .agents
+                    .first()
+                    .ok_or_else(|| format!("会话 {} 缺少 agent 名单", meta.name))?;
                 let modules: Vec<Module> = a
                     .modules
                     .iter()
Diff in /Users/runner/work/Solomni/Solomni/src/core/mod.rs:1304:
-                    .filter_map(|id| roster.modules.iter().find(|m| &m.manifest.id == id).cloned())
+                    .filter_map(|id| {
+                        roster
+                            .modules
+                            .iter()
+                            .find(|m| &m.manifest.id == id)
+                            .cloned()
+                    })
                     .collect();
                 if modules.len() != a.modules.len() {
                     return Err(format!("agent {} 的模块已不在清单", a.name));
Diff in /Users/runner/work/Solomni/Solomni/src/core/mod.rs:1308:
                 }
-                let sb = sandboxes
-                    .for_agent(&a.name)
-                    .cloned()
-                    .ok_or_else(|| format!("会话 {} 缺少 agent {} 的沙箱信息", meta.name, a.name))?;
+                let sb = sandboxes.for_agent(&a.name).cloned().ok_or_else(|| {
+                    format!("会话 {} 缺少 agent {} 的沙箱信息", meta.name, a.name)
+                })?;
                 let channel = a
                     .model
                     .as_deref()
Diff in /Users/runner/work/Solomni/Solomni/src/core/mod.rs:1338:
                 let mut marks: Vec<usize> = Vec::new();
                 let mut line_reply: Vec<u64> = Vec::new();
                 let texts = &self.prompts.core.tool_texts;
-                let reply_of = |v: &serde_json::Value| v.get("reply").and_then(|x| x.as_u64()).unwrap_or(0);
+                let reply_of =
+                    |v: &serde_json::Value| v.get("reply").and_then(|x| x.as_u64()).unwrap_or(0);
                 let mut i = 0usize;
                 while i < rows.len() {
                     let l = rows[i];
Diff in /Users/runner/work/Solomni/Solomni/src/core/mod.rs:1354:
                         // 落行时写入）；整组一起翻译成消息，靠的正是这个号——不靠"相邻行猜分组"。
                         let reply = reply_of(l.get("tool").expect("已判存在"));
                         let mut group: Vec<&serde_json::Value> = Vec::new();
-                        while i < rows.len() && reply_of(rows[i].get("tool").unwrap_or(&serde_json::Value::Null)) == reply {
+                        while i < rows.len()
+                            && reply_of(rows[i].get("tool").unwrap_or(&serde_json::Value::Null))
+                                == reply
+                        {
                             group.push(rows[i]);
                             i += 1;
                         }
Diff in /Users/runner/work/Solomni/Solomni/src/core/mod.rs:1361:
                         // 这一回复的助手消息正文（空正文的回复不带 raw；组内取一份即可）。
                         let raw = group
                             .iter()
-                            .find_map(|t| t.get("tool").and_then(|x| x.get("raw")).and_then(|x| x.as_str()).filter(|s| !s.is_empty()))
+                            .find_map(|t| {
+                                t.get("tool")
+                                    .and_then(|x| x.get("raw"))
+                                    .and_then(|x| x.as_str())
+                                    .filter(|s| !s.is_empty())
+                            })
                             .unwrap_or_default();
                         let views: Vec<crate::core::events::ToolCallView> = group
                             .iter()
Diff in /Users/runner/work/Solomni/Solomni/src/core/mod.rs:1378:
                     } else {
                         // 文本行：它紧跟 tool 行时属于同一次回复（历史由那组 tool 行统一推进，这里不推）；
                         // 否则这一行自己就是一条回复，推 assistant(该行文本)。
-                        let next_is_tool = rows.get(i + 1).map(|n| n.get("tool").is_some()).unwrap_or(false);
+                        let next_is_tool = rows
+                            .get(i + 1)
+                            .map(|n| n.get("tool").is_some())
+                            .unwrap_or(false);
                         if !next_is_tool {
-                            let text = line.split_once("] ").map(|(_, t)| t).unwrap_or(line).to_string();
+                            let text = line
+                                .split_once("] ")
+                                .map(|(_, t)| t)
+                                .unwrap_or(line)
+                                .to_string();
                             history.push(Msg::assistant(text));
                         }
                         line_reply.push(reply_of(l));
Diff in /Users/runner/work/Solomni/Solomni/src/core/mod.rs:1392:
                 let mut tools = self.tools_env(&modules, &sb, unavailable, meta.exec.net, mode);
                 // 回复 id 跨重启单调：从转录里的最大值续号，否则新回复会与旧回复并成一组。
                 tools.reply_seq = crate::core::engine::max_reply(events);
-                let roots = crate::core::refs::RefRoots { work: sb.shared.clone(), private: Some(sb.private.clone()) };
+                let roots = crate::core::refs::RefRoots {
+                    work: sb.shared.clone(),
+                    private: Some(sb.private.clone()),
+                };
                 Ok(Session::Single(session::AgentSession::restore(
                     &a.name,
                     history,
Diff in /Users/runner/work/Solomni/Solomni/src/core/mod.rs:1412:
 
     /// 继续：由用户点击授权。单 agent 会话需要轮到用户（末条是 AI 就只提醒、不发请求）；
     /// 协作不需要用户发言，继续 = 从断点推进流水线。
-    pub fn continue_flow(&mut self, sid: &str, live: &mut Live) -> Result<Vec<SessionEvent>, String> {
+    pub fn continue_flow(
+        &mut self,
+        sid: &str,
+        live: &mut Live,
+    ) -> Result<Vec<SessionEvent>, String> {
         self.ensure_session(sid)?;
         let mut events = {
             let s = self.sessions.get_mut(sid).ok_or("无此活动会话")?;
Diff in /Users/runner/work/Solomni/Solomni/src/core/mod.rs:1487:
             if let Some(lines) = ev.get("lines").and_then(|l| l.as_array()) {
                 let kept: Vec<serde_json::Value> = lines
                     .iter()
-                    .take_while(|l| l.get("id").and_then(|i| i.as_u64()).map(|i| i < keep).unwrap_or(false))
+                    .take_while(|l| {
+                        l.get("id")
+                            .and_then(|i| i.as_u64())
+                            .map(|i| i < keep)
+                            .unwrap_or(false)
+                    })
                     .cloned()
                     .collect();
                 let done = kept.len() < lines.len();
Diff in /Users/runner/work/Solomni/Solomni/src/core/mod.rs:1550:
         if ev.get("type").and_then(|t| t.as_str()) != Some("transcript") {
             continue;
         }
-        let Some(lines) = ev.get("lines").and_then(|l| l.as_array()) else { continue };
+        let Some(lines) = ev.get("lines").and_then(|l| l.as_array()) else {
+            continue;
+        };
         for l in lines {
-            if l.get("line").and_then(|x| x.as_str()).map(|s| s.starts_with(prefix)).unwrap_or(false) {
+            if l.get("line")
+                .and_then(|x| x.as_str())
+                .map(|s| s.starts_with(prefix))
+                .unwrap_or(false)
+            {
                 found = l.get("id").and_then(|i| i.as_u64());
             }
         }
Diff in /Users/runner/work/Solomni/Solomni/src/core/mod.rs:1562:
 
 /// 会话是否「已经开过」（流水里有内容）：agent 名单与形态据此冻结。配置记录与回档记录不算内容。
 fn session_started(events: &[serde_json::Value]) -> bool {
-    events.iter().any(|ev| match ev.get("type").and_then(|t| t.as_str()) {
-        Some("config") | Some("rewind") => false,
-        Some("transcript") => ev.get("lines").and_then(|l| l.as_array()).map(|l| !l.is_empty()).unwrap_or(false),
-        Some(_) => true,
-        None => false,
-    })
+    events
+        .iter()
+        .any(|ev| match ev.get("type").and_then(|t| t.as_str()) {
+            Some("config") | Some("rewind") => false,
+            Some("transcript") => ev
+                .get("lines")
+                .and_then(|l| l.as_array())
+                .map(|l| !l.is_empty())
+                .unwrap_or(false),
+            Some(_) => true,
+            None => false,
+        })
 }
 
 /// 工作形态 → 会话元信息里的标识。
Diff in /Users/runner/work/Solomni/Solomni/src/core/mod.rs:1597:
             why.push(a.why);
         }
     }
-    AgentSuggestion { name: "组合".to_string(), modules, model, why: why.join("；"), reuse: false }
+    AgentSuggestion {
+        name: "组合".to_string(),
+        modules,
+        model,
+        why: why.join("；"),
+        reuse: false,
+    }
 }
 
 /// 当前时间戳（秒）。
Diff in /Users/runner/work/Solomni/Solomni/src/core/module.rs:43:
 impl ToolDecl {
     /// 参数契约的声明形态（校验与渲染共用）；没声明参数 = None = 不校验。
     pub fn schema(&self) -> Option<crate::core::schema::ToolSchema> {
-        self.params.as_ref().map(|p| crate::core::schema::ToolSchema {
-            desc: self.desc.clone(),
-            params: Some(p.clone()),
-            parallel: self.parallel,
-        })
+        self.params
+            .as_ref()
+            .map(|p| crate::core::schema::ToolSchema {
+                desc: self.desc.clone(),
+                params: Some(p.clone()),
+                parallel: self.parallel,
+            })
     }
 }
 
Diff in /Users/runner/work/Solomni/Solomni/src/core/module.rs:119:
             (
                 "tool_calling",
                 match mode {
-                    crate::core::providers::ToolMode::Native => prompts.core.tool_calling_native.clone(),
-                    crate::core::providers::ToolMode::Envelope => prompts.core.tool_calling_envelope.clone(),
+                    crate::core::providers::ToolMode::Native => {
+                        prompts.core.tool_calling_native.clone()
+                    }
+                    crate::core::providers::ToolMode::Envelope => {
+                        prompts.core.tool_calling_envelope.clone()
+                    }
                 },
             ),
         ],
Diff in /Users/runner/work/Solomni/Solomni/src/core/module.rs:148:
     if sections.is_empty() {
         return prompts.core.no_module_tool_params.clone();
     }
-    format!("{}\n{}", prompts.core.module_tool_params_header, sections.join("\n"))
+    format!(
+        "{}\n{}",
+        prompts.core.module_tool_params_header,
+        sections.join("\n")
+    )
 }
 
 /// 该 agent 的外部工具清单：**按模块分组，每行一个模块**（模块 id：工具名、…）。
Diff in /Users/runner/work/Solomni/Solomni/src/core/module.rs:166:
                 .cloned()
                 .collect::<Vec<_>>()
                 .join(&texts.tool_list_separator);
-            texts.render(&texts.module_tools_line, &[("id", m.manifest.id.clone()), ("tools", names)])
+            texts.render(
+                &texts.module_tools_line,
+                &[("id", m.manifest.id.clone()), ("tools", names)],
+            )
         })
         .collect();
     if lines.is_empty() {
Diff in /Users/runner/work/Solomni/Solomni/src/core/module.rs:187:
     roster
         .modules
         .iter()
-        .map(|m| texts.render(&texts.module_listing_line, &[("id", m.manifest.id.clone()), ("brief", m.manifest.brief.clone())]))
+        .map(|m| {
+            texts.render(
+                &texts.module_listing_line,
+                &[
+                    ("id", m.manifest.id.clone()),
+                    ("brief", m.manifest.brief.clone()),
+                ],
+            )
+        })
         .collect::<Vec<_>>()
         .join("\n")
 }
Diff in /Users/runner/work/Solomni/Solomni/src/core/packages.rs:16:
     if name.len() > 64 {
         return false;
     }
-    name.chars().all(|c| c.is_ascii_lowercase() || c.is_ascii_digit() || matches!(c, '-' | '_' | '.'))
+    name.chars()
+        .all(|c| c.is_ascii_lowercase() || c.is_ascii_digit() || matches!(c, '-' | '_' | '.'))
 }
 
 /// kind 取值：包整体挂到自己的独立前缀（可重定位、只读、互不干扰）。
Diff in /Users/runner/work/Solomni/Solomni/src/core/packages.rs:87:
                 rejected.push(format!("{}@{}：{}", manifest.id, manifest.version, why));
                 continue;
             }
-            if packages.iter().any(|p| p.id == manifest.id && p.version == manifest.version) {
+            if packages
+                .iter()
+                .any(|p| p.id == manifest.id && p.version == manifest.version)
+            {
                 rejected.push(format!(
                     "{}@{}：同一 id 与版本出现两次（只收先出现的那份）",
                     manifest.id, manifest.version
Diff in /Users/runner/work/Solomni/Solomni/src/core/packages.rs:96:
             }
             packages.push(manifest);
         }
-        packages.sort_by(|a, b| (a.id.as_str(), a.version.as_str()).cmp(&(b.id.as_str(), b.version.as_str())));
+        packages.sort_by(|a, b| {
+            (a.id.as_str(), a.version.as_str()).cmp(&(b.id.as_str(), b.version.as_str()))
+        });
         Library { packages, rejected }
     }
 
Diff in /Users/runner/work/Solomni/Solomni/src/core/packages.rs:103:
     /// 提供该能力的所有版本（升序稳定）；空 = 库里没有任何包提供它。
     pub fn versions_of(&self, capability: &str) -> Vec<&PackageManifest> {
-        self.packages.iter().filter(|p| p.id == capability).collect()
+        self.packages
+            .iter()
+            .filter(|p| p.id == capability)
+            .collect()
     }
 
     /// 定版取包：能力 + 精确版本。
Diff in /Users/runner/work/Solomni/Solomni/src/core/packages.rs:109:
     pub fn pick(&self, capability: &str, version: &str) -> Option<&PackageManifest> {
-        self.packages.iter().find(|p| p.id == capability && p.version == version)
+        self.packages
+            .iter()
+            .find(|p| p.id == capability && p.version == version)
     }
 
     /// 能力名 → 可用版本（呈现用：运行能力报告）。
Diff in /Users/runner/work/Solomni/Solomni/src/core/packages.rs:123:
 /// 清单校验（纯逻辑；由 Library::build 调用）：非法 = 拒收并说明原因，不纠正。
 pub fn check_manifest(m: &PackageManifest) -> Result<(), String> {
     if !valid_capability(&m.id) {
-        return Err("id 不合法（只允许小写字母、数字、- _ .，且以字母或数字开头，长度 1..=64）".to_string());
+        return Err(
+            "id 不合法（只允许小写字母、数字、- _ .，且以字母或数字开头，长度 1..=64）".to_string(),
+        );
     }
-    if m.version.trim().is_empty() || m.version.chars().any(|c| c.is_whitespace() || matches!(c, '/' | '\\')) {
+    if m.version.trim().is_empty()
+        || m.version
+            .chars()
+            .any(|c| c.is_whitespace() || matches!(c, '/' | '\\'))
+    {
         return Err("version 不能为空，也不能含空白或路径分隔符".to_string());
     }
     match m.kind.as_str() {
Diff in /Users/runner/work/Solomni/Solomni/src/core/packages.rs:132:
         KIND_PREFIX => {
             if !valid_rel_path(&m.prefix) {
-                return Err("kind = prefix 时必须给出合法的 prefix（相对、/ 分隔、无空段、无 . 与 ..）".to_string());
+                return Err(
+                    "kind = prefix 时必须给出合法的 prefix（相对、/ 分隔、无空段、无 . 与 ..）"
+                        .to_string(),
+                );
             }
             if !m.provides_paths.is_empty() {
-                return Err("kind = prefix 的包不该声明 provides_paths（那是 system 类包的事）".to_string());
+                return Err(
+                    "kind = prefix 的包不该声明 provides_paths（那是 system 类包的事）".to_string(),
+                );
             }
         }
         KIND_SYSTEM => {
Diff in /Users/runner/work/Solomni/Solomni/src/core/packages.rs:141:
             if m.provides_paths.is_empty() {
-                return Err("kind = system 时必须声明 provides_paths（它会写进 guest 系统路径）".to_string());
+                return Err(
+                    "kind = system 时必须声明 provides_paths（它会写进 guest 系统路径）"
+                        .to_string(),
+                );
             }
             for p in &m.provides_paths {
                 if !valid_rel_path(p) {
Diff in /Users/runner/work/Solomni/Solomni/src/core/packages.rs:147:
                 }
             }
         }
-        other => return Err(format!("kind 只认 {} 与 {}，收到：{}", KIND_PREFIX, KIND_SYSTEM, other)),
+        other => {
+            return Err(format!(
+                "kind 只认 {} 与 {}，收到：{}",
+                KIND_PREFIX, KIND_SYSTEM, other
+            ))
+        }
     }
     for r in &m.requires {
         if !valid_capability(r) {
Diff in /Users/runner/work/Solomni/Solomni/src/core/packages.rs:165:
     if p.is_empty() || p.starts_with('/') || p.contains('\\') {
         return false;
     }
-    p.split('/').all(|seg| !seg.is_empty() && seg != "." && seg != "..")
+    p.split('/')
+        .all(|seg| !seg.is_empty() && seg != "." && seg != "..")
 }
 
 /// 系统路径冲突预检：两个包会写到同一处（相等或互为前缀）——叠加时互相覆盖，顺序消解不了。
Diff in /Users/runner/work/Solomni/Solomni/src/core/packages.rs:191:
                 continue; // 同一个包自己的两条路径不算冲突
             }
             if overlaps(a, b) {
-                let shorter = if a.len() <= b.len() { a.clone() } else { b.clone() };
+                let shorter = if a.len() <= b.len() {
+                    a.clone()
+                } else {
+                    b.clone()
+                };
                 out.push((shorter, la.clone(), lb.clone()));
             }
         }
Diff in /Users/runner/work/Solomni/Solomni/src/core/ports.rs:44:
 impl<'a> CompleteOpts<'a> {
     /// 本次不声明工具（手写信封模式；测试替身与演示通道也用它）。
     pub fn plain(stream: bool) -> CompleteOpts<'a> {
-        CompleteOpts { stream, tools: None }
+        CompleteOpts {
+            stream,
+            tools: None,
+        }
     }
 }
 
Diff in /Users/runner/work/Solomni/Solomni/src/core/ports.rs:59:
 }
 
 pub trait Chat {
-    fn complete(&mut self, messages: &[Msg], opts: CompleteOpts<'_>, on: &mut dyn FnMut(Chunk) -> bool) -> Completion;
+    fn complete(
+        &mut self,
+        messages: &[Msg],
+        opts: CompleteOpts<'_>,
+        on: &mut dyn FnMut(Chunk) -> bool,
+    ) -> Completion;
 }
 
 /// 拥有所有权的会话通道（装箱端口对象；会话可跨线程移动，Web 泵线程所需）。
Diff in /Users/runner/work/Solomni/Solomni/src/core/ports.rs:81:
 }
 
 impl Msg {
-    pub fn system(content: impl Into<String>) -> Msg { Msg::plain("system", content) }
-    pub fn user(content: impl Into<String>) -> Msg { Msg::plain("user", content) }
-    pub fn assistant(content: impl Into<String>) -> Msg { Msg::plain("assistant", content) }
+    pub fn system(content: impl Into<String>) -> Msg {
+        Msg::plain("system", content)
+    }
+    pub fn user(content: impl Into<String>) -> Msg {
+        Msg::plain("user", content)
+    }
+    pub fn assistant(content: impl Into<String>) -> Msg {
+        Msg::plain("assistant", content)
+    }
     /// 一次回复的助手消息：正文 + 它发起的**全部**调用（一次回复多个调用就靠它）。
     pub fn assistant_calls(content: impl Into<String>, calls: Vec<ToolCall>) -> Msg {
-        Msg { tool_calls: calls, ..Msg::plain("assistant", content) }
+        Msg {
+            tool_calls: calls,
+            ..Msg::plain("assistant", content)
+        }
     }
     /// 一条工具结果：回应某个调用 id（协议要求与助手消息里的调用成对出现）。
     pub fn tool(call_id: &str, content: impl Into<String>) -> Msg {
Diff in /Users/runner/work/Solomni/Solomni/src/core/ports.rs:93:
-        Msg { tool_call_id: call_id.to_string(), ..Msg::plain("tool", content) }
+        Msg {
+            tool_call_id: call_id.to_string(),
+            ..Msg::plain("tool", content)
+        }
     }
     fn plain(role: &str, content: impl Into<String>) -> Msg {
         Msg {
Diff in /Users/runner/work/Solomni/Solomni/src/core/ports.rs:119:
 impl Completion {
     /// 没有结束原因、没有原生调用的通道（演示通道、测试替身、本地失败兜底）：只有正文。
     pub fn text(raw: impl Into<String>) -> Completion {
-        Completion { raw: raw.into(), finish: String::new(), calls: Vec::new() }
+        Completion {
+            raw: raw.into(),
+            finish: String::new(),
+            calls: Vec::new(),
+        }
     }
 
     /// 这一次是不是被输出长度截断的。
Diff in /Users/runner/work/Solomni/Solomni/src/core/ports.rs:174:
     /// work/ 下是否已有同名文件（上传同名冲突判定）。
     fn work_has(&self, session: &str, name: &str) -> bool;
     /// 沙箱寻址根（work 与各 agent 私有区）：布局机制在适配层，拼接与越界校验在 core。
-    fn roots(&self, session: &str, agents: &[String]) -> Result<crate::core::workspace::WorkRoots, String>;
+    fn roots(
+        &self,
+        session: &str,
+        agents: &[String],
+    ) -> Result<crate::core::workspace::WorkRoots, String>;
     /// 列出本工作可引用的文件（work/ 与各 agent 沙箱；相对路径、/ 分隔、排序稳定）。
-    fn list(&self, session: &str, agents: &[String]) -> Result<crate::core::workspace::WorkFiles, String>;
+    fn list(
+        &self,
+        session: &str,
+        agents: &[String],
+    ) -> Result<crate::core::workspace::WorkFiles, String>;
 }
 
 /// 一次文件读取：文本 + 原始字节数 + 编码与截断的如实标注。
Diff in /Users/runner/work/Solomni/Solomni/src/core/ports.rs:212:
 /// 「用哪条模型通道」由 core 解析后传入（策略在 core）——网关不做选择。
 /// channel = None 表示无可用模型：实现方必须回落演示通道并如实告知（不得静默）。
 pub trait ChatGateway {
-    fn member_channel(&self, channel: Option<&Channel>, module_id: &str) -> (BoxedChat, Option<String>);
+    fn member_channel(
+        &self,
+        channel: Option<&Channel>,
+        module_id: &str,
+    ) -> (BoxedChat, Option<String>);
     /// 核心自身通道（整理/验收/代拟/推荐）；bool = 是否演示通道（供如实告知）。
     fn core_channel(&self, channel: Option<&Channel>) -> (BoxedChat, bool);
     /// 实测这条通道支不支持原生工具调用（发两条最小请求对比：不带 tools / 带 tools）。
Diff in /Users/runner/work/Solomni/Solomni/src/core/ports.rs:255:
 /// 工具执行端口：机制（围栏安装/进程拉起/stdin 送参/超时杀树/截断）在适配层。
 /// 策略在核心：哪个模块能调哪个工具、命令映射、可达到哪些根，由核心按 module.yaml 与沙箱派生后传入。
 pub trait ToolRunner {
-    fn run(&self, fence: &crate::core::fence::FenceSpec, command: &str, args_json: &str) -> ToolOutcome;
+    fn run(
+        &self,
+        fence: &crate::core::fence::FenceSpec,
+        command: &str,
+        args_json: &str,
+    ) -> ToolOutcome;
 }
 
 /// 一次信封修复的结果。
Diff in /Users/runner/work/Solomni/Solomni/src/core/prompt.rs:27:
             }
         }
         // 字面 {{（非占位）按原样保留；JSON 示例中的花括号不受影响（单括号）。
-        let ch_len = template[i..].chars().next().map(|c| c.len_utf8()).unwrap_or(1);
+        let ch_len = template[i..]
+            .chars()
+            .next()
+            .map(|c| c.len_utf8())
+            .unwrap_or(1);
         out.push_str(&template[i..i + ch_len]);
         i += ch_len;
     }
Diff in /Users/runner/work/Solomni/Solomni/src/core/prompt.rs:309:
         if tail.envelopes > 1 {
             return self.render(
                 &self.malformed_multi,
-                &[("n", tail.envelopes.to_string()), ("missing", tail.missing.clone())],
+                &[
+                    ("n", tail.envelopes.to_string()),
+                    ("missing", tail.missing.clone()),
+                ],
             );
         }
         if tail.in_string {
Diff in /Users/runner/work/Solomni/Solomni/src/core/prompt.rs:316:
             self.malformed_unclosed_string.clone()
         } else {
-            self.render(&self.malformed_unclosed_brace, &[("missing", tail.missing.clone())])
+            self.render(
+                &self.malformed_unclosed_brace,
+                &[("missing", tail.missing.clone())],
+            )
         }
     }
 
Diff in /Users/runner/work/Solomni/Solomni/src/core/prompt.rs:324:
         if tail.in_string {
             self.malformed_cut_string.clone()
         } else {
-            self.render(&self.malformed_missing_tail, &[("missing", tail.missing.clone())])
+            self.render(
+                &self.malformed_missing_tail,
+                &[("missing", tail.missing.clone())],
+            )
         }
     }
 
Diff in /Users/runner/work/Solomni/Solomni/src/core/prompt.rs:337:
                     '\n' => self.control_lf.clone(),
                     '\r' => self.control_cr.clone(),
                     '\t' => self.control_tab.clone(),
-                    other => self.render(&self.control_other, &[("code", format!("{:04X}", *other as u32))]),
+                    other => self.render(
+                        &self.control_other,
+                        &[("code", format!("{:04X}", *other as u32))],
+                    ),
                 };
-                let mut out = self.render(&self.malformed_control, &[("what", what), ("line", line.to_string())]);
+                let mut out = self.render(
+                    &self.malformed_control,
+                    &[("what", what), ("line", line.to_string())],
+                );
                 // 同时还没闭合就一并说清（只说一处会让模型改错方向）
                 if let Some(t) = tail {
                     out.push('\n');
Diff in /Users/runner/work/Solomni/Solomni/src/core/prompt.rs:426:
 
 impl Prompts {
     pub fn render<'a>(&self, template: &str, vars: Vars<'a>) -> String {
-        render(template, vars).expect("提示词渲染失败：变量缺失属于装配错误，须修复 prompts.yaml 或调用方")
+        render(template, vars)
+            .expect("提示词渲染失败：变量缺失属于装配错误，须修复 prompts.yaml 或调用方")
     }
 }
+
Diff in /Users/runner/work/Solomni/Solomni/src/core/providers.rs:80:
 
 impl Default for AppSettings {
     fn default() -> Self {
-        AppSettings { streaming: true, show_reasoning: true, tier: crate::core::exec::Tier::Host, fence_write: false }
+        AppSettings {
+            streaming: true,
+            show_reasoning: true,
+            tier: crate::core::exec::Tier::Host,
+            fence_write: false,
+        }
     }
 }
 
Diff in /Users/runner/work/Solomni/Solomni/src/core/providers.rs:107:
 impl Settings {
     /// 模型 id → 成品通道；模型或供应商缺失 = 报错（不猜测回退）。
     pub fn resolve(&self, model_id: &str) -> Result<Channel, String> {
-        let m = self.models.get(model_id).ok_or_else(|| format!("无此模型：{}", model_id))?;
+        let m = self
+            .models
+            .get(model_id)
+            .ok_or_else(|| format!("无此模型：{}", model_id))?;
         let p = self
             .providers
             .get(&m.provider)
Diff in /Users/runner/work/Solomni/Solomni/src/core/providers.rs:114:
             .ok_or_else(|| format!("模型 {} 引用的供应商不存在：{}", model_id, m.provider))?;
-        Ok(Channel { provider: p.clone(), model: m.api_model.clone() })
+        Ok(Channel {
+            provider: p.clone(),
+            model: m.api_model.clone(),
+        })
     }
 
     /// 某 agent 的工具调用形态：它自己的模型优先，其次核心默认；两者都没有 = envelope（兜底，任何供应商都能用）。
Diff in /Users/runner/work/Solomni/Solomni/src/core/providers.rs:133:
     pub fn provider_views(&self) -> Vec<ProviderView> {
         self.providers
             .iter()
-            .map(|(id, p)| ProviderView { id: id.clone(), base_url: p.base_url.clone() })
+            .map(|(id, p)| ProviderView {
+                id: id.clone(),
+                base_url: p.base_url.clone(),
+            })
             .collect()
     }
 
Diff in /Users/runner/work/Solomni/Solomni/src/core/providers.rs:152:
             })
             .collect()
     }
-
 }
 
 /// 供应商展示视图（不含密钥）。
Diff in /Users/runner/work/Solomni/Solomni/src/core/refs.rs:42:
             if let Some((agent, rel, consumed)) = take_sandbox_ref(body) {
                 // 自己的沙箱：用真实根；别人的/协作：给册子里的说明（不泄漏真实路径）。
                 let own = match speaker {
-                    Some(me) if me == agent => roots.private.as_ref().and_then(|p| full_path(p, rel)),
+                    Some(me) if me == agent => {
+                        roots.private.as_ref().and_then(|p| full_path(p, rel))
+                    }
                     _ => None,
                 };
                 let rendered = match own {
Diff in /Users/runner/work/Solomni/Solomni/src/core/refs.rs:81:
 /// 引用别人（或协作）的沙箱：用册子文案如实说明谁能读，不给出真实路径。
 /// 单 agent 形态（speaker 是别人）用 foreign_sandbox；协作（speaker = None）用 collab_sandbox。
 fn sandbox_note(agent: &str, rel: &str, speaker: Option<&str>, texts: &RefsPrompts) -> String {
-    let template = if speaker.is_none() { &texts.collab_sandbox } else { &texts.foreign_sandbox };
-    crate::core::prompt::render(template, &[("agent", agent.to_string()), ("path", rel.to_string())])
-        .expect("refs 文案变量由调用方保证（缺变量属于装配错误）")
+    let template = if speaker.is_none() {
+        &texts.collab_sandbox
+    } else {
+        &texts.foreign_sandbox
+    };
+    crate::core::prompt::render(
+        template,
+        &[("agent", agent.to_string()), ("path", rel.to_string())],
+    )
+    .expect("refs 文案变量由调用方保证（缺变量属于装配错误）")
 }
 
 /// 取一段引用路径：带引号（"…"）时取到下一个引号为止（引号本身不进结果）；
Diff in /Users/runner/work/Solomni/Solomni/src/core/refs.rs:141:
     c.is_whitespace()
         || matches!(
             c,
-            '，' | '。' | '；' | '、' | '！' | '？' | '：' | ',' | ';' | '!' | '?' | ':' | '）' | ')' | '」' | '』' | '】' | '》'
+            '，' | '。'
+                | '；'
+                | '、'
+                | '！'
+                | '？'
+                | '：'
+                | ','
+                | ';'
+                | '!'
+                | '?'
+                | ':'
+                | '）'
+                | ')'
+                | '」'
+                | '』'
+                | '】'
+                | '》'
         )
 }
+
Diff in /Users/runner/work/Solomni/Solomni/src/core/session.rs:113:
 
     /// 开场事件（通道回落告知）。
     pub fn open(&self) -> Vec<SessionEvent> {
-        self.note.clone().map(|n| vec![SessionEvent::Notice(n)]).unwrap_or_default()
+        self.note
+            .clone()
+            .map(|n| vec![SessionEvent::Notice(n)])
+            .unwrap_or_default()
     }
 
     /// 生成一条转录行，并记下它完成时的历史长度（回档按 marks 逐行精确回退）与它属于哪次回复。
Diff in /Users/runner/work/Solomni/Solomni/src/core/session.rs:120:
-    fn line(&mut self, line: String, reasoning: Option<String>, tool: Option<ToolCallView>) -> LineView {
+    fn line(
+        &mut self,
+        line: String,
+        reasoning: Option<String>,
+        tool: Option<ToolCallView>,
+    ) -> LineView {
         let reply = self.cur_reply;
-        let v = LineView { id: self.next_line, reply, line, reasoning, tool, degraded: false };
+        let v = LineView {
+            id: self.next_line,
+            reply,
+            line,
+            reasoning,
+            tool,
+            degraded: false,
+        };
         self.next_line += 1;
         self.line_reply.push(reply);
         self.marks.push(self.history.len());
Diff in /Users/runner/work/Solomni/Solomni/src/core/session.rs:186:
             let has_line = !text.is_empty() || !round.reasoning.trim().is_empty();
             // 供应商说是长度截断：如实写在行尾（与"已停止"同一套做法）
             let truncated = round.truncated();
-            let mut reasoning = if round.reasoning.trim().is_empty() { None } else { Some(round.reasoning.clone()) };
+            let mut reasoning = if round.reasoning.trim().is_empty() {
+                None
+            } else {
+                Some(round.reasoning.clone())
+            };
             match round.tool {
                 Some(run) => {
                     // 先出「思考+正文」文本行（只有信封没有正文/思维链时不出空行）。
Diff in /Users/runner/work/Solomni/Solomni/src/core/session.rs:202:
                         if truncated {
                             line.push_str(&self.tool_texts.truncated_suffix);
                         }
-                        out.push(SessionEvent::Transcript(vec![self.line(line, reasoning.take(), None)]));
+                        out.push(SessionEvent::Transcript(vec![self.line(
+                            line,
+                            reasoning.take(),
+                            None,
+                        )]));
                     }
                     for m in round.text_msgs {
                         self.history.push(m);
Diff in /Users/runner/work/Solomni/Solomni/src/core/session.rs:213:
                     let status = if run.view.ok { "成功" } else { "失败" };
                     // 没有文本行时思维链挂到工具行上，不丢。
                     let line = format!("[{}] 工具 {} → {}", self.id, run.view.label(), status);
-                    out.push(SessionEvent::Transcript(vec![self.line(line, reasoning.take(), Some(run.view))]));
+                    out.push(SessionEvent::Transcript(vec![self.line(
+                        line,
+                        reasoning.take(),
+                        Some(run.view),
+                    )]));
                 }
                 None => {
                     for m in round.text_msgs {
Diff in /Users/runner/work/Solomni/Solomni/src/core/session.rs:231:
                         if truncated {
                             line.push_str(&self.tool_texts.truncated_suffix);
                         }
-                        out.push(SessionEvent::Transcript(vec![self.line(line, reasoning.take(), None)]));
+                        out.push(SessionEvent::Transcript(vec![self.line(
+                            line,
+                            reasoning.take(),
+                            None,
+                        )]));
                     }
                 }
             }
Diff in /Users/runner/work/Solomni/Solomni/src/core/session.rs:238:
         }
         if stopped {
-            out.push(SessionEvent::Notice("[已停止] 生成已按你的要求中止（保留已产出的部分）".to_string()));
+            out.push(SessionEvent::Notice(
+                "[已停止] 生成已按你的要求中止（保留已产出的部分）".to_string(),
+            ));
         }
         out
     }
Diff in /Users/runner/work/Solomni/Solomni/src/core/session.rs:251:
         let emit = std::cell::RefCell::new(&mut *live.emit);
         let mut acc = String::new();
         {
-            let AgentSession { history, chat, tools, .. } = self;
+            let AgentSession {
+                history,
+                chat,
+                tools,
+                ..
+            } = self;
             crate::core::engine::converse_with(
                 chat.as_mut(),
                 tools.as_mut(),
Diff in /Users/runner/work/Solomni/Solomni/src/core/session.rs:276:
                             piece = r.clone();
                         }
                     }
-                    (emit.borrow_mut())(SessionEvent::Delta { speaker: label.clone(), kind: kind.to_string(), text: piece });
+                    (emit.borrow_mut())(SessionEvent::Delta {
+                        speaker: label.clone(),
+                        kind: kind.to_string(),
+                        text: piece,
+                    });
                     !cancel.load(std::sync::atomic::Ordering::Relaxed)
                 },
                 &mut |view: &ToolCallView| {
Diff in /Users/runner/work/Solomni/Solomni/src/core/systool.rs:52:
 pub fn patch_decl() -> crate::core::ports::ToolDecl {
     crate::core::ports::ToolDecl {
         name: PATCH.to_string(),
-        description: "用一段补丁文本改文件（*** Add File: 路径 / *** Update File: 路径 … *** End File）".to_string(),
+        description:
+            "用一段补丁文本改文件（*** Add File: 路径 / *** Update File: 路径 … *** End File）"
+                .to_string(),
         parameters: serde_json::json!({
             "type": "object",
             "properties": {
Diff in /Users/runner/work/Solomni/Solomni/src/core/systool.rs:80:
             .map(|(id, root)| {
                 sb.texts.render(
                     &sb.texts.module_root_line,
-                    &[("id", id.clone()), ("root", crate::core::workspace::slash(root))],
+                    &[
+                        ("id", id.clone()),
+                        ("root", crate::core::workspace::slash(root)),
+                    ],
                 )
             })
             .collect::<Vec<_>>()
Diff in /Users/runner/work/Solomni/Solomni/src/core/systool.rs:94:
             ("work_root", crate::core::workspace::slash(&sb.shared)),
             ("sandbox_root", crate::core::workspace::slash(&sb.private)),
             ("module_roots", module_roots),
-            ("tool_params", crate::core::schema::render_book(&sb.builtin_tools)),
             (
+                "tool_params",
+                crate::core::schema::render_book(&sb.builtin_tools),
+            ),
+            (
                 "patch_guide",
                 prompts.render(
                     &prompts.core.patch_guide,
Diff in /Users/runner/work/Solomni/Solomni/src/core/systool.rs:138:
         if complete {
             self.seen.insert(path.to_path_buf(), Seen::Known(hash));
         } else {
-            self.seen.entry(path.to_path_buf()).or_insert(Seen::Partial(why));
+            self.seen
+                .entry(path.to_path_buf())
+                .or_insert(Seen::Partial(why));
         }
     }
 
Diff in /Users/runner/work/Solomni/Solomni/src/core/systool.rs:234:
 
 /// 执行一次内置工具调用（args_json = 模型信封里的 args 对象）。
 /// 顺序：解析 JSON → 认工具 → 按声明校验参数 → 补缺省 → 寻址（内置工具一律需要一个 path）。
-pub fn execute(sb: &Sandbox, io: &dyn SysIo, obs: &mut Observations, name: &str, args_json: &str) -> ToolOutcome {
+pub fn execute(
+    sb: &Sandbox,
+    io: &dyn SysIo,
+    obs: &mut Observations,
+    name: &str,
+    args_json: &str,
+) -> ToolOutcome {
     let texts = &sb.texts;
     // 自由格式工具：输入是一段原样文本（不是 JSON），也不吃参数校验——认工具后就交给它自己解释。
     if is_freeform(name) {
Diff in /Users/runner/work/Solomni/Solomni/src/core/systool.rs:271:
         WRITE => write(sb, io, obs, &args, &spec, &path, &place),
         EDIT => edit(sb, io, obs, &args, &spec, &path),
         SEARCH => search(sb, io, &args, &spec, &path),
-        other => fail(sb.texts.render(&sb.texts.unknown_builtin, &[("name", other.to_string())])),
+        other => fail(
+            sb.texts
+                .render(&sb.texts.unknown_builtin, &[("name", other.to_string())]),
+        ),
     }
 }
 
Diff in /Users/runner/work/Solomni/Solomni/src/core/systool.rs:278:
 /// read：按行区间返回，行号从 1 数起；回执末尾告诉模型接着用哪个 offset，并如实记账"读到的是不是全文"。
-fn read(sb: &Sandbox, io: &dyn SysIo, obs: &mut Observations, args: &serde_json::Value, spec: &str, path: &Path) -> ToolOutcome {
+fn read(
+    sb: &Sandbox,
+    io: &dyn SysIo,
+    obs: &mut Observations,
+    args: &serde_json::Value,
+    spec: &str,
+    path: &Path,
+) -> ToolOutcome {
     let texts = &sb.texts;
     let got = match io.read(path) {
         Ok(g) => g,
Diff in /Users/runner/work/Solomni/Solomni/src/core/systool.rs:285:
     let header = |body: String| {
         texts.render(
             &texts.read_header,
-            &[("path", spec.to_string()), ("bytes", got.bytes.to_string()), ("text", body)],
+            &[
+                ("path", spec.to_string()),
+                ("bytes", got.bytes.to_string()),
+                ("text", body),
+            ],
         )
     };
     let lines: Vec<&str> = got.text.lines().collect();
Diff in /Users/runner/work/Solomni/Solomni/src/core/systool.rs:292:
     let total = lines.len();
     let offset = args.get("offset").and_then(|v| v.as_u64()).unwrap_or(1) as usize;
-    let limit = args.get("limit").and_then(|v| v.as_u64()).unwrap_or(total as u64).max(1) as usize;
+    let limit = args
+        .get("limit")
+        .and_then(|v| v.as_u64())
+        .unwrap_or(total as u64)
+        .max(1) as usize;
     let hash = fnv1a(&got.text);
     if offset > total {
         obs.note_read(path, false, texts.read_partial_none.clone(), hash);
Diff in /Users/runner/work/Solomni/Solomni/src/core/systool.rs:298:
         let note = texts.render(&texts.read_past_end, &[("total", total.to_string())]);
-        return ToolOutcome { ok: true, output: header(note) };
+        return ToolOutcome {
+            ok: true,
+            output: header(note),
+        };
     }
     let mut body: Vec<String> = Vec::new();
     let mut used = 0usize;
Diff in /Users/runner/work/Solomni/Solomni/src/core/systool.rs:303:
     let mut to = offset - 1;
     for (i, line) in lines.iter().enumerate().skip(offset - 1).take(limit) {
         let (text, cut) = truncate_chars(line, MAX_READ_LINE_CHARS);
-        let mut row = texts.render(&texts.read_line, &[("n", (i + 1).to_string()), ("line", text)]);
+        let mut row = texts.render(
+            &texts.read_line,
+            &[("n", (i + 1).to_string()), ("line", text)],
+        );
         if cut {
-            row.push_str(&texts.render(&texts.read_line_capped, &[("limit", MAX_READ_LINE_CHARS.to_string())]));
+            row.push_str(&texts.render(
+                &texts.read_line_capped,
+                &[("limit", MAX_READ_LINE_CHARS.to_string())],
+            ));
         }
         // 字符预算用完就停：至少给出第一行，绝不空手而归。
         let cost = row.chars().count() + 1;
Diff in /Users/runner/work/Solomni/Solomni/src/core/systool.rs:325:
     } else {
         texts.render(
             &texts.read_partial_range,
-            &[("from", offset.to_string()), ("to", to.to_string()), ("total", total.to_string())],
+            &[
+                ("from", offset.to_string()),
+                ("to", to.to_string()),
+                ("total", total.to_string()),
+            ],
         )
     };
     obs.note_read(path, complete, why, hash);
Diff in /Users/runner/work/Solomni/Solomni/src/core/systool.rs:332:
     let mut out = header(body.join("\n"));
     let tail = if got.cut {
         // 机制层只读了开头：总行数不可知，也不能声称"到文件末尾"。
-        texts.render(&texts.read_more_cut, &[("from", offset.to_string()), ("to", to.to_string())])
+        texts.render(
+            &texts.read_more_cut,
+            &[("from", offset.to_string()), ("to", to.to_string())],
+        )
     } else if to < total {
         texts.render(
             &texts.read_more,
Diff in /Users/runner/work/Solomni/Solomni/src/core/systool.rs:350:
     if got.lossy {
         out.push_str(&format!("\n{}", texts.lossy_note));
     }
-    ToolOutcome { ok: true, output: out }
+    ToolOutcome {
+        ok: true,
+        output: out,
+    }
 }
 
 /// 整份覆盖已存在文件的证据检查：本次会话里**完整读过**它、且读后没被改过（write 与 patch 的 Add 共用）。
Diff in /Users/runner/work/Solomni/Solomni/src/core/systool.rs:357:
-fn overwrite_check(texts: &ToolTexts, obs: &Observations, spec: &str, path: &Path, current: &str) -> Result<(), String> {
+fn overwrite_check(
+    texts: &ToolTexts,
+    obs: &Observations,
+    spec: &str,
+    path: &Path,
+    current: &str,
+) -> Result<(), String> {
     match obs.known(path) {
         Some(seen) if seen == fnv1a(current) => Ok(()),
         Some(_) => Err(texts.render(&texts.write_stale, &[("path", spec.to_string())])),
Diff in /Users/runner/work/Solomni/Solomni/src/core/systool.rs:361:
         None => Err(match obs.partial_why(path) {
-            Some(w) => texts.render(&texts.write_partial, &[("path", spec.to_string()), ("why", w)]),
+            Some(w) => texts.render(
+                &texts.write_partial,
+                &[("path", spec.to_string()), ("why", w)],
+            ),
             None => texts.render(&texts.write_need_read, &[("path", spec.to_string())]),
         }),
     }
Diff in /Users/runner/work/Solomni/Solomni/src/core/systool.rs:367:
 
 /// write：整份写入（同名文件被整份覆盖）。
 /// 覆盖已存在的文件必须先有"完整读过、且读后没被改过"的证据——否则拒绝，并让模型改用 edit。
-fn write(sb: &Sandbox, io: &dyn SysIo, obs: &mut Observations, args: &serde_json::Value, spec: &str, path: &Path, place: &Place) -> ToolOutcome {
+fn write(
+    sb: &Sandbox,
+    io: &dyn SysIo,
+    obs: &mut Observations,
+    args: &serde_json::Value,
+    spec: &str,
+    path: &Path,
+    place: &Place,
+) -> ToolOutcome {
     let texts = &sb.texts;
-    let content = args.get("content").and_then(|c| c.as_str()).unwrap_or_default();
+    let content = args
+        .get("content")
+        .and_then(|c| c.as_str())
+        .unwrap_or_default();
     match io.read(path) {
         // 读不到 = 还没有这个文件（新建不需要读过什么）；机制层的真实错误由下面的 write 如实报出。
         Err(_) => {}
Diff in /Users/runner/work/Solomni/Solomni/src/core/systool.rs:385:
     obs.note_written(path, fnv1a(content));
     let mut out = texts.render(
         &texts.write_header,
-        &[("path", spec.to_string()), ("chars", content.chars().count().to_string())],
+        &[
+            ("path", spec.to_string()),
+            ("chars", content.chars().count().to_string()),
+        ],
     );
     // 写进模块目录属于「动了自己的能力」：放行，但如实提示（模型可见；工具轨迹据此也给用户一句）。
     if let Place::Module(id) = place {
Diff in /Users/runner/work/Solomni/Solomni/src/core/systool.rs:392:
         out.push_str(&format!(
             "\n{}",
-            texts.render(&texts.write_module_note, &[("mark", MODULE_WRITE_MARK.to_string()), ("id", id.clone())])
+            texts.render(
+                &texts.write_module_note,
+                &[("mark", MODULE_WRITE_MARK.to_string()), ("id", id.clone())]
+            )
         ));
     }
-    ToolOutcome { ok: true, output: out }
+    ToolOutcome {
+        ok: true,
+        output: out,
+    }
 }
 
 /// edit：按字面替换一处（默认要求唯一命中）。证据是 old_string 本身——它就是要改的那段原文，不需要先读过。
Diff in /Users/runner/work/Solomni/Solomni/src/core/systool.rs:401:
 /// 被截断或含非法 UTF-8 的文件一律不改（改写会把没读到的部分或原始字节一起弄丢）。
-fn edit(sb: &Sandbox, io: &dyn SysIo, obs: &mut Observations, args: &serde_json::Value, spec: &str, path: &Path) -> ToolOutcome {
+fn edit(
+    sb: &Sandbox,
+    io: &dyn SysIo,
+    obs: &mut Observations,
+    args: &serde_json::Value,
+    spec: &str,
+    path: &Path,
+) -> ToolOutcome {
     let texts = &sb.texts;
-    let old = args.get("old_string").and_then(|v| v.as_str()).unwrap_or_default();
-    let new = args.get("new_string").and_then(|v| v.as_str()).unwrap_or_default();
-    let all = args.get("replace_all").and_then(|v| v.as_bool()).unwrap_or(false);
+    let old = args
+        .get("old_string")
+        .and_then(|v| v.as_str())
+        .unwrap_or_default();
+    let new = args
+        .get("new_string")
+        .and_then(|v| v.as_str())
+        .unwrap_or_default();
+    let all = args
+        .get("replace_all")
+        .and_then(|v| v.as_bool())
+        .unwrap_or(false);
     if old == new {
         return fail(texts.edit_same.clone());
     }
Diff in /Users/runner/work/Solomni/Solomni/src/core/systool.rs:420:
     let hay = got.text;
     let hits = find_all(&hay, old);
     if hits.is_empty() {
-        let mut why = texts.render(&texts.edit_no_match, &[("total", hay.lines().count().to_string())]);
+        let mut why = texts.render(
+            &texts.edit_no_match,
+            &[("total", hay.lines().count().to_string())],
+        );
         if let Some((line, actual)) = near_match(&hay, old) {
             why.push('\n');
-            why.push_str(&texts.render(&texts.edit_no_match_near, &[("line", line.to_string()), ("actual", actual)]));
+            why.push_str(&texts.render(
+                &texts.edit_no_match_near,
+                &[("line", line.to_string()), ("actual", actual)],
+            ));
         }
         return fail(why);
     }
Diff in /Users/runner/work/Solomni/Solomni/src/core/systool.rs:438:
         (hay.replace(old, new), hits.len())
     } else {
         let at = hits[0];
-        (format!("{}{}{}", &hay[..at], new, &hay[at + old.len()..]), 1)
+        (
+            format!("{}{}{}", &hay[..at], new, &hay[at + old.len()..]),
+            1,
+        )
     };
     if let Err(e) = io.write(path, &out) {
         return fail(e);
Diff in /Users/runner/work/Solomni/Solomni/src/core/systool.rs:448:
         ok: true,
         output: texts.render(
             &texts.edit_header,
-            &[("path", spec.to_string()), ("n", n.to_string()), ("lines", out.lines().count().to_string())],
+            &[
+                ("path", spec.to_string()),
+                ("n", n.to_string()),
+                ("lines", out.lines().count().to_string()),
+            ],
         ),
     }
 }
Diff in /Users/runner/work/Solomni/Solomni/src/core/systool.rs:455:
 
 /// search：逐行找关键词，返回带行号的命中行（命中总数与截断如实报）。
-fn search(sb: &Sandbox, io: &dyn SysIo, args: &serde_json::Value, spec: &str, path: &Path) -> ToolOutcome {
+fn search(
+    sb: &Sandbox,
+    io: &dyn SysIo,
+    args: &serde_json::Value,
+    spec: &str,
+    path: &Path,
+) -> ToolOutcome {
     let texts = &sb.texts;
-    let keyword = args.get("keyword").and_then(|k| k.as_str()).unwrap_or_default().to_string();
-    let ignore_case = args.get("ignore_case").and_then(|v| v.as_bool()).unwrap_or(false);
+    let keyword = args
+        .get("keyword")
+        .and_then(|k| k.as_str())
+        .unwrap_or_default()
+        .to_string();
+    let ignore_case = args
+        .get("ignore_case")
+        .and_then(|v| v.as_bool())
+        .unwrap_or(false);
     let got = match io.read(path) {
         Ok(g) => g,
         Err(e) => return fail(e),
Diff in /Users/runner/work/Solomni/Solomni/src/core/systool.rs:464:
     };
-    let needle = if ignore_case { keyword.to_lowercase() } else { keyword.clone() };
+    let needle = if ignore_case {
+        keyword.to_lowercase()
+    } else {
+        keyword.clone()
+    };
     let mut hits: Vec<(usize, String)> = Vec::new();
     let mut matched = 0usize;
     let mut total = 0usize;
Diff in /Users/runner/work/Solomni/Solomni/src/core/systool.rs:469:
     for (i, line) in got.text.lines().enumerate() {
         total += 1;
-        let hay = if ignore_case { line.to_lowercase() } else { line.to_string() };
+        let hay = if ignore_case {
+            line.to_lowercase()
+        } else {
+            line.to_string()
+        };
         if hay.contains(&needle) {
             matched += 1;
             if hits.len() < MAX_SEARCH_HITS {
Diff in /Users/runner/work/Solomni/Solomni/src/core/systool.rs:476:
             }
         }
     }
-    let mode = if ignore_case { texts.search_mode_insensitive.clone() } else { texts.search_mode_sensitive.clone() };
+    let mode = if ignore_case {
+        texts.search_mode_insensitive.clone()
+    } else {
+        texts.search_mode_sensitive.clone()
+    };
     let mut out = texts.render(
         &texts.search_header,
-        &[("path", spec.to_string()), ("keyword", keyword.clone()), ("mode", mode)],
+        &[
+            ("path", spec.to_string()),
+            ("keyword", keyword.clone()),
+            ("mode", mode),
+        ],
     );
     if hits.is_empty() {
         out.push_str(&format!("\n{}", texts.search_no_hits));
Diff in /Users/runner/work/Solomni/Solomni/src/core/systool.rs:487:
     for (n, line) in &hits {
         out.push_str(&format!(
             "\n{}",
-            texts.render(&texts.search_hit_line, &[("n", n.to_string()), ("line", line.clone())])
+            texts.render(
+                &texts.search_hit_line,
+                &[("n", n.to_string()), ("line", line.clone())]
+            )
         ));
     }
     out.push_str(&format!(
Diff in /Users/runner/work/Solomni/Solomni/src/core/systool.rs:494:
         "\n{}",
-        texts.render(&texts.search_summary, &[("hits", matched.to_string()), ("total", total.to_string())])
+        texts.render(
+            &texts.search_summary,
+            &[("hits", matched.to_string()), ("total", total.to_string())]
+        )
     ));
     if matched > hits.len() {
         out.push_str(&format!(
Diff in /Users/runner/work/Solomni/Solomni/src/core/systool.rs:499:
             "\n{}",
-            texts.render(&texts.search_truncated, &[("limit", MAX_SEARCH_HITS.to_string())])
+            texts.render(
+                &texts.search_truncated,
+                &[("limit", MAX_SEARCH_HITS.to_string())]
+            )
         ));
     }
     if got.lossy {
Diff in /Users/runner/work/Solomni/Solomni/src/core/systool.rs:506:
     if got.cut {
         out.push_str(&format!("\n{}", texts.search_truncated_bytes));
     }
-    ToolOutcome { ok: true, output: out }
+    ToolOutcome {
+        ok: true,
+        output: out,
+    }
 }
 
 /// patch：把一段**自由格式**的补丁应用到一处或多处文件（信封之后原样跟补丁文本，不走 JSON）。
Diff in /Users/runner/work/Solomni/Solomni/src/core/systool.rs:547:
                     }
                     lines.push(texts.render(
                         &texts.patch_block_overwrite,
-                        &[("path", spec.clone()), ("chars", content.chars().count().to_string())],
+                        &[
+                            ("path", spec.clone()),
+                            ("chars", content.chars().count().to_string()),
+                        ],
                     ));
                     pending.insert(path.clone(), align_eol(content, cur));
                 }
Diff in /Users/runner/work/Solomni/Solomni/src/core/systool.rs:554:
                 None => {
                     lines.push(texts.render(
                         &texts.patch_block_add,
-                        &[("path", spec.clone()), ("chars", content.chars().count().to_string())],
+                        &[
+                            ("path", spec.clone()),
+                            ("chars", content.chars().count().to_string()),
+                        ],
                     ));
                     pending.insert(path.clone(), content.clone());
                 }
Diff in /Users/runner/work/Solomni/Solomni/src/core/systool.rs:632:
             ));
         }
     }
-    ToolOutcome { ok: true, output: out }
+    ToolOutcome {
+        ok: true,
+        output: out,
+    }
 }
 
 /// 整份覆盖已有文件时，内容按原文件的行尾风格写（免得把 CRLF 文件改成 LF）。
Diff in /Users/runner/work/Solomni/Solomni/src/core/systool.rs:646:
 
 /// 某一块不成立的回执（整体不写盘，所以措辞要直说这一点）。
 fn block_fault(texts: &ToolTexts, n: usize, why: String) -> String {
-    texts.render(&texts.patch_block_fault, &[("n", n.to_string()), ("why", why)])
+    texts.render(
+        &texts.patch_block_fault,
+        &[("n", n.to_string()), ("why", why)],
+    )
 }
 
 /// patch 解析失败的回执（每一类都说清事实）。
Diff in /Users/runner/work/Solomni/Solomni/src/core/systool.rs:663:
             &[("line", line.to_string()), ("marker", marker.clone())],
         ),
         F::EmptyAdd { line } => texts.render(&texts.patch_empty_add, &[("line", line.to_string())]),
-        F::EmptyUpdate { line } => texts.render(&texts.patch_empty_update, &[("line", line.to_string())]),
-        F::EmptySearch { line } => texts.render(&texts.patch_empty_search, &[("line", line.to_string())]),
-        F::MissingEnd { line } => texts.render(&texts.patch_missing_end, &[("line", line.to_string())]),
-        F::SearchWithoutReplace { line } => {
-            texts.render(&texts.patch_search_no_replace, &[("line", line.to_string())])
+        F::EmptyUpdate { line } => {
+            texts.render(&texts.patch_empty_update, &[("line", line.to_string())])
         }
-        F::ReplaceWithoutSearch { line } => {
-            texts.render(&texts.patch_replace_no_search, &[("line", line.to_string())])
+        F::EmptySearch { line } => {
+            texts.render(&texts.patch_empty_search, &[("line", line.to_string())])
         }
+        F::MissingEnd { line } => {
+            texts.render(&texts.patch_missing_end, &[("line", line.to_string())])
+        }
+        F::SearchWithoutReplace { line } => texts.render(
+            &texts.patch_search_no_replace,
+            &[("line", line.to_string())],
+        ),
+        F::ReplaceWithoutSearch { line } => texts.render(
+            &texts.patch_replace_no_search,
+            &[("line", line.to_string())],
+        ),
     }
 }
 
Diff in /Users/runner/work/Solomni/Solomni/src/core/systool.rs:679:
 fn edit_fault_reason(texts: &ToolTexts, f: &crate::core::patch::EditFault) -> String {
     use crate::core::patch::EditFault as E;
     match f {
-        E::NotFound { total } => texts.render(&texts.patch_not_found, &[("total", total.to_string())]),
+        E::NotFound { total } => {
+            texts.render(&texts.patch_not_found, &[("total", total.to_string())])
+        }
         E::Multiple { lines } => texts.render(
             &texts.patch_multiple,
             &[
Diff in /Users/runner/work/Solomni/Solomni/src/core/systool.rs:686:
                 ("n", lines.len().to_string()),
-                ("lines", lines.iter().map(|l| l.to_string()).collect::<Vec<_>>().join("、")),
+                (
+                    "lines",
+                    lines
+                        .iter()
+                        .map(|l| l.to_string())
+                        .collect::<Vec<_>>()
+                        .join("、"),
+                ),
             ],
         ),
         E::NearMiss { line, actual } => texts.render(
Diff in /Users/runner/work/Solomni/Solomni/src/core/systool.rs:695:
 }
 
 /// 参数不符的回执：说清是哪一条不合（由声明判定），再把工具签名原样发回去。
-pub fn arg_fault_text(texts: &ToolTexts, name: &str, schema: &ToolSchema, fault: &ArgFault) -> String {
+pub fn arg_fault_text(
+    texts: &ToolTexts,
+    name: &str,
+    schema: &ToolSchema,
+    fault: &ArgFault,
+) -> String {
     let why = match fault {
         ArgFault::NotObject => texts.arg_not_object.clone(),
         ArgFault::Missing(n) => texts.render(&texts.arg_missing, &[("name", n.clone())]),
Diff in /Users/runner/work/Solomni/Solomni/src/core/systool.rs:716:
     };
     texts.render(
         &texts.arg_fault,
-        &[("why", why), ("signature", format!("{}\n{}", name, schema.render_for_prompt()))],
+        &[
+            ("why", why),
+            (
+                "signature",
+                format!("{}\n{}", name, schema.render_for_prompt()),
+            ),
+        ],
     )
 }
 
Diff in /Users/runner/work/Solomni/Solomni/src/core/systool.rs:723:
 fn fail(msg: String) -> ToolOutcome {
-    ToolOutcome { ok: false, output: msg }
+    ToolOutcome {
+        ok: false,
+        output: msg,
+    }
 }
 
 /// 按字符截断（不劈开 UTF-8）；返回（文本, 是否截断）。
Diff in /Users/runner/work/Solomni/Solomni/src/core/workspace.rs:69:
         let spec = raw.trim();
         // 所有拒绝都附上"允许的根目录"，模型照着改。
         let deny = |why: String| {
-            self.texts
-                .render(&self.texts.roots_wrapper, &[("why", why), ("roots", self.roots_listing())])
+            self.texts.render(
+                &self.texts.roots_wrapper,
+                &[("why", why), ("roots", self.roots_listing())],
+            )
         };
         if spec.is_empty() {
             return Err(deny(self.texts.path_empty.clone()));
Diff in /Users/runner/work/Solomni/Solomni/src/core/workspace.rs:77:
         }
         let p = Path::new(spec);
         if !p.is_absolute() {
-            return Err(deny(self.texts.render(&self.texts.path_need_absolute, &[("path", spec.to_string())])));
+            return Err(deny(self.texts.render(
+                &self.texts.path_need_absolute,
+                &[("path", spec.to_string())],
+            )));
         }
         // 空段（连续分隔符）：components() 会吞掉，这里如实挡掉。
         let flat = spec.replace('\\', "/");
Diff in /Users/runner/work/Solomni/Solomni/src/core/workspace.rs:84:
         if flat.trim_start_matches('/').contains("//") {
-            return Err(deny(self.texts.render(&self.texts.path_empty_segment, &[("path", spec.to_string())])));
+            return Err(deny(self.texts.render(
+                &self.texts.path_empty_segment,
+                &[("path", spec.to_string())],
+            )));
         }
         let mut norm = PathBuf::new();
         for c in p.components() {
Diff in /Users/runner/work/Solomni/Solomni/src/core/workspace.rs:90:
                 Component::Prefix(_) | Component::RootDir => norm.push(c.as_os_str()),
                 Component::Normal(s) => norm.push(s),
                 Component::CurDir => {
-                    return Err(deny(self.texts.render(&self.texts.path_cur_dir, &[("path", spec.to_string())])))
+                    return Err(deny(
+                        self.texts
+                            .render(&self.texts.path_cur_dir, &[("path", spec.to_string())]),
+                    ))
                 }
                 Component::ParentDir => {
-                    return Err(deny(self.texts.render(&self.texts.path_parent_dir, &[("path", spec.to_string())])))
+                    return Err(deny(self.texts.render(
+                        &self.texts.path_parent_dir,
+                        &[("path", spec.to_string())],
+                    )))
                 }
             }
         }
Diff in /Users/runner/work/Solomni/Solomni/src/core/workspace.rs:109:
         }
         match best {
             Some((place, _)) => Ok((place, norm)),
-            None => Err(deny(self.texts.render(&self.texts.path_outside_roots, &[("path", spec.to_string())]))),
+            None => Err(deny(self.texts.render(
+                &self.texts.path_outside_roots,
+                &[("path", spec.to_string())],
+            ))),
         }
     }
 
Diff in /Users/runner/work/Solomni/Solomni/src/core/workspace.rs:116:
     /// 允许的根：共享区、私有沙箱、每个成员模块目录（顺序稳定，便于取最长匹配）。
     fn roots(&self) -> Vec<(Place, PathBuf)> {
-        let mut v = vec![(Place::Shared, self.shared.clone()), (Place::Private, self.private.clone())];
+        let mut v = vec![
+            (Place::Shared, self.shared.clone()),
+            (Place::Private, self.private.clone()),
+        ];
         for (id, root) in &self.modules {
             v.push((Place::Module(id.clone()), root.clone()));
         }
Diff in /Users/runner/work/Solomni/Solomni/src/core/workspace.rs:125:
     /// 允许的根目录清单（错误文案里列全，模型照着改）。
     pub fn roots_listing(&self) -> String {
         let mut lines = vec![
-            self.texts.render(&self.texts.roots_shared, &[("root", slash(&self.shared))]),
-            self.texts.render(&self.texts.roots_private, &[("root", slash(&self.private))]),
+            self.texts
+                .render(&self.texts.roots_shared, &[("root", slash(&self.shared))]),
+            self.texts
+                .render(&self.texts.roots_private, &[("root", slash(&self.private))]),
         ];
         for (id, root) in &self.modules {
-            lines.push(
-                self.texts
-                    .render(&self.texts.roots_module, &[("id", id.clone()), ("root", slash(root))]),
-            );
+            lines.push(self.texts.render(
+                &self.texts.roots_module,
+                &[("id", id.clone()), ("root", slash(root))],
+            ));
         }
         lines.join("\n")
     }
Diff in /Users/runner/work/Solomni/Solomni/src/main.rs:55:
     }
 
     // 组合根：唯一允许 new 具体适配器的地方（依赖注入）。
-    let log: std::sync::Arc<dyn core::ports::Log + Send + Sync> = match adapters::FileLog::new(&root, "Solomni 运行日志") {
-        Ok(l) => std::sync::Arc::new(l),
-        Err(e) => {
-            eprintln!("[日志系统异常] {}（进程继续，日志降级为 stderr）", e);
-            std::sync::Arc::new(core::ports::NoopLog)
-        }
-    };
+    let log: std::sync::Arc<dyn core::ports::Log + Send + Sync> =
+        match adapters::FileLog::new(&root, "Solomni 运行日志") {
+            Ok(l) => std::sync::Arc::new(l),
+            Err(e) => {
+                eprintln!("[日志系统异常] {}（进程继续，日志降级为 stderr）", e);
+                std::sync::Arc::new(core::ports::NoopLog)
+            }
+        };
     if let Some(note) = &root_note {
         eprintln!("[根目录] {}", note);
         log.warn("main::root", note);
Diff in /Users/runner/work/Solomni/Solomni/src/main.rs:70:
     let fence_cap = adapters::confine::capability();
     log.info(
         "main::fence",
-        &format!("围栏能力：文件系统={} 断网={} 进程树={}；{}", fence_cap.fs, fence_cap.net, fence_cap.tree, fence_cap.note),
+        &format!(
+            "围栏能力：文件系统={} 断网={} 进程树={}；{}",
+            fence_cap.fs, fence_cap.net, fence_cap.tree, fence_cap.note
+        ),
     );
     println!("[围栏] {}", fence_cap.note);
     let store = adapters::YamlSettingsStore::new(
Diff in /Users/runner/work/Solomni/Solomni/src/main.rs:86:
     let packages = adapters::FsPackages::new(root.join("runtimes"));
     // 端点记忆：谁先通了就固定谁，后续会话不再反复探测候选。
     let memo = adapters::endpoint::memo_new();
-    let gateway = adapters::HttpGateway::with_log(std::sync::Arc::clone(&log), std::sync::Arc::clone(&memo));
-    let catalog = adapters::HttpModelCatalog::with_log(std::sync::Arc::clone(&log), std::sync::Arc::clone(&memo));
+    let gateway =
+        adapters::HttpGateway::with_log(std::sync::Arc::clone(&log), std::sync::Arc::clone(&memo));
+    let catalog = adapters::HttpModelCatalog::with_log(
+        std::sync::Arc::clone(&log),
+        std::sync::Arc::clone(&memo),
+    );
     let prompts = adapters::YamlPrompts::new(root.join("prompts.yaml"));
     // 册子只读一次：core 与适配层（工具回执里的那些收尾标记）共用同一份。
     let book = match core::ports::PromptSource::load(&prompts) {
Diff in /Users/runner/work/Solomni/Solomni/src/main.rs:191:
                         .filter(|s| want(s))
                         .map(|s| s.name.as_str())
                         .collect();
-                    if got.is_empty() { "（无）".to_string() } else { got.join(" / ") }
+                    if got.is_empty() {
+                        "（无）".to_string()
+                    } else {
+                        got.join(" / ")
+                    }
                 };
                 println!("[回放形状] 被接受的写法：{}", names(|s| s.accepted));
                 println!(
Diff in /Users/runner/work/Solomni/Solomni/src/main.rs:223:
             cap.net,
             cap.tree,
             if allow { "已授权" } else { "未授权" },
-            if allow { cap.note.as_str() } else { "未授权时段：外部工具按无围栏执行；要启用请设 fence_write: true" }
+            if allow {
+                cap.note.as_str()
+            } else {
+                "未授权时段：外部工具按无围栏执行；要启用请设 fence_write: true"
+            }
         );
     }
 
Diff in /Users/runner/work/Solomni/Solomni/src/main.rs:323:
             0
         }
         Err(e) => {
-            println!("[HTTPS] {} {} {}", adapters::http_agent::classify(&e), backend, e);
+            println!(
+                "[HTTPS] {} {} {}",
+                adapters::http_agent::classify(&e),
+                backend,
+                e
+            );
             0
         }
     }
Diff in /Users/runner/work/Solomni/Solomni/src/main.rs:333:
 fn find_exe(name: &str) -> Option<String> {
     let path_var = std::env::var_os("PATH")?;
     let exts: Vec<String> = std::env::var("PATHEXT")
-        .map(|v| v.split(';').filter(|s| !s.is_empty()).map(|s| s.to_string()).collect())
+        .map(|v| {
+            v.split(';')
+                .filter(|s| !s.is_empty())
+                .map(|s| s.to_string())
+                .collect()
+        })
         .unwrap_or_else(|_| vec![String::new()]);
     for dir in std::env::split_paths(&path_var) {
         for ext in &exts {
Diff in /Users/runner/work/Solomni/Solomni/src/main.rs:393:
 fn resolve_root(raw: &std::path::Path) -> (PathBuf, Option<String>) {
     match std::env::current_dir() {
         Ok(cwd) => {
-            let joined = if raw.is_absolute() { raw.to_path_buf() } else { cwd.join(raw) };
+            let joined = if raw.is_absolute() {
+                raw.to_path_buf()
+            } else {
+                cwd.join(raw)
+            };
             (lexical_abs(&joined), None)
         }
         Err(e) => match std::fs::canonicalize(raw) {
Diff in /Users/runner/work/Solomni/Solomni/src/main.rs:400:
             Ok(p) => (
                 strip_unc_prefix(p),
-                Some(format!("取不到当前目录（{}）：改用 canonicalize 规范化产品根", e)),
+                Some(format!(
+                    "取不到当前目录（{}）：改用 canonicalize 规范化产品根",
+                    e
+                )),
             ),
             Err(e2) => (
                 lexical_abs(raw),
Diff in /Users/runner/work/Solomni/Solomni/src/main.rs:406:
-                Some(format!("取不到当前目录（{}），canonicalize 也失败（{}）：产品根可能不是绝对路径", e, e2)),
+                Some(format!(
+                    "取不到当前目录（{}），canonicalize 也失败（{}）：产品根可能不是绝对路径",
+                    e, e2
+                )),
             ),
         },
     }
Diff in /Users/runner/work/Solomni/Solomni/src/main.rs:414:
     let mut out = PathBuf::new();
     for c in p.components() {
         match c {
-            std::path::Component::Prefix(_) | std::path::Component::RootDir => out.push(c.as_os_str()),
+            std::path::Component::Prefix(_) | std::path::Component::RootDir => {
+                out.push(c.as_os_str())
+            }
             std::path::Component::Normal(s) => out.push(s),
             std::path::Component::CurDir => {}
             std::path::Component::ParentDir => out.push(".."),
Diff in /Users/runner/work/Solomni/Solomni/src/main.rs:438:
     p
 }
 
-fn serve_web(ops: core::api::Ops, port: u16, log: std::sync::Arc<dyn core::ports::Log + Send + Sync>) {
+fn serve_web(
+    ops: core::api::Ops,
+    port: u16,
+    log: std::sync::Arc<dyn core::ports::Log + Send + Sync>,
+) {
     let cap = adapters::confine::capability();
-    let fence = presentation::web::FenceInfo { fs: cap.fs, net: cap.net, tree: cap.tree, note: cap.note };
+    let fence = presentation::web::FenceInfo {
+        fs: cap.fs,
+        net: cap.net,
+        tree: cap.tree,
+        note: cap.note,
+    };
     if let Err(e) = presentation::web::serve(ops, port, log, fence) {
         eprintln!("[Web 服务异常] {}", e);
         std::process::exit(1);
Diff in /Users/runner/work/Solomni/Solomni/src/main.rs:447:
     }
 }
+
Diff in /Users/runner/work/Solomni/Solomni/src/presentation/cli.rs:79:
         if roster.modules.is_empty() {
             "（无模块）".to_string()
         } else {
-            roster.modules.iter().map(|m| m.manifest.id.clone()).collect::<Vec<_>>().join(" · ")
+            roster
+                .modules
+                .iter()
+                .map(|m| m.manifest.id.clone())
+                .collect::<Vec<_>>()
+                .join(" · ")
         }
     );
     for m in &roster.modules {
Diff in /Users/runner/work/Solomni/Solomni/src/presentation/cli.rs:101:
         println!("[运行包] 档位 {}；包库：{}", report.tier, lib);
     }
     for (id, caps) in &report.missing {
-        println!("[缺运行包] 模块 {} 需要 {}；把包放进依赖文件夹 runtimes/（契约见 RUNTIME_SPEC.md）", id, caps.join("、"));
+        println!(
+            "[缺运行包] 模块 {} 需要 {}；把包放进依赖文件夹 runtimes/（契约见 RUNTIME_SPEC.md）",
+            id,
+            caps.join("、")
+        );
     }
     // 虚拟机档的诊断：缺包之外（多版本未定版 / 定版不存在 / 路径冲突）会挡住「开始」，在这里如实说明。
     let hard: Vec<crate::core::exec::Diagnosis> = report
Diff in /Users/runner/work/Solomni/Solomni/src/presentation/cli.rs:111:
         .cloned()
         .collect();
     if !hard.is_empty() {
-        println!("[档位诊断] {}（虚拟机档要先解决这些才能开始会话）", crate::core::exec::diagnose_text(&hard));
+        println!(
+            "[档位诊断] {}（虚拟机档要先解决这些才能开始会话）",
+            crate::core::exec::diagnose_text(&hard)
+        );
     }
     for r in &report.rejected_packages {
         println!("[运行包拒收] {}", r);
Diff in /Users/runner/work/Solomni/Solomni/src/presentation/cli.rs:131:
         println!("  （登记处还没有 agent：到 Web 界面「设置 → agent 管理」建一个）");
     }
     for a in &agents {
-        println!("  {:<14} {} · 模型 {}", a.name, a.modules.join(" + "), model_label(a.model.as_deref()));
+        println!(
+            "  {:<14} {} · 模型 {}",
+            a.name,
+            a.modules.join(" + "),
+            model_label(a.model.as_deref())
+        );
     }
     println!("命令：single [agent名…] | collab [agent名…|?] | provider list|add|rm|discover | model list|add|rm | core <模型id> | rescan | webui | exit");
 }
Diff in /Users/runner/work/Solomni/Solomni/src/presentation/cli.rs:138:
 
 /// 模型标签（CLI 展示文案；核心默认是登记处的概念，不是提示词）。
 fn model_label(model: Option<&str>) -> String {
-    model.map(|m| m.to_string()).unwrap_or_else(|| "（核心默认）".to_string())
+    model
+        .map(|m| m.to_string())
+        .unwrap_or_else(|| "（核心默认）".to_string())
 }
 
 /// 展示文案归呈现层：core 只给结构化事实（视图），怎么排版是这里的事。
Diff in /Users/runner/work/Solomni/Solomni/src/presentation/cli.rs:147:
 }
 
 fn model_line(m: &ModelView, core: Option<&str>) -> String {
-    let mark = if core == Some(m.id.as_str()) { "（核心默认）" } else { "" };
-    format!("{}{}  {} → {}  [{}]", m.id, mark, m.name, m.api_model, m.provider)
+    let mark = if core == Some(m.id.as_str()) {
+        "（核心默认）"
+    } else {
+        ""
+    };
+    format!(
+        "{}{}  {} → {}  [{}]",
+        m.id, mark, m.name, m.api_model, m.provider
+    )
 }
 
 // ---------- 事件渲染：CLI 与 Web 前端同源 ----------
Diff in /Users/runner/work/Solomni/Solomni/src/presentation/cli.rs:235:
             return;
         }
     };
-    let opened = match intent::open_work(ops, work_name, WorkMode::Single, vec![agent], None, false) {
+    let opened = match intent::open_work(ops, work_name, WorkMode::Single, vec![agent], None, false)
+    {
         Ok(o) => o,
         Err(e) => {
             println!("[错误] {}", e);
Diff in /Users/runner/work/Solomni/Solomni/src/presentation/cli.rs:286:
             return;
         }
     };
-    let sid = match intent::open_work(ops, work_name, WorkMode::Collab, agents, Some(task), delegate) {
+    let sid = match intent::open_work(
+        ops,
+        work_name,
+        WorkMode::Collab,
+        agents,
+        Some(task),
+        delegate,
+    ) {
         Ok(o) => {
             render(&o.events);
             o.sid
Diff in /Users/runner/work/Solomni/Solomni/src/presentation/cli.rs:308:
                         a.name,
                         a.modules.join(" + "),
                         model_label(a.model.as_deref()),
-                        if a.transient { "组装（临时）" } else { "复用已存 agent" }
+                        if a.transient {
+                            "组装（临时）"
+                        } else {
+                            "复用已存 agent"
+                        }
                     );
                 }
             }
Diff in /Users/runner/work/Solomni/Solomni/src/presentation/cli.rs:315:
             Err(e) => println!("[提示] 取名单失败：{}", e),
         }
         let ok = prompt("确认名单？（yes 开始 / 其他取消）");
-        match intent::act(ops, &sid, intent::Action::Step(CollabStep::ConfirmSlate, &ok), Output::Final) {
+        match intent::act(
+            ops,
+            &sid,
+            intent::Action::Step(CollabStep::ConfirmSlate, &ok),
+            Output::Final,
+        ) {
             Ok(acted) => render(&intent::into_events(acted)),
             Err(e) => println!("[错误] {}", e),
         }
Diff in /Users/runner/work/Solomni/Solomni/src/presentation/cli.rs:323:
     // 开始确认。
     if matches!(ops.sessions.pending(&sid), Ok(Some(Pending::ConfirmBegin))) {
         let ans = prompt("开始讨论？（yes / yes,allow：授权小组自裁细节）");
-        match intent::act(ops, &sid, intent::Action::Step(CollabStep::Begin, &ans), Output::Final) {
+        match intent::act(
+            ops,
+            &sid,
+            intent::Action::Step(CollabStep::Begin, &ans),
+            Output::Final,
+        ) {
             Ok(acted) => render(&intent::into_events(acted)),
             Err(e) => println!("[错误] {}", e),
         }
Diff in /Users/runner/work/Solomni/Solomni/src/presentation/cli.rs:333:
         if let Ok(Some(Pending::Ask { member, question })) = ops.sessions.pending(&sid) {
             println!("[请教] {}：{}", member, question);
             let ans = prompt("你的回答（回车 = 无补充，继续）>");
-            match intent::act(ops, &sid, intent::Action::Step(CollabStep::Answer, &ans), Output::Final) {
+            match intent::act(
+                ops,
+                &sid,
+                intent::Action::Step(CollabStep::Answer, &ans),
+                Output::Final,
+            ) {
                 Ok(acted) => render(&intent::into_events(acted)),
                 Err(e) => {
                     println!("[错误] {}", e);
Diff in /Users/runner/work/Solomni/Solomni/src/presentation/cli.rs:405:
             };
             let core = ops.registry.core_model().ok().flatten();
             if views.is_empty() {
-                println!("（无模型）用 model add <id> <展示名> <实际模型串> <供应商id> [note] 添加");
+                println!(
+                    "（无模型）用 model add <id> <展示名> <实际模型串> <供应商id> [note] 添加"
+                );
             }
             for m in &views {
                 println!("  {}", model_line(m, core.as_deref()));
Diff in /Users/runner/work/Solomni/Solomni/src/presentation/cli.rs:412:
             }
         }
         "add" => {
-            let w: Vec<&str> = rest.splitn(5, ' ').map(str::trim).filter(|s| !s.is_empty()).collect();
+            let w: Vec<&str> = rest
+                .splitn(5, ' ')
+                .map(str::trim)
+                .filter(|s| !s.is_empty())
+                .collect();
             if w.len() < 4 {
                 println!("[错误] 用法：model add <id> <展示名> <实际模型串> <供应商id> [note]");
                 return;
Diff in /Users/runner/work/Solomni/Solomni/src/presentation/cli.rs:435:
 fn core_flow(ops: &Ops, arg: &str) {
     if arg.is_empty() {
         let cur = ops.registry.core_model().ok().flatten();
-        println!("核心默认模型：{}", cur.unwrap_or_else(|| "（未设定）".to_string()));
+        println!(
+            "核心默认模型：{}",
+            cur.unwrap_or_else(|| "（未设定）".to_string())
+        );
         return;
     }
     match ops.registry.set_core_model(arg) {
Diff in /Users/runner/work/Solomni/Solomni/src/tests.rs:3:
 //! Web 阶段适配：适配器以 Arc 注入；会话经中心 id 收发；SharedScript 对齐真实通道时序。
 
 use crate::adapters::fake_chat::FakeChat;
-use crate::core::engine::{Discussion, Member, MemberTools, ModuleTools, TurnOut, MAX_ROUNDS, MAX_TOOL_CALLS};
-use crate::core::module::{Module, ModuleManifest};
-use crate::core::history::{AgentMeta, HistoryView, SessionMeta};
+use crate::core::engine::{
+    Discussion, Member, MemberTools, ModuleTools, TurnOut, MAX_ROUNDS, MAX_TOOL_CALLS,
+};
 use crate::core::exec::{self, Diagnosis, ExecSpec, Tier};
+use crate::core::history::{AgentMeta, HistoryView, SessionMeta};
+use crate::core::module::{Module, ModuleManifest};
 use crate::core::packages::{Library, PackageManifest};
 use crate::core::ports::{
-    BoxedChat, Chat, ChatGateway, Chunk, CompleteOpts, Completion, FileRead, HistoryStore, ModelCatalog, ModuleSource,
-    Msg, PackageSource,
-    PromptSource, SettingsStore, SysIo, ToolOutcome, ToolRunner, Workspace,
+    BoxedChat, Chat, ChatGateway, Chunk, CompleteOpts, Completion, FileRead, HistoryStore,
+    ModelCatalog, ModuleSource, Msg, PackageSource, PromptSource, SettingsStore, SysIo,
+    ToolOutcome, ToolRunner, Workspace,
 };
 use crate::core::prompt::{render, Prompts};
 use crate::core::providers::{Channel, ModelEntry, Provider, Settings};
Diff in /Users/runner/work/Solomni/Solomni/src/tests.rs:18:
 use crate::core::{
-    AgentInstance, CollabStep, ConfigAgent, Core, Live, Pending, SessionEdit, SessionEvent, WorkMode, WorkSpec,
+    AgentInstance, CollabStep, ConfigAgent, Core, Live, Pending, SessionEdit, SessionEvent,
+    WorkMode, WorkSpec,
 };
 use std::collections::{BTreeMap, BTreeSet};
 use std::path::PathBuf;
Diff in /Users/runner/work/Solomni/Solomni/src/tests.rs:37:
         let mut s = Settings::default();
         s.providers.insert(
             "p".to_string(),
-            Provider { base_url: "http://test".to_string(), api_key: "k".to_string() },
+            Provider {
+                base_url: "http://test".to_string(),
+                api_key: "k".to_string(),
+            },
         );
         s.models.insert(
             "m".to_string(),
Diff in /Users/runner/work/Solomni/Solomni/src/tests.rs:50:
             },
         );
         s.core = Some("m".to_string());
-        InMemorySettings { s: Mutex::new(s), fail: None }
+        InMemorySettings {
+            s: Mutex::new(s),
+            fail: None,
+        }
     }
 
     /// 注入失败：load / save 一律返回该原因（端口契约测试用）。
Diff in /Users/runner/work/Solomni/Solomni/src/tests.rs:91:
 
 impl InMemoryWorkspace {
     pub(crate) fn new() -> InMemoryWorkspace {
-        InMemoryWorkspace { files: Mutex::new(BTreeMap::new()), fail: None }
+        InMemoryWorkspace {
+            files: Mutex::new(BTreeMap::new()),
+            fail: None,
+        }
     }
 
     /// 注入失败：prepare / roots / write_work / list 一律返回该原因（work_has 是布尔查询，不受影响）。
Diff in /Users/runner/work/Solomni/Solomni/src/tests.rs:101:
     }
     /// 直接放一个文件（模拟落盘），键与真实布局同构：<session>/work/<名字> 或 <session>/<agent>/<相对路径>。
     pub(crate) fn seed(&self, session: &str, area: &str, rel: &str) {
-        self.files.lock().expect("锁").insert(format!("{}/{}/{}", session, area, rel), Vec::new());
+        self.files
+            .lock()
+            .expect("锁")
+            .insert(format!("{}/{}/{}", session, area, rel), Vec::new());
     }
 }
 
Diff in /Users/runner/work/Solomni/Solomni/src/tests.rs:112:
         }
         Ok(())
     }
-    fn roots(&self, session: &str, agents: &[String]) -> Result<crate::core::workspace::WorkRoots, String> {
+    fn roots(
+        &self,
+        session: &str,
+        agents: &[String],
+    ) -> Result<crate::core::workspace::WorkRoots, String> {
         if let Some(m) = &self.fail {
             return Err(m.clone());
         }
Diff in /Users/runner/work/Solomni/Solomni/src/tests.rs:121:
         for a in agents {
             map.insert(a.clone(), abs(&[session, a]));
         }
-        Ok(crate::core::workspace::WorkRoots { shared: abs(&[session, "work"]), agents: map })
+        Ok(crate::core::workspace::WorkRoots {
+            shared: abs(&[session, "work"]),
+            agents: map,
+        })
     }
     fn write_work(&self, session: &str, name: &str, bytes: &[u8]) -> Result<(), String> {
         if let Some(m) = &self.fail {
Diff in /Users/runner/work/Solomni/Solomni/src/tests.rs:128:
             return Err(m.clone());
         }
-        self.files.lock().expect("锁").insert(format!("{}/work/{}", session, name), bytes.to_vec());
+        self.files
+            .lock()
+            .expect("锁")
+            .insert(format!("{}/work/{}", session, name), bytes.to_vec());
         Ok(())
     }
     fn work_has(&self, session: &str, name: &str) -> bool {
Diff in /Users/runner/work/Solomni/Solomni/src/tests.rs:134:
-        self.files.lock().expect("锁").contains_key(&format!("{}/work/{}", session, name))
+        self.files
+            .lock()
+            .expect("锁")
+            .contains_key(&format!("{}/work/{}", session, name))
     }
-    fn list(&self, session: &str, agents: &[String]) -> Result<crate::core::workspace::WorkFiles, String> {
+    fn list(
+        &self,
+        session: &str,
+        agents: &[String],
+    ) -> Result<crate::core::workspace::WorkFiles, String> {
         if let Some(m) = &self.fail {
             return Err(m.clone());
         }
Diff in /Users/runner/work/Solomni/Solomni/src/tests.rs:221:
     fn enter(&self, key: &str) {
         let now = self.active.fetch_add(1, Ordering::SeqCst) + 1;
         self.peak.fetch_max(now, Ordering::SeqCst);
-        let extra = self.extra.lock().expect("锁").get(key).copied().unwrap_or(0);
+        let extra = self
+            .extra
+            .lock()
+            .expect("锁")
+            .get(key)
+            .copied()
+            .unwrap_or(0);
         let ms = self.delay_ms + extra;
         if ms > 0 {
             std::thread::sleep(Duration::from_millis(ms));
Diff in /Users/runner/work/Solomni/Solomni/src/tests.rs:229:
         self.active.fetch_sub(1, Ordering::SeqCst);
     }
     pub(crate) fn seed(&self, parts: &[&str], text: &str) {
-        self.files.lock().expect("锁").insert(p(parts), text.to_string());
+        self.files
+            .lock()
+            .expect("锁")
+            .insert(p(parts), text.to_string());
     }
     pub(crate) fn get(&self, parts: &[&str]) -> Option<String> {
         self.files.lock().expect("锁").get(&p(parts)).cloned()
Diff in /Users/runner/work/Solomni/Solomni/src/tests.rs:243:
         }
         let key = path.to_string_lossy().into_owned();
         self.enter(&key);
-        let text = self.files.lock().expect("锁").get(&key).cloned().ok_or_else(|| format!("读取失败：{} 不存在", key))?;
-        Ok(FileRead { bytes: text.len(), text, lossy: self.lossy, cut: self.cut })
+        let text = self
+            .files
+            .lock()
+            .expect("锁")
+            .get(&key)
+            .cloned()
+            .ok_or_else(|| format!("读取失败：{} 不存在", key))?;
+        Ok(FileRead {
+            bytes: text.len(),
+            text,
+            lossy: self.lossy,
+            cut: self.cut,
+        })
     }
     fn write(&self, path: &std::path::Path, content: &str) -> Result<(), String> {
         if let Some(m) = &self.fail {
Diff in /Users/runner/work/Solomni/Solomni/src/tests.rs:251:
             return Err(m.clone());
         }
-        self.files.lock().expect("锁").insert(path.to_string_lossy().into_owned(), content.to_string());
+        self.files
+            .lock()
+            .expect("锁")
+            .insert(path.to_string_lossy().into_owned(), content.to_string());
         Ok(())
     }
 }
Diff in /Users/runner/work/Solomni/Solomni/src/tests.rs:283:
         _raw: &str,
         _kind: &crate::core::envelope::Malformed,
     ) -> crate::core::ports::RepairOutcome {
-        crate::core::ports::RepairOutcome { repaired: None, what: Vec::new() }
+        crate::core::ports::RepairOutcome {
+            repaired: None,
+            what: Vec::new(),
+        }
     }
 }
 
Diff in /Users/runner/work/Solomni/Solomni/src/tests.rs:342:
 
 impl InMemoryHistory {
     pub(crate) fn new() -> InMemoryHistory {
-        InMemoryHistory { metas: Mutex::new(BTreeMap::new()), events: Mutex::new(BTreeMap::new()), fail: None }
+        InMemoryHistory {
+            metas: Mutex::new(BTreeMap::new()),
+            events: Mutex::new(BTreeMap::new()),
+            fail: None,
+        }
     }
 
     /// 注入失败：全部 HistoryStore 方法一律返回该原因（端口契约测试用）。
Diff in /Users/runner/work/Solomni/Solomni/src/tests.rs:363:
 impl HistoryStore for InMemoryHistory {
     fn create(&self, meta: &SessionMeta) -> Result<(), String> {
         self.guard()?;
-        self.metas.lock().expect("锁").insert(meta.name.clone(), meta.clone());
+        self.metas
+            .lock()
+            .expect("锁")
+            .insert(meta.name.clone(), meta.clone());
         Ok(())
     }
     fn save_meta(&self, meta: &SessionMeta) -> Result<(), String> {
Diff in /Users/runner/work/Solomni/Solomni/src/tests.rs:370:
         self.guard()?;
-        self.metas.lock().expect("锁").insert(meta.name.clone(), meta.clone());
+        self.metas
+            .lock()
+            .expect("锁")
+            .insert(meta.name.clone(), meta.clone());
         Ok(())
     }
     fn append(&self, name: &str, events: &[serde_json::Value]) -> Result<(), String> {
Diff in /Users/runner/work/Solomni/Solomni/src/tests.rs:375:
         self.guard()?;
-        self.events.lock().expect("锁").entry(name.to_string()).or_default().extend_from_slice(events);
+        self.events
+            .lock()
+            .expect("锁")
+            .entry(name.to_string())
+            .or_default()
+            .extend_from_slice(events);
         Ok(())
     }
     fn list(&self) -> Result<Vec<HistoryView>, String> {
Diff in /Users/runner/work/Solomni/Solomni/src/tests.rs:388:
                 ts: m.ts,
                 done: events
                     .get(&m.name)
-                    .map(|v| v.iter().any(|e| e.get("type").and_then(|t| t.as_str()) == Some("ended")))
+                    .map(|v| {
+                        v.iter()
+                            .any(|e| e.get("type").and_then(|t| t.as_str()) == Some("ended"))
+                    })
                     .unwrap_or(false),
             })
             .collect())
Diff in /Users/runner/work/Solomni/Solomni/src/tests.rs:395:
     }
     fn load(&self, name: &str) -> Result<(SessionMeta, Vec<serde_json::Value>), String> {
         self.guard()?;
-        let meta = self.metas.lock().expect("锁").get(name).cloned().ok_or_else(|| format!("无此会话：{}", name))?;
-        let events = self.events.lock().expect("锁").get(name).cloned().unwrap_or_default();
+        let meta = self
+            .metas
+            .lock()
+            .expect("锁")
+            .get(name)
+            .cloned()
+            .ok_or_else(|| format!("无此会话：{}", name))?;
+        let events = self
+            .events
+            .lock()
+            .expect("锁")
+            .get(name)
+            .cloned()
+            .unwrap_or_default();
         Ok((meta, events))
     }
     fn delete(&self, name: &str) -> Result<bool, String> {
Diff in /Users/runner/work/Solomni/Solomni/src/tests.rs:416:
 
 impl FakeCatalog {
     pub(crate) fn new(models: Vec<String>) -> FakeCatalog {
-        FakeCatalog { models, seen: Mutex::new(Vec::new()), fail: None }
+        FakeCatalog {
+            models,
+            seen: Mutex::new(Vec::new()),
+            fail: None,
+        }
     }
 
     /// 注入失败：list_models 返回该原因（失败注入不记录调用——错误路径没走到"用哪个通道"）。
Diff in /Users/runner/work/Solomni/Solomni/src/tests.rs:440:
 
 impl ModuleSource for VecSource {
     fn scan(&self) -> crate::core::module::Roster {
-        crate::core::module::Roster { modules: self.0.clone(), rejected: Vec::new() }
+        crate::core::module::Roster {
+            modules: self.0.clone(),
+            rejected: Vec::new(),
+        }
     }
 }
 
Diff in /Users/runner/work/Solomni/Solomni/src/tests.rs:459:
 }
 impl RecordingFence {
     pub(crate) fn new() -> RecordingFence {
-        RecordingFence { released: Mutex::new(Vec::new()), fail: None }
+        RecordingFence {
+            released: Mutex::new(Vec::new()),
+            fail: None,
+        }
     }
     /// 注入失败：release 返回该原因（撤销失败必须如实传播，不能被当成已撤销）。
     pub(crate) fn fail_with(mut self, msg: &str) -> RecordingFence {
Diff in /Users/runner/work/Solomni/Solomni/src/tests.rs:506:
 
 /// 造一个 prefix 类包（独立前缀 opt/rt/&lt;id&gt;-&lt;version&gt;）。
 pub(crate) fn pkg(id: &str, version: &str) -> PackageManifest {
-    pkg_yaml(&format!("id: {}
+    pkg_yaml(&format!(
+        "id: {}
 version: {}
-prefix: opt/rt/{}-{}", id, version, id, version))
+prefix: opt/rt/{}-{}",
+        id, version, id, version
+    ))
 }
 
 pub(crate) fn module_of(id: &str) -> Module {
Diff in /Users/runner/work/Solomni/Solomni/src/tests.rs:534:
 /// 测试用静默 Live（不流式、不派发短暂事件）。
 fn with_live<T>(f: impl FnOnce(&mut Live) -> T) -> T {
     let mut noop = |_e: SessionEvent| {};
-    let mut live = Live { stream: false, cancel: Arc::new(std::sync::atomic::AtomicBool::new(false)), emit: &mut noop };
+    let mut live = Live {
+        stream: false,
+        cancel: Arc::new(std::sync::atomic::AtomicBool::new(false)),
+        emit: &mut noop,
+    };
     f(&mut live)
 }
 
Diff in /Users/runner/work/Solomni/Solomni/src/tests.rs:542:
 fn agents_of(modules: &[&str]) -> Vec<AgentInstance> {
     modules
         .iter()
-        .map(|m| AgentInstance { name: m.to_string(), transient: true, modules: vec![m.to_string()], model: None })
+        .map(|m| AgentInstance {
+            name: m.to_string(),
+            transient: true,
+            modules: vec![m.to_string()],
+            model: None,
+        })
         .collect()
 }
 
Diff in /Users/runner/work/Solomni/Solomni/src/tests.rs:553:
     let agents = if mode == WorkMode::Collab {
         agents_of(modules)
     } else {
-        let agent_name = if modules.len() == 1 { modules[0] } else { "组合" };
+        let agent_name = if modules.len() == 1 {
+            modules[0]
+        } else {
+            "组合"
+        };
         vec![AgentInstance {
             name: agent_name.to_string(),
             transient: true,
Diff in /Users/runner/work/Solomni/Solomni/src/tests.rs:561:
             model: None,
         }]
     };
-    WorkSpec { name: name.to_string(), mode, agents, task: None, delegate: false }
+    WorkSpec {
+        name: name.to_string(),
+        mode,
+        agents,
+        task: None,
+        delegate: false,
+    }
 }
 
 /// 协作工作规格（含需求）。
Diff in /Users/runner/work/Solomni/Solomni/src/tests.rs:584:
 }
 
 impl Chat for SharedScript {
-    fn complete(&mut self, _messages: &[Msg], _opts: CompleteOpts<'_>, _on: &mut dyn FnMut(Chunk) -> bool) -> Completion {
+    fn complete(
+        &mut self,
+        _messages: &[Msg],
+        _opts: CompleteOpts<'_>,
+        _on: &mut dyn FnMut(Chunk) -> bool,
+    ) -> Completion {
         let mut q = self.q.lock().expect("脚本队列锁");
-        let text = if q.len() > 1 { q.remove(0) } else { q.first().cloned().unwrap_or_default() };
+        let text = if q.len() > 1 {
+            q.remove(0)
+        } else {
+            q.first().cloned().unwrap_or_default()
+        };
         Completion::text(text)
     }
 }
Diff in /Users/runner/work/Solomni/Solomni/src/tests.rs:598:
 }
 impl ScriptGateway {
     pub(crate) fn new(member: BTreeMap<String, Vec<String>>, core: Vec<String>) -> ScriptGateway {
-        ScriptGateway { member, core: Arc::new(Mutex::new(core)) }
+        ScriptGateway {
+            member,
+            core: Arc::new(Mutex::new(core)),
+        }
     }
 }
 
Diff in /Users/runner/work/Solomni/Solomni/src/tests.rs:607:
         Err("脚本替身没有真实供应商，测不了工具调用支持".to_string())
     }
     fn member_channel(&self, _c: Option<&Channel>, id: &str) -> (BoxedChat, Option<String>) {
-        let script = self.member.get(id).cloned().unwrap_or_else(|| {
-            vec!["{\"type\":\"say\",\"text\":\"（演示）收到。\"}".to_string()]
-        });
+        let script =
+            self.member.get(id).cloned().unwrap_or_else(|| {
+                vec!["{\"type\":\"say\",\"text\":\"（演示）收到。\"}".to_string()]
+            });
         (scripted(script), None)
     }
     fn core_channel(&self, _c: Option<&Channel>) -> (BoxedChat, bool) {
Diff in /Users/runner/work/Solomni/Solomni/src/tests.rs:616:
-        (Box::new(SharedScript { q: Arc::clone(&self.core) }), false)
+        (
+            Box::new(SharedScript {
+                q: Arc::clone(&self.core),
+            }),
+            false,
+        )
     }
 }
 
Diff in /Users/runner/work/Solomni/Solomni/src/tests.rs:650:
 }
 
 /// 注入指定内存工作区的装配（断言 @ 文件清单取自会话 meta.agents）。
-fn core_with_workspace(modules: Vec<Module>, gateway: ScriptGateway, ws: Arc<InMemoryWorkspace>) -> Core {
+fn core_with_workspace(
+    modules: Vec<Module>,
+    gateway: ScriptGateway,
+    ws: Arc<InMemoryWorkspace>,
+) -> Core {
     Core::new(
         Arc::new(InMemorySettings::new()),
         Arc::new(InMemoryHistory::new()),
Diff in /Users/runner/work/Solomni/Solomni/src/tests.rs:681:
     )
 }
 
-fn core_with_runner(modules: Vec<Module>, gateway: ScriptGateway, runner: Arc<impl ToolRunner + Send + Sync + 'static>) -> Core {
-    core_with_catalog(modules, gateway, runner, Arc::new(FakeCatalog::new(vec!["m".to_string()])))
+fn core_with_runner(
+    modules: Vec<Module>,
+    gateway: ScriptGateway,
+    runner: Arc<impl ToolRunner + Send + Sync + 'static>,
+) -> Core {
+    core_with_catalog(
+        modules,
+        gateway,
+        runner,
+        Arc::new(FakeCatalog::new(vec!["m".to_string()])),
+    )
 }
 
 /// 指定模型目录的装配（断言编辑期密钥复用）。
Diff in /Users/runner/work/Solomni/Solomni/src/tests.rs:711:
     history: Arc<InMemoryHistory>,
     io: Arc<InMemorySysIo>,
 ) -> Core {
-    core_with_pkgs(modules, gateway, runner, catalog, history, io, Arc::new(InMemoryPackages::empty()))
+    core_with_pkgs(
+        modules,
+        gateway,
+        runner,
+        catalog,
+        history,
+        io,
+        Arc::new(InMemoryPackages::empty()),
+    )
 }
 
 /// 指定全部端口 + 运行包库的装配（断言缺包诊断与工具回执）。
Diff in /Users/runner/work/Solomni/Solomni/src/tests.rs:743:
 }
 
 pub(crate) fn gw(member: BTreeMap<String, Vec<String>>, core: Vec<String>) -> ScriptGateway {
-    ScriptGateway { member, core: Arc::new(Mutex::new(core)) }
+    ScriptGateway {
+        member,
+        core: Arc::new(Mutex::new(core)),
+    }
 }
 
 /// 指定任意网关 + 指定内存文件系统的装配（既换通道又要断言落盘的用例用它）。
Diff in /Users/runner/work/Solomni/Solomni/src/tests.rs:771:
 }
 
 /// 指定任意网关的装配（入站契约测试用：需要自定义时序的通道）。
-pub(crate) fn core_with_gateway(modules: Vec<Module>, gateway: impl ChatGateway + Send + Sync + 'static) -> Core {
+pub(crate) fn core_with_gateway(
+    modules: Vec<Module>,
+    gateway: impl ChatGateway + Send + Sync + 'static,
+) -> Core {
     Core::new(
         Arc::new(InMemorySettings::new()),
         Arc::new(InMemoryHistory::new()),
Diff in /Users/runner/work/Solomni/Solomni/src/tests.rs:817:
 #[test]
 fn envelope_text_may_be_omitted() {
     let r = crate::core::envelope::parse("{\"type\":\"agree\"}");
-    assert!(matches!(r.verb, crate::core::envelope::Verb::Agree), "缺 text 不影响表态");
+    assert!(
+        matches!(r.verb, crate::core::envelope::Verb::Agree),
+        "缺 text 不影响表态"
+    );
     assert_eq!(r.text, "", "缺 text = 空串");
     assert!(!r.degraded);
     let say = crate::core::envelope::parse("{\"type\":\"say\"}");
Diff in /Users/runner/work/Solomni/Solomni/src/tests.rs:824:
-    assert!(matches!(say.verb, crate::core::envelope::Verb::Say) && !say.degraded, "缺 text 的发言仍是干净信封");
+    assert!(
+        matches!(say.verb, crate::core::envelope::Verb::Say) && !say.degraded,
+        "缺 text 的发言仍是干净信封"
+    );
     assert!(say.text.is_empty());
     // 缺 name 的工具信封仍是 malformed 信号，不被缺省 text 收编成发言。
     let bad = crate::core::envelope::parse("{\"type\":\"tool\",\"args\":{}}");
Diff in /Users/runner/work/Solomni/Solomni/src/tests.rs:856:
 #[test]
 fn settings_resolves_model_to_channel() {
     let mut s = Settings::default();
-    s.providers.insert("p".into(), Provider { base_url: "http://x".into(), api_key: "k".into() });
+    s.providers.insert(
+        "p".into(),
+        Provider {
+            base_url: "http://x".into(),
+            api_key: "k".into(),
+        },
+    );
     s.models.insert(
         "m".into(),
         ModelEntry {
Diff in /Users/runner/work/Solomni/Solomni/src/tests.rs:869:
     );
     s.core = Some("m".into());
     let ch = s.resolve("m").unwrap();
-    assert_eq!(ch.model, "real-model", "发给供应商的是 api_model，不是展示名");
+    assert_eq!(
+        ch.model, "real-model",
+        "发给供应商的是 api_model，不是展示名"
+    );
     assert_eq!(ch.provider.base_url, "http://x");
     // 缺省 = envelope（手写信封：任何供应商都能用）；模型视图也如实带出来
     s.models.insert(
Diff in /Users/runner/work/Solomni/Solomni/src/tests.rs:884:
     );
     assert!(s.resolve("d").is_ok(), "缺省形态的模型照样能解析出通道");
     assert_eq!(
-        s.model_views().iter().find(|v| v.id == "m").map(|v| v.tools),
+        s.model_views()
+            .iter()
+            .find(|v| v.id == "m")
+            .map(|v| v.tools),
         Some(crate::core::providers::ToolMode::Native),
         "模型视图要带上形态（前端显示与探测结果都靠它）"
     );
Diff in /Users/runner/work/Solomni/Solomni/src/tests.rs:895:
 #[test]
 fn provider_lifecycle_and_key_never_leaks_to_view() {
     let mut core = core_with(vec![module_of("a")], gw(BTreeMap::new(), vec!["[]".into()]));
-    core.provider_upsert("p1", "http://x", "sk-密钥XYZ").unwrap();
+    core.provider_upsert("p1", "http://x", "sk-密钥XYZ")
+        .unwrap();
     for v in core.provider_views() {
         // 展示文案由呈现层拼（core 不再提供 CLI 行），"密钥永不出现"这条红线两处都要成立。
         let shown = format!("{}  {}", v.id, v.base_url);
Diff in /Users/runner/work/Solomni/Solomni/src/tests.rs:904:
     }
     // 仍被模型引用时拒绝删除供应商（不静默级联）
     core.model_upsert("m1", "M", "api-m", "p1", "快").unwrap();
-    assert!(core.provider_remove("p1").unwrap_err().contains("仍被模型引用"));
+    assert!(core
+        .provider_remove("p1")
+        .unwrap_err()
+        .contains("仍被模型引用"));
     assert!(core.model_remove("m1").unwrap());
     assert!(core.provider_remove("p1").unwrap());
 }
Diff in /Users/runner/work/Solomni/Solomni/src/tests.rs:919:
         Arc::clone(&catalog),
     );
     core.provider_upsert("p2", "http://x", "k").unwrap();
-    assert_eq!(core.discover_models("p2").unwrap(), vec!["m-a".to_string(), "m-b".to_string()]);
+    assert_eq!(
+        core.discover_models("p2").unwrap(),
+        vec!["m-a".to_string(), "m-b".to_string()]
+    );
     assert_eq!(catalog.seen.lock().expect("锁")[0].base_url, "http://x");
-    assert!(core.discover_models("ghost").unwrap_err().contains("无此供应商"));
+    assert!(core
+        .discover_models("ghost")
+        .unwrap_err()
+        .contains("无此供应商"));
     // 引用了不存在的供应商 → 拒绝登记
-    assert!(core.model_upsert("bad", "B", "b", "ghost", "").unwrap_err().contains("无此供应商"));
+    assert!(core
+        .model_upsert("bad", "B", "b", "ghost", "")
+        .unwrap_err()
+        .contains("无此供应商"));
     // 核心默认模型不可删；换默认后旧的可删
     assert!(core.model_remove("m").unwrap_err().contains("核心默认模型"));
     core.model_upsert("m2", "M2", "api-m2", "p2", "").unwrap();
Diff in /Users/runner/work/Solomni/Solomni/src/tests.rs:942:
         Arc::clone(&hist),
         Arc::new(InMemorySysIo::new()),
     );
-    let sid = core.create_work(work("工作一", WorkMode::Single, &["a"])).unwrap().sid;
+    let sid = core
+        .create_work(work("工作一", WorkMode::Single, &["a"]))
+        .unwrap()
+        .sid;
     assert_eq!(sid, "工作一");
     with_live(|l| core.single_say(&sid, "你好", l)).unwrap();
     let list = core.history_list();
Diff in /Users/runner/work/Solomni/Solomni/src/tests.rs:951:
     assert_eq!(list[0].mode, "single");
     let (meta, events) = core.history_open("工作一").unwrap();
     assert_eq!(meta.mode, "single");
-    assert!(events.iter().any(|e| e.get("type").and_then(|t| t.as_str()) == Some("transcript")), "历史里应有转录事件");
+    assert!(
+        events
+            .iter()
+            .any(|e| e.get("type").and_then(|t| t.as_str()) == Some("transcript")),
+        "历史里应有转录事件"
+    );
     // 重名（磁盘已存在）被拒
-    assert!(core.create_work(work("工作一", WorkMode::Single, &["a"])).unwrap_err().contains("已存在"));
+    assert!(core
+        .create_work(work("工作一", WorkMode::Single, &["a"]))
+        .unwrap_err()
+        .contains("已存在"));
     // 删除会话：内存与磁盘一起删，之后名字可复用
     assert!(core.history_delete("工作一").unwrap());
     assert!(core.history_list().is_empty());
Diff in /Users/runner/work/Solomni/Solomni/src/tests.rs:960:
-    assert!(core.create_work(work("工作一", WorkMode::Single, &["a"])).is_ok());
+    assert!(core
+        .create_work(work("工作一", WorkMode::Single, &["a"]))
+        .is_ok());
 }
 
 #[test]
Diff in /Users/runner/work/Solomni/Solomni/src/tests.rs:980:
         Arc::clone(&hist),
         Arc::new(InMemorySysIo::new()),
     );
-    let sid = core.create_work(work("w", WorkMode::Single, &["a"])).unwrap().sid;
+    let sid = core
+        .create_work(work("w", WorkMode::Single, &["a"]))
+        .unwrap()
+        .sid;
     with_live(|l| core.single_say(&sid, "问一", l)).unwrap(); // 行 0=用户, 1=AI
     with_live(|l| core.single_say(&sid, "问二", l)).unwrap(); // 行 2=用户, 3=AI
 
Diff in /Users/runner/work/Solomni/Solomni/src/tests.rs:995:
 
     // 末条是用户 → 继续直接续跑（不再需要用户发言）
     let ev = with_live(|l| core.continue_flow(&sid, l)).unwrap();
-    let reply = ev.iter().find_map(|e| match e {
-        SessionEvent::Transcript(l) => l.first().map(|x| x.line.clone()),
-        _ => None,
-    }).expect("应有转录回复");
-    assert!(reply.contains("续答"), "继续应直接用现有历史问模型：{}", reply);
+    let reply = ev
+        .iter()
+        .find_map(|e| match e {
+            SessionEvent::Transcript(l) => l.first().map(|x| x.line.clone()),
+            _ => None,
+        })
+        .expect("应有转录回复");
+    assert!(
+        reply.contains("续答"),
+        "继续应直接用现有历史问模型：{}",
+        reply
+    );
 
     // 落盘历史也按回档截断回放
     let (_, events) = core.history_open("w").unwrap();
Diff in /Users/runner/work/Solomni/Solomni/src/tests.rs:1006:
-    assert_eq!(replay_lines(&events), vec!["[用户] 问一".to_string(), format!("[a] {}", "续答")]);
+    assert_eq!(
+        replay_lines(&events),
+        vec!["[用户] 问一".to_string(), format!("[a] {}", "续答")]
+    );
 }
 
 /// 从事件流里抽出转录行，便于断言。
Diff in /Users/runner/work/Solomni/Solomni/src/tests.rs:1011:
     events
         .iter()
         .filter(|e| e.get("type").and_then(|t| t.as_str()) == Some("transcript"))
-        .flat_map(|e| e.get("lines").and_then(|l| l.as_array()).cloned().unwrap_or_default())
-        .map(|l| l.get("line").and_then(|x| x.as_str()).unwrap_or("").to_string())
+        .flat_map(|e| {
+            e.get("lines")
+                .and_then(|l| l.as_array())
+                .cloned()
+                .unwrap_or_default()
+        })
+        .map(|l| {
+            l.get("line")
+                .and_then(|x| x.as_str())
+                .unwrap_or("")
+                .to_string()
+        })
         .collect()
 }
 
Diff in /Users/runner/work/Solomni/Solomni/src/tests.rs:1021:
     events
         .iter()
         .flat_map(|e| match e {
-            SessionEvent::Transcript(ls) => ls.iter().map(|l| (l.id, l.line.clone(), l.tool.is_some())).collect::<Vec<_>>(),
+            SessionEvent::Transcript(ls) => ls
+                .iter()
+                .map(|l| (l.id, l.line.clone(), l.tool.is_some()))
+                .collect::<Vec<_>>(),
             _ => Vec::new(),
         })
         .collect()
Diff in /Users/runner/work/Solomni/Solomni/src/tests.rs:1032:
     events
         .iter()
         .flat_map(|e| match e {
-            SessionEvent::Transcript(ls) => ls.iter().filter_map(|l| l.tool.clone()).collect::<Vec<_>>(),
+            SessionEvent::Transcript(ls) => {
+                ls.iter().filter_map(|l| l.tool.clone()).collect::<Vec<_>>()
+            }
             _ => Vec::new(),
         })
         .collect()
Diff in /Users/runner/work/Solomni/Solomni/src/tests.rs:1043:
     events
         .iter()
         .flat_map(|e| match e {
-            SessionEvent::Transcript(ls) => {
-                ls.iter().filter(|l| l.tool.is_some()).map(|l| l.line.clone()).collect::<Vec<_>>()
-            }
+            SessionEvent::Transcript(ls) => ls
+                .iter()
+                .filter(|l| l.tool.is_some())
+                .map(|l| l.line.clone())
+                .collect::<Vec<_>>(),
             _ => Vec::new(),
         })
         .collect()
Diff in /Users/runner/work/Solomni/Solomni/src/tests.rs:1054:
 #[test]
 fn rewind_keeps_only_lines_before_the_mark() {
     let mut member = BTreeMap::new();
-    member.insert("a".to_string(), vec![
-        "{\"type\":\"say\",\"text\":\"答一\"}".to_string(),
-        "{\"type\":\"say\",\"text\":\"答二\"}".to_string(),
-    ]);
+    member.insert(
+        "a".to_string(),
+        vec![
+            "{\"type\":\"say\",\"text\":\"答一\"}".to_string(),
+            "{\"type\":\"say\",\"text\":\"答二\"}".to_string(),
+        ],
+    );
     let mut core = core_with(vec![module_of("a")], gw(member, vec!["[]".into()]));
-    let sid = core.create_work(work("w", WorkMode::Single, &["a"])).unwrap().sid;
+    let sid = core
+        .create_work(work("w", WorkMode::Single, &["a"]))
+        .unwrap()
+        .sid;
     with_live(|l| core.single_say(&sid, "问一", l)).unwrap(); // 行 0 用户 / 1 AI
     with_live(|l| core.single_say(&sid, "问二", l)).unwrap(); // 行 2 用户 / 3 AI
 
Diff in /Users/runner/work/Solomni/Solomni/src/tests.rs:1066:
     // 回档到第 2 行 = 删第 2 行及其后 → 只留前 2 行，历史与 marks 同步截断
     let replayed = core.rewind(&sid, 2).unwrap();
-    assert_eq!(replay_lines(&replayed), vec!["[用户] 问一".to_string(), "[a] 答一".to_string()]);
-    assert_eq!(core.single_history(&sid).unwrap().len(), 3, "system + 用户 + 答一");
+    assert_eq!(
+        replay_lines(&replayed),
+        vec!["[用户] 问一".to_string(), "[a] 答一".to_string()]
+    );
+    assert_eq!(
+        core.single_history(&sid).unwrap().len(),
+        3,
+        "system + 用户 + 答一"
+    );
 
     // 回档到第 0 行 = 转录清空、历史只剩 system
     let replayed = core.rewind(&sid, 0).unwrap();
Diff in /Users/runner/work/Solomni/Solomni/src/tests.rs:1073:
-    assert!(replay_lines(&replayed).is_empty(), "点第一行 → 转录清空：{:?}", replayed);
-    assert_eq!(core.single_history(&sid).unwrap().len(), 1, "历史只剩 system");
+    assert!(
+        replay_lines(&replayed).is_empty(),
+        "点第一行 → 转录清空：{:?}",
+        replayed
+    );
+    assert_eq!(
+        core.single_history(&sid).unwrap().len(),
+        1,
+        "历史只剩 system"
+    );
 
     // next_line 归零：下一条行 id 从 0 开始
     let ev = with_live(|l| core.single_say(&sid, "再来", l)).unwrap();
Diff in /Users/runner/work/Solomni/Solomni/src/tests.rs:1098:
         Arc::clone(&hist),
         Arc::clone(&io),
     );
-    let sid = core.create_work(work("w", WorkMode::Single, &["a"])).unwrap().sid;
+    let sid = core
+        .create_work(work("w", WorkMode::Single, &["a"]))
+        .unwrap()
+        .sid;
     with_live(|l| core.single_say(&sid, "记一笔", l)).unwrap();
     drop(core); // 会话随进程消失，只剩落盘流水
 
Diff in /Users/runner/work/Solomni/Solomni/src/tests.rs:1114:
     core2.rewind(&sid, 3).unwrap();
     let h = core2.single_history(&sid).expect("重建后应在内存里");
     assert!(
-        h.iter().any(|m| m.role == "assistant" && m.content.contains("\"type\":\"tool\"")),
+        h.iter()
+            .any(|m| m.role == "assistant" && m.content.contains("\"type\":\"tool\"")),
         "重建要还原模型原始工具请求：{:?}",
         h
     );
Diff in /Users/runner/work/Solomni/Solomni/src/tests.rs:1121:
     assert!(
-        h.iter().any(|m| m.role == "user" && m.content.contains("[工具结果] write")),
+        h.iter()
+            .any(|m| m.role == "user" && m.content.contains("[工具结果] write")),
         "重建必须保留工具结果（这条正是要修的 bug）：{:?}",
         h
     );
Diff in /Users/runner/work/Solomni/Solomni/src/tests.rs:1126:
-    assert_eq!(io.get(&["w", "a", "note.txt"]).as_deref(), Some("你好"), "重建后沙箱里的成品仍在");
-    assert!(h.iter().any(|m| m.role == "assistant" && m.content.contains("写完了")));
+    assert_eq!(
+        io.get(&["w", "a", "note.txt"]).as_deref(),
+        Some("你好"),
+        "重建后沙箱里的成品仍在"
+    );
+    assert!(h
+        .iter()
+        .any(|m| m.role == "assistant" && m.content.contains("写完了")));
 }
 
 #[test]
Diff in /Users/runner/work/Solomni/Solomni/src/tests.rs:1148:
     let st2 = derive(&withdrawn, &["a".to_string()]);
     assert!(!st2.agreed["a"] && !st2.closed);
     // 代拟行只给人看：名单不由它派生（权威来源是 meta.agents）。
-    let with_slate = vec![ev(0, "[代拟] 甲〈a〉→ m（对口）；乙（复用；补位）"), ev(1, "[用户:名单] 确认")];
+    let with_slate = vec![
+        ev(0, "[代拟] 甲〈a〉→ m（对口）；乙（复用；补位）"),
+        ev(1, "[用户:名单] 确认"),
+    ];
     let st3 = derive(&with_slate, &["a".to_string()]);
     assert_eq!(st3.picked, vec!["a".to_string()], "名单仍来自 meta.agents");
-    assert!(st3.slate.is_some() && st3.slate_confirmed, "只保留原文供展示");
+    assert!(
+        st3.slate.is_some() && st3.slate_confirmed,
+        "只保留原文供展示"
+    );
 }
 
 #[test]
Diff in /Users/runner/work/Solomni/Solomni/src/tests.rs:1158:
 fn collab_rewind_rebuilds_from_transcript_and_resume_waits_at_gate() {
     let mut member = BTreeMap::new();
-    member.insert("a".to_string(), vec!["{\"type\":\"say\",\"text\":\"好\"}".to_string()]);
+    member.insert(
+        "a".to_string(),
+        vec!["{\"type\":\"say\",\"text\":\"好\"}".to_string()],
+    );
     let mut core = core_with(vec![module_of("a")], gw(member, vec!["[]".into()]));
-    let sid = core.create_work(collab_work("c", &["a"], false, "做个东西")).unwrap().sid;
-    assert!(matches!(core.collab_pending(&sid), Ok(Some(Pending::ConfirmBegin))));
+    let sid = core
+        .create_work(collab_work("c", &["a"], false, "做个东西"))
+        .unwrap()
+        .sid;
+    assert!(matches!(
+        core.collab_pending(&sid),
+        Ok(Some(Pending::ConfirmBegin))
+    ));
     // 回档到需求行之后（保留前 1 行 = 需求行）：协作走「按转录重建」
     let replayed = core.rewind(&sid, 1).unwrap();
-    assert_eq!(replay_lines(&replayed), vec!["[用户:需求] 做个东西".to_string()]);
-    assert!(matches!(core.collab_pending(&sid), Ok(Some(Pending::ConfirmBegin))), "重建后仍等确认开始");
+    assert_eq!(
+        replay_lines(&replayed),
+        vec!["[用户:需求] 做个东西".to_string()]
+    );
+    assert!(
+        matches!(core.collab_pending(&sid), Ok(Some(Pending::ConfirmBegin))),
+        "重建后仍等确认开始"
+    );
     // 继续：未开始不由继续代劳，只提醒
     let ev = with_live(|l| core.continue_flow(&sid, l)).unwrap();
     assert!(matches!(&ev[0], SessionEvent::Notice(n) if n.contains("裁决门")));
Diff in /Users/runner/work/Solomni/Solomni/src/tests.rs:1173:
 #[test]
 fn collab_update_task_rewinds_and_latest_wins() {
     let mut core = core_with(vec![module_of("a")], gw(BTreeMap::new(), vec!["[]".into()]));
-    let sid = core.create_work(collab_work("c", &["a"], false, "旧需求")).unwrap().sid;
+    let sid = core
+        .create_work(collab_work("c", &["a"], false, "旧需求"))
+        .unwrap()
+        .sid;
     let replayed = core.update_task(&sid, "新需求").unwrap();
-    assert_eq!(replay_lines(&replayed), vec!["[用户:需求] 旧需求".to_string(), "[用户:需求] 新需求".to_string()]);
+    assert_eq!(
+        replay_lines(&replayed),
+        vec![
+            "[用户:需求] 旧需求".to_string(),
+            "[用户:需求] 新需求".to_string()
+        ]
+    );
     // 派生以最后一条需求为准
     let (_, events) = core.history_open("c").unwrap();
     let st = crate::core::collab_state::derive(&events, &["a".to_string()]);
Diff in /Users/runner/work/Solomni/Solomni/src/tests.rs:1186:
 fn suggest_models_recommends_agents() {
     // 不存在的模块 / 不存在的模型 / 重复占用的模块一律拒收。
     let script = "{\"agents\":[{\"name\":\"甲\",\"modules\":[\"a\"],\"model\":\"m\",\"why\":\"对口\"},{\"name\":\"乙\",\"modules\":[\"b\"],\"model\":\"m\",\"why\":\"补位\"},{\"name\":\"鬼\",\"modules\":[\"ghost\"],\"model\":\"m\",\"why\":\"模块不存在\"},{\"name\":\"丙\",\"modules\":[\"a\"],\"model\":\"nope\",\"why\":\"模型不存在\"},{\"name\":\"丁\",\"modules\":[\"a\"],\"model\":\"m\",\"why\":\"重复占模块\"}]}".to_string();
-    let core = core_with(vec![module_of("a"), module_of("b")], gw(BTreeMap::new(), vec![script.clone()]));
+    let core = core_with(
+        vec![module_of("a"), module_of("b")],
+        gw(BTreeMap::new(), vec![script.clone()]),
+    );
     // 协作：两个独立 agent，各带自己的模块与模型。
     let collab = core.suggest_models("做个东西", WorkMode::Collab).unwrap();
     assert_eq!(collab.len(), 2);
Diff in /Users/runner/work/Solomni/Solomni/src/tests.rs:1211:
     let out = core.suggest_models("做个东西", WorkMode::Single).unwrap();
     assert_eq!(out.len(), 1);
     assert_eq!(out[0].name, "全能");
-    assert_eq!(out[0].modules, vec!["a".to_string(), "b".to_string()], "单 agent 不再被裁到一个模块");
+    assert_eq!(
+        out[0].modules,
+        vec!["a".to_string(), "b".to_string()],
+        "单 agent 不再被裁到一个模块"
+    );
     assert!(!out[0].reuse);
     // 复用项也要原样保留 reuse 标记
-    let mut reuse = core_with(vec![module_of("a")], gw(BTreeMap::new(), vec![
-        "{\"agents\":[{\"agent\":\"调研\",\"why\":\"正好\"}]}".to_string(),
-    ]));
-    reuse.agent_upsert("调研", &["a".to_string()], "m", "").unwrap();
+    let mut reuse = core_with(
+        vec![module_of("a")],
+        gw(
+            BTreeMap::new(),
+            vec!["{\"agents\":[{\"agent\":\"调研\",\"why\":\"正好\"}]}".to_string()],
+        ),
+    );
+    reuse
+        .agent_upsert("调研", &["a".to_string()], "m", "")
+        .unwrap();
     let got = reuse.suggest_models("做个东西", WorkMode::Single).unwrap();
     assert_eq!(got.len(), 1);
     assert!(got[0].reuse, "一条复用项必须保留 reuse");
Diff in /Users/runner/work/Solomni/Solomni/src/tests.rs:1230:
         // 只有复用项（模型与模块都取登记处自己的）；幽灵项应被拒收。
         "{\"agents\":[{\"agent\":\"调研\",\"why\":\"正好用得上\"},{\"agent\":\"幽灵\",\"why\":\"不在登记处\"}]}".to_string(),
     ]));
-    core.agent_upsert("调研", &["a".to_string()], "m", "说明").unwrap();
+    core.agent_upsert("调研", &["a".to_string()], "m", "说明")
+        .unwrap();
     let out = core.suggest_models("做个东西", WorkMode::Collab).unwrap();
     assert_eq!(out.len(), 1, "非法的复用项必须被拒收");
     assert!(out[0].reuse, "复用项要如实标记");
Diff in /Users/runner/work/Solomni/Solomni/src/tests.rs:1238:
     assert_eq!(out[0].modules, vec!["a".to_string()]);
     assert_eq!(out[0].model, "m", "模型取登记处里那个，核心不代拟");
     // 全部拒收 → 明确报错（不悄悄给个空名单）
-    let mut empty = core_with(vec![module_of("a")], gw(BTreeMap::new(), vec![
-        "{\"agents\":[{\"agent\":\"幽灵\",\"why\":\"不在登记处\"}]}".to_string(),
-    ]));
-    empty.agent_upsert("调研", &["a".to_string()], "m", "").unwrap();
-    assert!(empty.suggest_models("做个东西", WorkMode::Collab).unwrap_err().contains("没有可用结果"));
+    let mut empty = core_with(
+        vec![module_of("a")],
+        gw(
+            BTreeMap::new(),
+            vec!["{\"agents\":[{\"agent\":\"幽灵\",\"why\":\"不在登记处\"}]}".to_string()],
+        ),
+    );
+    empty
+        .agent_upsert("调研", &["a".to_string()], "m", "")
+        .unwrap();
+    assert!(empty
+        .suggest_models("做个东西", WorkMode::Collab)
+        .unwrap_err()
+        .contains("没有可用结果"));
 }
 
 #[test]
Diff in /Users/runner/work/Solomni/Solomni/src/tests.rs:1249:
 fn same_named_tools_across_modules_are_no_longer_a_conflict() {
     let mut a = module_of("a");
-    a.manifest.tools.insert("dump".to_string(), decl("python a/dump.py"));
+    a.manifest
+        .tools
+        .insert("dump".to_string(), decl("python a/dump.py"));
     let mut b = module_of("b");
-    b.manifest.tools.insert("dump".to_string(), decl("python b/dump.py"));
+    b.manifest
+        .tools
+        .insert("dump".to_string(), decl("python b/dump.py"));
     let mut core = core_with(vec![a, b], gw(BTreeMap::new(), vec!["[]".into()]));
     // 跨模块同名工具不再冲突：信封里的 module 消歧（行为见 same_named_tools_in_two_modules_run_in_their_own_root）。
     let one_agent = WorkSpec {
Diff in /Users/runner/work/Solomni/Solomni/src/tests.rs:1257:
         name: "w".to_string(),
         mode: WorkMode::Single,
-        agents: vec![AgentInstance { name: "组合".to_string(), transient: true, modules: vec!["a".to_string(), "b".to_string()], model: None }],
+        agents: vec![AgentInstance {
+            name: "组合".to_string(),
+            transient: true,
+            modules: vec!["a".to_string(), "b".to_string()],
+            model: None,
+        }],
         task: None,
         delegate: false,
     };
Diff in /Users/runner/work/Solomni/Solomni/src/tests.rs:1263:
-    assert!(core.create_work(one_agent).is_ok(), "同名工具同属一个 agent 也应能建");
+    assert!(
+        core.create_work(one_agent).is_ok(),
+        "同名工具同属一个 agent 也应能建"
+    );
     // 仍然保留的校验：同一模块不得同时属于两个 agent（沙箱与发言归属会歧义）。
     let cross = WorkSpec {
         name: "cross".to_string(),
Diff in /Users/runner/work/Solomni/Solomni/src/tests.rs:1267:
         mode: WorkMode::Collab,
         agents: vec![
-            AgentInstance { name: "甲".to_string(), transient: true, modules: vec!["a".to_string()], model: None },
-            AgentInstance { name: "乙".to_string(), transient: true, modules: vec!["a".to_string()], model: None },
+            AgentInstance {
+                name: "甲".to_string(),
+                transient: true,
+                modules: vec!["a".to_string()],
+                model: None,
+            },
+            AgentInstance {
+                name: "乙".to_string(),
+                transient: true,
+                modules: vec!["a".to_string()],
+                model: None,
+            },
         ],
         task: Some("需求".to_string()),
         delegate: false,
Diff in /Users/runner/work/Solomni/Solomni/src/tests.rs:1274:
     };
-    assert!(core.create_work(cross).unwrap_err().contains("被多个 agent"));
+    assert!(core
+        .create_work(cross)
+        .unwrap_err()
+        .contains("被多个 agent"));
 }
 
 #[test]
Diff in /Users/runner/work/Solomni/Solomni/src/tests.rs:1279:
 fn agent_crud_and_work_with_agents() {
-    let mut core = core_with(vec![module_of("a"), module_of("b")], gw(BTreeMap::new(), vec!["[]".into()]));
-    assert!(core.agent_upsert("", &["a".to_string()], "", "").unwrap_err().contains("不能为空"));
-    assert!(core.agent_upsert("x", &[], "", "").unwrap_err().contains("至少要有一个模块"));
-    assert!(core.agent_upsert("x", &["ghost".to_string()], "", "").unwrap_err().contains("无此模块"));
-    assert!(core.agent_upsert("x", &["a".to_string()], "nope", "").unwrap_err().contains("无此模型"));
-    core.agent_upsert("调研", &["a".to_string(), "b".to_string()], "m", "说明").unwrap();
+    let mut core = core_with(
+        vec![module_of("a"), module_of("b")],
+        gw(BTreeMap::new(), vec!["[]".into()]),
+    );
+    assert!(core
+        .agent_upsert("", &["a".to_string()], "", "")
+        .unwrap_err()
+        .contains("不能为空"));
+    assert!(core
+        .agent_upsert("x", &[], "", "")
+        .unwrap_err()
+        .contains("至少要有一个模块"));
+    assert!(core
+        .agent_upsert("x", &["ghost".to_string()], "", "")
+        .unwrap_err()
+        .contains("无此模块"));
+    assert!(core
+        .agent_upsert("x", &["a".to_string()], "nope", "")
+        .unwrap_err()
+        .contains("无此模型"));
+    core.agent_upsert("调研", &["a".to_string(), "b".to_string()], "m", "说明")
+        .unwrap();
     assert_eq!(core.agent_views().len(), 1);
     assert_eq!(core.agent_views()[0].modules.len(), 2);
 
Diff in /Users/runner/work/Solomni/Solomni/src/tests.rs:1290:
     let spec = WorkSpec {
         name: "w".to_string(),
         mode: WorkMode::Single,
-        agents: vec![AgentInstance { name: "调研".to_string(), transient: false, modules: vec!["a".to_string(), "b".to_string()], model: Some("m".to_string()) }],
+        agents: vec![AgentInstance {
+            name: "调研".to_string(),
+            transient: false,
+            modules: vec!["a".to_string(), "b".to_string()],
+            model: Some("m".to_string()),
+        }],
         task: None,
         delegate: false,
     };
Diff in /Users/runner/work/Solomni/Solomni/src/tests.rs:1311:
         name: "cross".to_string(),
         mode: WorkMode::Collab,
         agents: vec![
-            AgentInstance { name: "x".to_string(), transient: true, modules: vec!["a".to_string()], model: None },
-            AgentInstance { name: "y".to_string(), transient: true, modules: vec!["a".to_string()], model: None },
+            AgentInstance {
+                name: "x".to_string(),
+                transient: true,
+                modules: vec!["a".to_string()],
+                model: None,
+            },
+            AgentInstance {
+                name: "y".to_string(),
+                transient: true,
+                modules: vec!["a".to_string()],
+                model: None,
+            },
         ],
         task: Some("需求".to_string()),
         delegate: false,
Diff in /Users/runner/work/Solomni/Solomni/src/tests.rs:1319:
     };
-    assert!(core.create_work(cross).unwrap_err().contains("被多个 agent"));
+    assert!(core
+        .create_work(cross)
+        .unwrap_err()
+        .contains("被多个 agent"));
 
     assert!(core.agent_remove("调研").unwrap());
     assert!(core.agent_views().is_empty());
Diff in /Users/runner/work/Solomni/Solomni/src/tests.rs:1326:
 #[test]
 fn work_upload_conflict_and_safe_name() {
     let mut core = core_with(vec![module_of("a")], gw(BTreeMap::new(), vec!["[]".into()]));
-    let sid = core.create_work(work("up", WorkMode::Single, &["a"])).unwrap().sid;
+    let sid = core
+        .create_work(work("up", WorkMode::Single, &["a"]))
+        .unwrap()
+        .sid;
     assert!(core.work_upload(&sid, "x.txt", b"hello", false).unwrap());
-    assert!(!core.work_upload(&sid, "x.txt", b"again", false).unwrap(), "同名不覆盖");
-    assert!(core.work_upload(&sid, "x.txt", b"again", true).unwrap(), "显式覆盖");
-    assert!(core.work_upload("ghost", "x.txt", b"x", false).unwrap_err().contains("无此会话"));
-    assert!(core.work_upload(&sid, "../evil.txt", b"x", false).unwrap_err().contains("路径分隔符"));
+    assert!(
+        !core.work_upload(&sid, "x.txt", b"again", false).unwrap(),
+        "同名不覆盖"
+    );
+    assert!(
+        core.work_upload(&sid, "x.txt", b"again", true).unwrap(),
+        "显式覆盖"
+    );
+    assert!(core
+        .work_upload("ghost", "x.txt", b"x", false)
+        .unwrap_err()
+        .contains("无此会话"));
+    assert!(core
+        .work_upload(&sid, "../evil.txt", b"x", false)
+        .unwrap_err()
+        .contains("路径分隔符"));
 }
 
 #[test]
Diff in /Users/runner/work/Solomni/Solomni/src/tests.rs:1338:
 fn create_work_validates_user_choices() {
-    let mut core = core_with(vec![module_of("a"), module_of("b")], gw(BTreeMap::new(), vec!["[]".into()]));
-    assert!(core.create_work(work("", WorkMode::Single, &["a"])).unwrap_err().contains("工作名不能为空"));
-    assert!(core.create_work(work("x", WorkMode::Single, &["ghost"])).unwrap_err().contains("无此模块"));
-    assert!(core.create_work(work("x", WorkMode::Single, &[])).unwrap_err().contains("至少要有一个模块"));
+    let mut core = core_with(
+        vec![module_of("a"), module_of("b")],
+        gw(BTreeMap::new(), vec!["[]".into()]),
+    );
+    assert!(core
+        .create_work(work("", WorkMode::Single, &["a"]))
+        .unwrap_err()
+        .contains("工作名不能为空"));
+    assert!(core
+        .create_work(work("x", WorkMode::Single, &["ghost"]))
+        .unwrap_err()
+        .contains("无此模块"));
+    assert!(core
+        .create_work(work("x", WorkMode::Single, &[]))
+        .unwrap_err()
+        .contains("至少要有一个模块"));
     // 单 agent 形态只接受一个 agent（模块数不限，多模块合法，见 single_mode_accepts_multi_module_agent）
     let two_agents = WorkSpec {
         name: "x".to_string(),
Diff in /Users/runner/work/Solomni/Solomni/src/tests.rs:1346:
         mode: WorkMode::Single,
         agents: vec![
-            AgentInstance { name: "甲".to_string(), transient: true, modules: vec!["a".to_string()], model: None },
-            AgentInstance { name: "乙".to_string(), transient: true, modules: vec!["b".to_string()], model: None },
+            AgentInstance {
+                name: "甲".to_string(),
+                transient: true,
+                modules: vec!["a".to_string()],
+                model: None,
+            },
+            AgentInstance {
+                name: "乙".to_string(),
+                transient: true,
+                modules: vec!["b".to_string()],
+                model: None,
+            },
         ],
         task: None,
         delegate: false,
Diff in /Users/runner/work/Solomni/Solomni/src/tests.rs:1353:
     };
-    assert!(core.create_work(two_agents).unwrap_err().contains("只接受一个 agent"));
-    assert!(core.create_work(collab_work("x", &["a"], false, "  ")).unwrap_err().contains("必须填写本次需求"));
+    assert!(core
+        .create_work(two_agents)
+        .unwrap_err()
+        .contains("只接受一个 agent"));
+    assert!(core
+        .create_work(collab_work("x", &["a"], false, "  "))
+        .unwrap_err()
+        .contains("必须填写本次需求"));
     let mut bad_model = work("x", WorkMode::Single, &["a"]);
     bad_model.agents[0].model = Some("ghost".to_string());
-    assert!(core.create_work(bad_model).unwrap_err().contains("无此模型"));
+    assert!(core
+        .create_work(bad_model)
+        .unwrap_err()
+        .contains("无此模型"));
     // 建一次成功后重名被拒
-    assert!(core.create_work(work("同名", WorkMode::Single, &["a"])).is_ok());
-    assert!(core.create_work(work("同名", WorkMode::Single, &["a"])).unwrap_err().contains("已存在"));
+    assert!(core
+        .create_work(work("同名", WorkMode::Single, &["a"]))
+        .is_ok());
+    assert!(core
+        .create_work(work("同名", WorkMode::Single, &["a"]))
+        .unwrap_err()
+        .contains("已存在"));
     // 非法字符（将来要当目录名）
-    assert!(core.create_work(work("a/b", WorkMode::Single, &["a"])).unwrap_err().contains("不能包含"));
+    assert!(core
+        .create_work(work("a/b", WorkMode::Single, &["a"]))
+        .unwrap_err()
+        .contains("不能包含"));
 }
 
 #[test]
Diff in /Users/runner/work/Solomni/Solomni/src/tests.rs:1370:
         parse_models(r#"{"data":[{"id":"gpt-4o"},{"id":"o3"},{"id":"gpt-4o"}]}"#).unwrap(),
         vec!["gpt-4o".to_string(), "o3".to_string()]
     );
-    assert!(parse_models(r#"{"models":["a"]}"#).is_err(), "缺 data 必须报错");
+    assert!(
+        parse_models(r#"{"models":["a"]}"#).is_err(),
+        "缺 data 必须报错"
+    );
     assert!(parse_models(r#"{"data":[]}"#).is_err(), "空列表必须报错");
     assert!(parse_models("不是 JSON").is_err());
 }
Diff in /Users/runner/work/Solomni/Solomni/src/tests.rs:1379:
 fn endpoint_candidates_complete_and_fall_back() {
     use crate::adapters::endpoint::{chat_candidates, models_candidates, retryable_status};
     // 已带版本段：只补后缀（含尾斜杠）
-    assert_eq!(chat_candidates("https://api.x/v1"), vec!["https://api.x/v1/chat/completions"]);
-    assert_eq!(chat_candidates("https://api.x/v1/"), vec!["https://api.x/v1/chat/completions"]);
-    assert_eq!(chat_candidates("https://api.x/v2"), vec!["https://api.x/v2/chat/completions"]);
-    assert_eq!(models_candidates("https://api.x/v1"), vec!["https://api.x/v1/models"]);
+    assert_eq!(
+        chat_candidates("https://api.x/v1"),
+        vec!["https://api.x/v1/chat/completions"]
+    );
+    assert_eq!(
+        chat_candidates("https://api.x/v1/"),
+        vec!["https://api.x/v1/chat/completions"]
+    );
+    assert_eq!(
+        chat_candidates("https://api.x/v2"),
+        vec!["https://api.x/v2/chat/completions"]
+    );
+    assert_eq!(
+        models_candidates("https://api.x/v1"),
+        vec!["https://api.x/v1/models"]
+    );
     // 无版本段：先直连，连不上再回落 /v1
     assert_eq!(
         chat_candidates("https://api.x"),
Diff in /Users/runner/work/Solomni/Solomni/src/tests.rs:1389:
-        vec!["https://api.x/chat/completions", "https://api.x/v1/chat/completions"]
+        vec![
+            "https://api.x/chat/completions",
+            "https://api.x/v1/chat/completions"
+        ]
     );
     assert_eq!(
         models_candidates("https://api.x"),
Diff in /Users/runner/work/Solomni/Solomni/src/tests.rs:1393:
         vec!["https://api.x/models", "https://api.x/v1/models"]
     );
     // 已是完整端点：原样，防重复拼接
-    assert_eq!(chat_candidates("https://api.x/v1/chat/completions"), vec!["https://api.x/v1/chat/completions"]);
-    assert_eq!(models_candidates("https://api.x/v1/models"), vec!["https://api.x/v1/models"]);
+    assert_eq!(
+        chat_candidates("https://api.x/v1/chat/completions"),
+        vec!["https://api.x/v1/chat/completions"]
+    );
+    assert_eq!(
+        models_candidates("https://api.x/v1/models"),
+        vec!["https://api.x/v1/models"]
+    );
     // 换候选判定：只有 404/405 换，鉴权类立即报
     assert!(retryable_status(404) && retryable_status(405));
-    assert!(!retryable_status(401) && !retryable_status(403) && !retryable_status(429) && !retryable_status(500));
+    assert!(
+        !retryable_status(401)
+            && !retryable_status(403)
+            && !retryable_status(429)
+            && !retryable_status(500)
+    );
 }
 
 #[test]
Diff in /Users/runner/work/Solomni/Solomni/src/tests.rs:1411:
         &cands,
         |url| {
             seen.push(url.to_string());
-            if url == "b" { Attempt::Ok(7) } else { Attempt::Retry("响应不是 JSON".to_string()) }
+            if url == "b" {
+                Attempt::Ok(7)
+            } else {
+                Attempt::Retry("响应不是 JSON".to_string())
+            }
         },
         |_, _, _| {},
     );
Diff in /Users/runner/work/Solomni/Solomni/src/tests.rs:1432:
     assert_eq!(seen2, vec!["a".to_string()]);
 
     // 全部 Retry 耗尽：报最后一个错误，不静默。
-    let all: Result<(String, i32), String> = resolve_candidates(&cands, |_| Attempt::Retry("失败".to_string()), |_, _, _| {});
+    let all: Result<(String, i32), String> =
+        resolve_candidates(&cands, |_| Attempt::Retry("失败".to_string()), |_, _, _| {});
     assert_eq!(all.unwrap_err(), "失败");
 }
 
Diff in /Users/runner/work/Solomni/Solomni/src/tests.rs:1440:
 
 #[test]
 fn roster_lists_modules() {
-    let core = core_with(vec![module_of("a"), module_of("b")], gw(BTreeMap::new(), vec!["[]".into()]));
+    let core = core_with(
+        vec![module_of("a"), module_of("b")],
+        gw(BTreeMap::new(), vec!["[]".into()]),
+    );
     let r = core.scan();
     let ids: Vec<_> = r.modules.iter().map(|m| m.manifest.id.clone()).collect();
     assert_eq!(ids, vec!["a", "b"]);
Diff in /Users/runner/work/Solomni/Solomni/src/tests.rs:1461:
 fn discussion_full_agreement() {
     let mut d = scripted_discussion(
         vec![
-            vec!["{\"type\":\"say\",\"text\":\"好\"}".into(), "{\"type\":\"agree\",\"text\":\"同意\"}".into()],
-            vec!["{\"type\":\"say\",\"text\":\"行\"}".into(), "{\"type\":\"agree\",\"text\":\"同意\"}".into()],
+            vec![
+                "{\"type\":\"say\",\"text\":\"好\"}".into(),
+                "{\"type\":\"agree\",\"text\":\"同意\"}".into(),
+            ],
+            vec![
+                "{\"type\":\"say\",\"text\":\"行\"}".into(),
+                "{\"type\":\"agree\",\"text\":\"同意\"}".into(),
+            ],
         ],
         false,
     );
Diff in /Users/runner/work/Solomni/Solomni/src/tests.rs:1479:
 
 #[test]
 fn discussion_ask_pauses() {
-    let mut d = scripted_discussion(vec![vec!["{\"type\":\"ask\",\"text\":\"需要参数?\"}".into()]], false);
+    let mut d = scripted_discussion(
+        vec![vec!["{\"type\":\"ask\",\"text\":\"需要参数?\"}".into()]],
+        false,
+    );
     d.open("任务");
     match d.step() {
         TurnOut::AskUser { member, question } => {
Diff in /Users/runner/work/Solomni/Solomni/src/tests.rs:1492:
 
 #[test]
 fn discussion_leave_shrinks() {
-    let mut d = scripted_discussion(vec![vec!["{\"type\":\"leave\",\"text\":\"撤了\"}".into()]], false);
+    let mut d = scripted_discussion(
+        vec![vec!["{\"type\":\"leave\",\"text\":\"撤了\"}".into()]],
+        false,
+    );
     d.open("任务");
     let _ = d.step();
     assert!(d.members.iter().all(|m| !m.present));
Diff in /Users/runner/work/Solomni/Solomni/src/tests.rs:1521:
 
 #[test]
 fn discussion_round_cap_enforced() {
-    let mut d = scripted_discussion(vec![vec!["{\"type\":\"say\",\"text\":\"继续\"}".into()]; 2], false);
+    let mut d = scripted_discussion(
+        vec![vec!["{\"type\":\"say\",\"text\":\"继续\"}".into()]; 2],
+        false,
+    );
     d.open("任务");
     loop {
         match d.step() {
Diff in /Users/runner/work/Solomni/Solomni/src/tests.rs:1537:
 fn degraded_discussion_line_carries_a_structured_flag() {
     let prompts = test_prompts();
     // 成员给出"不是信封"的原文 → 该行按降级收录：文本里有说明，**结构上另带 degraded**。
-    let members = vec![Member::new("m0", "职责".to_string(), scripted(vec!["我觉得可以".into()]))];
+    let members = vec![Member::new(
+        "m0",
+        "职责".to_string(),
+        scripted(vec!["我觉得可以".into()]),
+    )];
     let mut disc = Discussion::new(members, true, prompts.clone());
     disc.open("任务");
-    let line = disc.transcript.iter().find(|l| l.text.starts_with("[m0:say]")).expect("应有 m0 的发言行");
-    assert!(line.degraded, "降级必须带结构化标记（呈现层靠它，不靠匹配文案）");
+    let line = disc
+        .transcript
+        .iter()
+        .find(|l| l.text.starts_with("[m0:say]"))
+        .expect("应有 m0 的发言行");
     assert!(
-        line.text.contains(&prompts.core.tool_texts.discuss_degraded),
+        line.degraded,
+        "降级必须带结构化标记（呈现层靠它，不靠匹配文案）"
+    );
+    assert!(
+        line.text
+            .contains(&prompts.core.tool_texts.discuss_degraded),
         "文本里仍保留给人/模型看的说明"
     );
 
Diff in /Users/runner/work/Solomni/Solomni/src/tests.rs:1556:
     }])
     .to_json();
     assert_eq!(yes["lines"][0]["degraded"], serde_json::Value::Bool(true));
-    let no = SessionEvent::Transcript(vec![crate::core::events::LineView { id: 0, line: "x".into(), ..Default::default() }]).to_json();
-    assert!(no["lines"][0].get("degraded").is_none(), "非降级行不写这个字段");
+    let no = SessionEvent::Transcript(vec![crate::core::events::LineView {
+        id: 0,
+        line: "x".into(),
+        ..Default::default()
+    }])
+    .to_json();
+    assert!(
+        no["lines"][0].get("degraded").is_none(),
+        "非降级行不写这个字段"
+    );
 }
 
 // ---------- 执行/验收 ----------
Diff in /Users/runner/work/Solomni/Solomni/src/tests.rs:1565:
 #[test]
 fn execution_review_pass_and_fail_paths() {
     let prompts = test_prompts();
-    let mut members = vec![Member::new("m0", "职责".to_string(), scripted(vec!["{\"type\":\"say\",\"text\":\"汇报内容\"}".into()]))];
+    let mut members = vec![Member::new(
+        "m0",
+        "职责".to_string(),
+        scripted(vec!["{\"type\":\"say\",\"text\":\"汇报内容\"}".into()]),
+    )];
     let mut exec = crate::core::engine::Execution::run(members.as_mut_slice(), "任务A", &prompts);
     assert_eq!(exec.reports.get("m0").map(|s| s.as_str()), Some("汇报内容"));
-    let mut core_chat = scripted(vec!["[{\"item\":\"A\",\"status\":\"fail\",\"reason\":\"没做完\"}]".into()]);
+    let mut core_chat = scripted(vec![
+        "[{\"item\":\"A\",\"status\":\"fail\",\"reason\":\"没做完\"}]".into(),
+    ]);
     exec.review(core_chat.as_mut(), "方案", &prompts);
     assert!(!exec.all_pass());
     exec.rerun(members.as_mut_slice(), "任务A", "- A：没做完", &prompts);
Diff in /Users/runner/work/Solomni/Solomni/src/tests.rs:1580:
 #[test]
 fn review_parse_failure_is_conservative_fail() {
     let prompts = test_prompts();
-    let mut members = vec![Member::new("m0", "职责".to_string(), scripted(vec!["{\"type\":\"say\",\"text\":\"x\"}".into()]))];
+    let mut members = vec![Member::new(
+        "m0",
+        "职责".to_string(),
+        scripted(vec!["{\"type\":\"say\",\"text\":\"x\"}".into()]),
+    )];
     let mut exec = crate::core::engine::Execution::run(members.as_mut_slice(), "任务", &prompts);
     let mut core_chat = scripted(vec!["完全不是清单".to_string()]);
     exec.review(core_chat.as_mut(), "方案", &prompts);
Diff in /Users/runner/work/Solomni/Solomni/src/tests.rs:1593:
 #[test]
 fn core_direct_seeds_system_prompt() {
     let mut member = BTreeMap::new();
-    member.insert("a".to_string(), vec!["{\"type\":\"say\",\"text\":\"你好\"}".to_string()]);
+    member.insert(
+        "a".to_string(),
+        vec!["{\"type\":\"say\",\"text\":\"你好\"}".to_string()],
+    );
     let mut core = core_with(vec![module_of("a")], gw(member, vec!["[]".into()]));
-    let sid = core.create_work(work("w", WorkMode::Single, &["a"])).unwrap().sid;
+    let sid = core
+        .create_work(work("w", WorkMode::Single, &["a"]))
+        .unwrap()
+        .sid;
     // 回归：单 agent 会话的历史首条必须是职责提示词（system）。
     let h = core.single_history(&sid).unwrap();
     assert_eq!(h[0].role, "system");
Diff in /Users/runner/work/Solomni/Solomni/src/tests.rs:1606:
         SessionEvent::Transcript(lines) => assert_eq!(lines[0].line, "[用户] 在吗"),
         _ => panic!("首条应为用户转录行"),
     }
-    assert!(events
-        .iter()
-        .any(|e| matches!(e, SessionEvent::Transcript(l) if l.iter().any(|x| x.line.contains("[a]")))));
+    assert!(events.iter().any(
+        |e| matches!(e, SessionEvent::Transcript(l) if l.iter().any(|x| x.line.contains("[a]")))
+    ));
 }
 
 #[test]
Diff in /Users/runner/work/Solomni/Solomni/src/tests.rs:1615:
 fn single_mode_accepts_multi_module_agent_and_converses() {
     // 单 agent 形态允许 1 个 agent 带多个模块：能建、system 并入全部职责、说话人是 agent 名。
     let mut member = BTreeMap::new();
-    member.insert("组合".to_string(), vec!["{\"type\":\"say\",\"text\":\"收到\"}".to_string()]);
-    let mut core = core_with(vec![module_of("a"), module_of("b")], gw(member, vec!["[]".into()]));
-    let sid = core.create_work(work("w", WorkMode::Single, &["a", "b"])).unwrap().sid;
+    member.insert(
+        "组合".to_string(),
+        vec!["{\"type\":\"say\",\"text\":\"收到\"}".to_string()],
+    );
+    let mut core = core_with(
+        vec![module_of("a"), module_of("b")],
+        gw(member, vec!["[]".into()]),
+    );
+    let sid = core
+        .create_work(work("w", WorkMode::Single, &["a", "b"]))
+        .unwrap()
+        .sid;
     let meta = core.history_open("w").unwrap().0;
     assert_eq!(meta.mode, "single");
     assert_eq!(meta.agents.len(), 1);
Diff in /Users/runner/work/Solomni/Solomni/src/tests.rs:1624:
-    assert_eq!(meta.agents[0].modules, vec!["a".to_string(), "b".to_string()]);
+    assert_eq!(
+        meta.agents[0].modules,
+        vec!["a".to_string(), "b".to_string()]
+    );
     let h = core.single_history(&sid).unwrap();
     assert_eq!(h[0].role, "system");
-    assert!(h[0].content.contains("你负责a") && h[0].content.contains("你负责b"), "system 必须并入全部模块职责");
+    assert!(
+        h[0].content.contains("你负责a") && h[0].content.contains("你负责b"),
+        "system 必须并入全部模块职责"
+    );
     let events = with_live(|l| core.single_say(&sid, "在吗", l)).unwrap();
     assert!(
         events.iter().any(|e| matches!(e, SessionEvent::Transcript(l) if l.iter().any(|x| x.line.starts_with("[组合] ")))),
Diff in /Users/runner/work/Solomni/Solomni/src/tests.rs:1660:
         modules: vec!["a".to_string()],
         task: None,
         ts: 1,
-        agents: vec![AgentMeta { name: "a".to_string(), transient: true, modules: vec!["a".to_string()], model: None }],
+        agents: vec![AgentMeta {
+            name: "a".to_string(),
+            transient: true,
+            modules: vec!["a".to_string()],
+            model: None,
+        }],
         exec: ExecSpec::default(),
     })
     .unwrap();
Diff in /Users/runner/work/Solomni/Solomni/src/tests.rs:1672:
 #[test]
 fn core_collab_demo_runs_full_five_stages() {
     let mut member = BTreeMap::new();
-    member.insert("a".to_string(), vec![
-        "{\"type\":\"say\",\"text\":\"我先说\"}".to_string(),
-        "{\"type\":\"agree\",\"text\":\"同意方案\"}".to_string(),
-    ]);
-    let mut core = core_with(vec![module_of("a")], gw(member, vec![
-        "{\"type\":\"say\",\"text\":\"方案：A 做 X\"}".to_string(),
-        "[{\"item\":\"做 X\",\"status\":\"pass\",\"evidence\":\"已做\"}]".to_string(),
-    ]));
-    let sid = core.create_work(collab_work("w", &["a"], false, "做个东西")).unwrap().sid;
-    assert!(matches!(core.collab_pending(&sid), Ok(Some(Pending::ConfirmBegin))));
-    let events = core.collab_continue(&sid, CollabStep::Begin, "yes").unwrap();
+    member.insert(
+        "a".to_string(),
+        vec![
+            "{\"type\":\"say\",\"text\":\"我先说\"}".to_string(),
+            "{\"type\":\"agree\",\"text\":\"同意方案\"}".to_string(),
+        ],
+    );
+    let mut core = core_with(
+        vec![module_of("a")],
+        gw(
+            member,
+            vec![
+                "{\"type\":\"say\",\"text\":\"方案：A 做 X\"}".to_string(),
+                "[{\"item\":\"做 X\",\"status\":\"pass\",\"evidence\":\"已做\"}]".to_string(),
+            ],
+        ),
+    );
+    let sid = core
+        .create_work(collab_work("w", &["a"], false, "做个东西"))
+        .unwrap()
+        .sid;
+    assert!(matches!(
+        core.collab_pending(&sid),
+        Ok(Some(Pending::ConfirmBegin))
+    ));
+    let events = core
+        .collab_continue(&sid, CollabStep::Begin, "yes")
+        .unwrap();
     assert!(events.iter().any(|e| matches!(e, SessionEvent::Plan(_))));
-    assert!(events.iter().any(|e| matches!(e, SessionEvent::Delivery { ok: true, .. })));
+    assert!(events
+        .iter()
+        .any(|e| matches!(e, SessionEvent::Delivery { ok: true, .. })));
     // 终结会话已被中心回收（再查询挂起状态应报无此会话）。
     assert!(core.collab_pending(&sid).is_err());
 }
Diff in /Users/runner/work/Solomni/Solomni/src/tests.rs:1692:
 #[test]
 fn core_collab_delegated_slate_flow() {
     let mut member = BTreeMap::new();
-    member.insert("a".to_string(), vec![
-        "{\"type\":\"say\",\"text\":\"我先说\"}".to_string(),
-        "{\"type\":\"agree\",\"text\":\"同意\"}".to_string(),
-    ]);
+    member.insert(
+        "a".to_string(),
+        vec![
+            "{\"type\":\"say\",\"text\":\"我先说\"}".to_string(),
+            "{\"type\":\"agree\",\"text\":\"同意\"}".to_string(),
+        ],
+    );
     let mut core = core_with(vec![module_of("a")], gw(member, vec![
         // 代拟（组装一个 agent）→ 整理 → 验收。
         "{\"picks\":[{\"name\":\"a\",\"modules\":[\"a\"],\"model\":\"m\",\"why\":\"对口\"}]}".to_string(),
Diff in /Users/runner/work/Solomni/Solomni/src/tests.rs:1702:
         "{\"type\":\"say\",\"text\":\"方案：A 做 X\"}".to_string(),
         "[{\"item\":\"做 X\",\"status\":\"pass\"}]".to_string(),
     ]));
-    let opened = core.create_work(collab_work("w", &[], true, "做个东西")).unwrap();
+    let opened = core
+        .create_work(collab_work("w", &[], true, "做个东西"))
+        .unwrap();
     let sid = opened.sid;
     let ev = opened.events;
-    assert!(matches!(core.collab_pending(&sid), Ok(Some(Pending::ConfirmSlate))));
-    assert!(ev.iter().any(|e| matches!(e, SessionEvent::Transcript(l) if l.iter().any(|x| x.line.contains("[代拟]")))));
-    let _ = core.collab_continue(&sid, CollabStep::ConfirmSlate, "yes").unwrap();
-    assert!(matches!(core.collab_pending(&sid), Ok(Some(Pending::ConfirmBegin))));
-    let events = core.collab_continue(&sid, CollabStep::Begin, "yes").unwrap();
-    assert!(events.iter().any(|e| matches!(e, SessionEvent::Delivery { ok: true, .. })));
+    assert!(matches!(
+        core.collab_pending(&sid),
+        Ok(Some(Pending::ConfirmSlate))
+    ));
+    assert!(ev.iter().any(
+        |e| matches!(e, SessionEvent::Transcript(l) if l.iter().any(|x| x.line.contains("[代拟]")))
+    ));
+    let _ = core
+        .collab_continue(&sid, CollabStep::ConfirmSlate, "yes")
+        .unwrap();
+    assert!(matches!(
+        core.collab_pending(&sid),
+        Ok(Some(Pending::ConfirmBegin))
+    ));
+    let events = core
+        .collab_continue(&sid, CollabStep::Begin, "yes")
+        .unwrap();
+    assert!(events
+        .iter()
+        .any(|e| matches!(e, SessionEvent::Delivery { ok: true, .. })));
 }
 
 #[test]
Diff in /Users/runner/work/Solomni/Solomni/src/tests.rs:1721:
         "{\"type\":\"say\",\"text\":\"方案\"}".to_string(),
         "[{\"item\":\"x\",\"status\":\"pass\"}]".to_string(),
     ]));
-    let ev = core.create_work(collab_work("w", &[], true, "任务")).unwrap().events;
+    let ev = core
+        .create_work(collab_work("w", &[], true, "任务"))
+        .unwrap()
+        .events;
     for want in ["ghost 不存在", "幽灵 不在登记处", "nope 不存在"] {
-        assert!(ev.iter().any(|e| matches!(e, SessionEvent::Notice(n) if n.contains(want))), "应如实拒收：{}", want);
+        assert!(
+            ev.iter()
+                .any(|e| matches!(e, SessionEvent::Notice(n) if n.contains(want))),
+            "应如实拒收：{}",
+            want
+        );
     }
     assert!(ev.iter().any(|e| matches!(e, SessionEvent::Transcript(l) if l.iter().any(|x| x.line.contains("乙〈a〉→ m")))));
 }
Diff in /Users/runner/work/Solomni/Solomni/src/tests.rs:1732:
 fn collab_delegated_roster_written_back_and_rebuilt_from_meta() {
     // 发言席是 agent：脚本按 agent 名 "调研员" 回放（不再按模块 id）。
     let mut member = BTreeMap::new();
-    member.insert("调研员".to_string(), vec![
-        "{\"type\":\"say\",\"text\":\"我先说\"}".to_string(),
-        "{\"type\":\"agree\",\"text\":\"同意\"}".to_string(),
-    ]);
+    member.insert(
+        "调研员".to_string(),
+        vec![
+            "{\"type\":\"say\",\"text\":\"我先说\"}".to_string(),
+            "{\"type\":\"agree\",\"text\":\"同意\"}".to_string(),
+        ],
+    );
     let mut core = core_with(vec![module_of("a")], gw(member, vec![
         "{\"picks\":[{\"name\":\"调研员\",\"modules\":[\"a\"],\"model\":\"m\",\"why\":\"对口\"}]}".to_string(),
         "{\"type\":\"say\",\"text\":\"方案：A 做 X\"}".to_string(),
Diff in /Users/runner/work/Solomni/Solomni/src/tests.rs:1742:
         "[{\"item\":\"做 X\",\"status\":\"pass\"}]".to_string(),
     ]));
-    let sid = core.create_work(collab_work("w", &[], true, "做个东西")).unwrap().sid;
+    let sid = core
+        .create_work(collab_work("w", &[], true, "做个东西"))
+        .unwrap()
+        .sid;
     assert!(
         core.history_open("w").unwrap().0.agents.is_empty(),
         "确认名单之前不落档（名单只活在内存里）"
Diff in /Users/runner/work/Solomni/Solomni/src/tests.rs:1753:
     assert!(slate[0].transient, "组装项如实标记为临时 agent");
     assert_eq!(slate[0].model.as_deref(), Some("m"));
 
-    core.collab_continue(&sid, CollabStep::ConfirmSlate, "yes").unwrap();
+    core.collab_continue(&sid, CollabStep::ConfirmSlate, "yes")
+        .unwrap();
     // 确认后名单写回 meta（重启/回档后的权威来源）。
     let meta = core.history_open("w").unwrap().0;
     assert_eq!(meta.agents.len(), 1);
Diff in /Users/runner/work/Solomni/Solomni/src/tests.rs:1764:
 
     // 回档（保留需求行）= 按 meta.agents 重建会话（协作走「按转录重建」这条路），再跑到交付。
     core.rewind(&sid, 1).unwrap();
-    assert!(matches!(core.collab_pending(&sid), Ok(Some(Pending::ConfirmBegin))), "重建后仍等确认开始");
-    let events = core.collab_continue(&sid, CollabStep::Begin, "yes").unwrap();
     assert!(
-        events.iter().any(|e| matches!(e, SessionEvent::Delivery { ok: true, .. })),
+        matches!(core.collab_pending(&sid), Ok(Some(Pending::ConfirmBegin))),
+        "重建后仍等确认开始"
+    );
+    let events = core
+        .collab_continue(&sid, CollabStep::Begin, "yes")
+        .unwrap();
+    assert!(
+        events
+            .iter()
+            .any(|e| matches!(e, SessionEvent::Delivery { ok: true, .. })),
         "重建出来的名单要能一路跑完：{:?}",
         events
     );
Diff in /Users/runner/work/Solomni/Solomni/src/tests.rs:1789:
 /// 守护 runner：任何调用即失败（守护不该用工具的路径）。
 pub(crate) struct SilentRunner;
 impl ToolRunner for SilentRunner {
-    fn run(&self, _fence: &crate::core::fence::FenceSpec, _command: &str, _args: &str) -> ToolOutcome {
+    fn run(
+        &self,
+        _fence: &crate::core::fence::FenceSpec,
+        _command: &str,
+        _args: &str,
+    ) -> ToolOutcome {
         panic!("不应调用工具");
     }
 }
Diff in /Users/runner/work/Solomni/Solomni/src/tests.rs:1802:
 }
 impl RecordingRunner {
     pub(crate) fn new(out: &str, ok: bool) -> RecordingRunner {
-        RecordingRunner { calls: Mutex::new(Vec::new()), out: out.to_string(), ok }
+        RecordingRunner {
+            calls: Mutex::new(Vec::new()),
+            out: out.to_string(),
+            ok,
+        }
     }
 }
 impl ToolRunner for RecordingRunner {
Diff in /Users/runner/work/Solomni/Solomni/src/tests.rs:1809:
-    fn run(&self, fence: &crate::core::fence::FenceSpec, command: &str, args_json: &str) -> ToolOutcome {
+    fn run(
+        &self,
+        fence: &crate::core::fence::FenceSpec,
+        command: &str,
+        args_json: &str,
+    ) -> ToolOutcome {
         // 记下工具进程的工作目录（= 该模块的根）与命令、参数。
-        self.calls
-            .lock()
-            .expect("锁")
-            .push((fence.cwd.clone(), command.to_string(), args_json.to_string()));
-        ToolOutcome { ok: self.ok, output: self.out.clone() }
+        self.calls.lock().expect("锁").push((
+            fence.cwd.clone(),
+            command.to_string(),
+            args_json.to_string(),
+        ));
+        ToolOutcome {
+            ok: self.ok,
+            output: self.out.clone(),
+        }
     }
 }
 
Diff in /Users/runner/work/Solomni/Solomni/src/tests.rs:1825:
 
 impl ParallelRunner {
     pub(crate) fn new(delay_ms: u64) -> ParallelRunner {
-        ParallelRunner { active: AtomicUsize::new(0), peak: AtomicUsize::new(0), delay_ms }
+        ParallelRunner {
+            active: AtomicUsize::new(0),
+            peak: AtomicUsize::new(0),
+            delay_ms,
+        }
     }
 
     /// 同时在跑的峰值（串行恒为 1）。
Diff in /Users/runner/work/Solomni/Solomni/src/tests.rs:1835:
 }
 
 impl ToolRunner for ParallelRunner {
-    fn run(&self, _fence: &crate::core::fence::FenceSpec, command: &str, args_json: &str) -> ToolOutcome {
+    fn run(
+        &self,
+        _fence: &crate::core::fence::FenceSpec,
+        command: &str,
+        args_json: &str,
+    ) -> ToolOutcome {
         let now = self.active.fetch_add(1, Ordering::SeqCst) + 1;
         self.peak.fetch_max(now, Ordering::SeqCst);
         if self.delay_ms > 0 {
Diff in /Users/runner/work/Solomni/Solomni/src/tests.rs:1842:
             std::thread::sleep(Duration::from_millis(self.delay_ms));
         }
         self.active.fetch_sub(1, Ordering::SeqCst);
-        ToolOutcome { ok: true, output: format!("{} 跑完了 {}", command, args_json) }
+        ToolOutcome {
+            ok: true,
+            output: format!("{} 跑完了 {}", command, args_json),
+        }
     }
 }
 
Diff in /Users/runner/work/Solomni/Solomni/src/tests.rs:1849:
 const TOOL_CALL: &str = "{\"type\":\"tool\",\"name\":\"grep\",\"args\":{\"keyword\":\"x\"}}";
 
 /// 带工具环境的成员：模块 m0 声明 grep → python tools/grep.py（cwd = 该模块目录）。
-fn member_with_tools(id: &str, script: Vec<String>, runner: Arc<impl ToolRunner + Send + Sync + 'static>) -> Member {
+fn member_with_tools(
+    id: &str,
+    script: Vec<String>,
+    runner: Arc<impl ToolRunner + Send + Sync + 'static>,
+) -> Member {
     let mut commands = BTreeMap::new();
     commands.insert("grep".to_string(), "python tools/grep.py".to_string());
     let mut modules = BTreeMap::new();
Diff in /Users/runner/work/Solomni/Solomni/src/tests.rs:1883:
 /// 两个模块可以声明**同名**工具（信封里的 module 消歧）；每次调用跑在各自模块的目录里。
 #[test]
 fn same_named_tools_in_two_modules_run_in_their_own_root() {
-    let runner = Arc::new(RecordingRunner { calls: Mutex::new(Vec::new()), out: "ok".into(), ok: true });
+    let runner = Arc::new(RecordingRunner {
+        calls: Mutex::new(Vec::new()),
+        out: "ok".into(),
+        ok: true,
+    });
     let mut member = BTreeMap::new();
-    member.insert("组合".to_string(), vec![
-        "{\"type\":\"tool\",\"module\":\"a\",\"name\":\"read_txt\",\"args\":{}}".to_string(),
-        "{\"type\":\"tool\",\"module\":\"b\",\"name\":\"read_txt\",\"args\":{}}".to_string(),
-        "{\"type\":\"say\",\"text\":\"两份都读完了\"}".to_string(),
-    ]);
+    member.insert(
+        "组合".to_string(),
+        vec![
+            "{\"type\":\"tool\",\"module\":\"a\",\"name\":\"read_txt\",\"args\":{}}".to_string(),
+            "{\"type\":\"tool\",\"module\":\"b\",\"name\":\"read_txt\",\"args\":{}}".to_string(),
+            "{\"type\":\"say\",\"text\":\"两份都读完了\"}".to_string(),
+        ],
+    );
     let mut a = module_of("a");
     a.root = abs(&["mods", "a"]);
-    a.manifest.tools.insert("read_txt".to_string(), decl("python tools/read_txt.py"));
+    a.manifest
+        .tools
+        .insert("read_txt".to_string(), decl("python tools/read_txt.py"));
     let mut b = module_of("b");
     b.root = abs(&["mods", "b"]);
-    b.manifest.tools.insert("read_txt".to_string(), decl("python tools/read_txt.py"));
-    let mut core = core_with_runner(vec![a, b], gw(member, vec!["[]".into()]), Arc::clone(&runner));
+    b.manifest
+        .tools
+        .insert("read_txt".to_string(), decl("python tools/read_txt.py"));
+    let mut core = core_with_runner(
+        vec![a, b],
+        gw(member, vec!["[]".into()]),
+        Arc::clone(&runner),
+    );
     // 跨模块同名不再算冲突：照样能建工作。
-    let sid = core.create_work(work("w", WorkMode::Single, &["a", "b"])).unwrap().sid;
+    let sid = core
+        .create_work(work("w", WorkMode::Single, &["a", "b"]))
+        .unwrap()
+        .sid;
     // 提示词里的工具清单按模块分组，模型照此写 module。
     let h = core.single_history(&sid).unwrap();
-    assert!(h[0].content.contains("- a：read_txt") && h[0].content.contains("- b：read_txt"), "清单要按模块分组：{}", h[0].content);
+    assert!(
+        h[0].content.contains("- a：read_txt") && h[0].content.contains("- b：read_txt"),
+        "清单要按模块分组：{}",
+        h[0].content
+    );
     let events = with_live(|l| core.single_say(&sid, "干活", l)).unwrap();
     // 信封写了 module → tool 行呈现成 模块.工具（用户一眼看出调的是谁的）。
     let tool_lines = tool_line_texts(&events);
Diff in /Users/runner/work/Solomni/Solomni/src/tests.rs:1908:
-    assert_eq!(tool_lines.len(), 2, "两次调用 = 两条 tool 行：{:?}", tool_lines);
+    assert_eq!(
+        tool_lines.len(),
+        2,
+        "两次调用 = 两条 tool 行：{:?}",
+        tool_lines
+    );
     assert!(tool_lines[0].contains("a.read_txt"), "{:?}", tool_lines);
     assert!(tool_lines[1].contains("b.read_txt"), "{:?}", tool_lines);
-    assert!(tool_lines.iter().all(|l| l.contains("成功")), "{:?}", tool_lines);
+    assert!(
+        tool_lines.iter().all(|l| l.contains("成功")),
+        "{:?}",
+        tool_lines
+    );
     let calls = runner.calls.lock().expect("锁").clone();
     assert_eq!(calls.len(), 2);
     assert_eq!(calls[0].1, "python tools/read_txt.py");
Diff in /Users/runner/work/Solomni/Solomni/src/tests.rs:1915:
-    assert_eq!(calls[0].0, abs(&["mods", "a"]), "module=a 的 read_txt 跑在 a 的目录");
+    assert_eq!(
+        calls[0].0,
+        abs(&["mods", "a"]),
+        "module=a 的 read_txt 跑在 a 的目录"
+    );
     assert_eq!(calls[1].1, "python tools/read_txt.py");
-    assert_eq!(calls[1].0, abs(&["mods", "b"]), "module=b 的同名工具跑在 b 的目录（不共用 a 的 cwd）");
+    assert_eq!(
+        calls[1].0,
+        abs(&["mods", "b"]),
+        "module=b 的同名工具跑在 b 的目录（不共用 a 的 cwd）"
+    );
 }
 
 /// 多模块 agent 下省略 module：核心不猜，如实报错并把可用的「模块.工具」列全。
Diff in /Users/runner/work/Solomni/Solomni/src/tests.rs:1921:
 #[test]
 fn external_tool_without_module_is_refused_when_agent_has_many_modules() {
-    let runner = Arc::new(RecordingRunner { calls: Mutex::new(Vec::new()), out: "ok".into(), ok: true });
+    let runner = Arc::new(RecordingRunner {
+        calls: Mutex::new(Vec::new()),
+        out: "ok".into(),
+        ok: true,
+    });
     let mut member = BTreeMap::new();
-    member.insert("组合".to_string(), vec![
-        "{\"type\":\"tool\",\"name\":\"read_txt\",\"args\":{}}".to_string(),
-        "{\"type\":\"say\",\"text\":\"知道了\"}".to_string(),
-    ]);
+    member.insert(
+        "组合".to_string(),
+        vec![
+            "{\"type\":\"tool\",\"name\":\"read_txt\",\"args\":{}}".to_string(),
+            "{\"type\":\"say\",\"text\":\"知道了\"}".to_string(),
+        ],
+    );
     let mut a = module_of("a");
-    a.manifest.tools.insert("read_txt".to_string(), decl("python tools/read_txt.py"));
+    a.manifest
+        .tools
+        .insert("read_txt".to_string(), decl("python tools/read_txt.py"));
     let mut b = module_of("b");
-    b.manifest.tools.insert("read_txt".to_string(), decl("python tools/read_txt.py"));
-    let mut core = core_with_runner(vec![a, b], gw(member, vec!["[]".into()]), Arc::clone(&runner));
-    let sid = core.create_work(work("w", WorkMode::Single, &["a", "b"])).unwrap().sid;
+    b.manifest
+        .tools
+        .insert("read_txt".to_string(), decl("python tools/read_txt.py"));
+    let mut core = core_with_runner(
+        vec![a, b],
+        gw(member, vec!["[]".into()]),
+        Arc::clone(&runner),
+    );
+    let sid = core
+        .create_work(work("w", WorkMode::Single, &["a", "b"]))
+        .unwrap()
+        .sid;
     let events = with_live(|l| core.single_say(&sid, "干活", l)).unwrap();
-    assert!(runner.calls.lock().expect("锁").is_empty(), "不猜模块，绝不落进程");
+    assert!(
+        runner.calls.lock().expect("锁").is_empty(),
+        "不猜模块，绝不落进程"
+    );
     let h = core.single_history(&sid).unwrap();
     let feedback = h
         .iter()
Diff in /Users/runner/work/Solomni/Solomni/src/tests.rs:1943:
     assert!(feedback.contains("没有指明所属模块"), "{}", feedback);
     // 失败也要落一条 tool 行（用户看得到这次调用没成）。
     let lines = tool_line_texts(&events);
-    assert!(lines.iter().any(|l| l.contains("read_txt") && l.contains("失败")), "失败的调用同样要发 tool 行：{:?}", lines);
-    assert!(feedback.contains("a.read_txt") && feedback.contains("b.read_txt"), "要把可用的 模块.工具 列全：{}", feedback);
-    assert!(feedback.contains("read") && feedback.contains("write"), "内置工具也要列出：{}", feedback);
+    assert!(
+        lines
+            .iter()
+            .any(|l| l.contains("read_txt") && l.contains("失败")),
+        "失败的调用同样要发 tool 行：{:?}",
+        lines
+    );
+    assert!(
+        feedback.contains("a.read_txt") && feedback.contains("b.read_txt"),
+        "要把可用的 模块.工具 列全：{}",
+        feedback
+    );
+    assert!(
+        feedback.contains("read") && feedback.contains("write"),
+        "内置工具也要列出：{}",
+        feedback
+    );
 }
 
 #[test]
Diff in /Users/runner/work/Solomni/Solomni/src/tests.rs:1952:
 fn tool_call_event_is_emitted_before_the_next_round() {
     // 短暂事件：工具跑完立刻发 tool_call（不落盘），供活动会话实时刷新。
     let mut member = BTreeMap::new();
-    member.insert("a".to_string(), vec![TOOL_CALL.into(), "{\"type\":\"say\",\"text\":\"完成\"}".into()]);
+    member.insert(
+        "a".to_string(),
+        vec![
+            TOOL_CALL.into(),
+            "{\"type\":\"say\",\"text\":\"完成\"}".into(),
+        ],
+    );
     let mut mod_a = module_of("a");
-    mod_a.manifest.tools.insert("grep".to_string(), decl("python tools/grep.py"));
-    let runner = Arc::new(RecordingRunner { calls: Mutex::new(Vec::new()), out: "ok".into(), ok: true });
+    mod_a
+        .manifest
+        .tools
+        .insert("grep".to_string(), decl("python tools/grep.py"));
+    let runner = Arc::new(RecordingRunner {
+        calls: Mutex::new(Vec::new()),
+        out: "ok".into(),
+        ok: true,
+    });
     let mut core = core_with_runner(vec![mod_a], gw(member, vec!["[]".into()]), runner);
-    let sid = core.create_work(work("w", WorkMode::Single, &["a"])).unwrap().sid;
+    let sid = core
+        .create_work(work("w", WorkMode::Single, &["a"]))
+        .unwrap()
+        .sid;
     let mut seen: Vec<&str> = Vec::new();
     {
         let mut emit = |e: SessionEvent| {
Diff in /Users/runner/work/Solomni/Solomni/src/tests.rs:1969:
                 _ => "other",
             });
         };
-        let mut live = Live { stream: false, cancel: Arc::new(std::sync::atomic::AtomicBool::new(false)), emit: &mut emit };
+        let mut live = Live {
+            stream: false,
+            cancel: Arc::new(std::sync::atomic::AtomicBool::new(false)),
+            emit: &mut emit,
+        };
         core.single_say(&sid, "跑一下", &mut live).unwrap();
     }
-    assert!(seen.contains(&"tool_call"), "工具调用要发短暂 tool_call 事件：{:?}", seen);
+    assert!(
+        seen.contains(&"tool_call"),
+        "工具调用要发短暂 tool_call 事件：{:?}",
+        seen
+    );
 }
 
 #[test]
Diff in /Users/runner/work/Solomni/Solomni/src/tests.rs:1981:
     // 文案来自提示词册：期望值也用册子渲染出来，代码里不复制那两句中文。
     let t = test_prompts().core.refs;
     let foreign = |path: &str, agent: &str| {
-        crate::core::prompt::render(&t.foreign_sandbox, &[("agent", agent.to_string()), ("path", path.to_string())])
-            .expect("册子变量齐全")
+        crate::core::prompt::render(
+            &t.foreign_sandbox,
+            &[("agent", agent.to_string()), ("path", path.to_string())],
+        )
+        .expect("册子变量齐全")
     };
     let collab = |path: &str, agent: &str| {
-        crate::core::prompt::render(&t.collab_sandbox, &[("path", path.to_string()), ("agent", agent.to_string())])
-            .expect("册子变量齐全")
+        crate::core::prompt::render(
+            &t.collab_sandbox,
+            &[("path", path.to_string()), ("agent", agent.to_string())],
+        )
+        .expect("册子变量齐全")
     };
     assert!(
         t.foreign_sandbox.contains("{{agent}}") && t.foreign_sandbox.contains("{{path}}"),
Diff in /Users/runner/work/Solomni/Solomni/src/tests.rs:1993:
         "无权文案要同时报出文件与 agent"
     );
     // 真实根：共享区 + 本 agent（甲）的私有沙箱
-    let roots = RefRoots { work: abs(&["w", "work"]), private: Some(abs(&["w", "甲"])) };
-    let collab_roots = RefRoots { work: abs(&["w", "work"]), private: None };
+    let roots = RefRoots {
+        work: abs(&["w", "work"]),
+        private: Some(abs(&["w", "甲"])),
+    };
+    let collab_roots = RefRoots {
+        work: abs(&["w", "work"]),
+        private: None,
+    };
     // @work：与 speaker 无关，一律给出共享区真实路径
-    assert_eq!(rewrite("@work:a.txt", Some("甲"), &roots, &t), s(&["w", "work", "a.txt"]));
-    assert_eq!(rewrite("@work:sub/a.txt", None, &roots, &t), s(&["w", "work", "sub", "a.txt"]));
+    assert_eq!(
+        rewrite("@work:a.txt", Some("甲"), &roots, &t),
+        s(&["w", "work", "a.txt"])
+    );
+    assert_eq!(
+        rewrite("@work:sub/a.txt", None, &roots, &t),
+        s(&["w", "work", "sub", "a.txt"])
+    );
     // @sandbox：命中自己的沙箱 → 私有沙箱真实路径
-    assert_eq!(rewrite("@sandbox:甲/note.txt", Some("甲"), &roots, &t), s(&["w", "甲", "note.txt"]));
+    assert_eq!(
+        rewrite("@sandbox:甲/note.txt", Some("甲"), &roots, &t),
+        s(&["w", "甲", "note.txt"])
+    );
     // @sandbox：别人的沙箱 → 册子文案（带文件名与 agent 名，不泄漏真实路径）
-    assert_eq!(rewrite("@sandbox:乙/note", Some("甲"), &roots, &t), foreign("note", "乙"));
+    assert_eq!(
+        rewrite("@sandbox:乙/note", Some("甲"), &roots, &t),
+        foreign("note", "乙")
+    );
     // @sandbox：协作（没有"自己的沙箱"）→ 册子里的协作文案
-    assert_eq!(rewrite("@sandbox:乙/note", None, &collab_roots, &t), collab("note", "乙"));
+    assert_eq!(
+        rewrite("@sandbox:乙/note", None, &collab_roots, &t),
+        collab("note", "乙")
+    );
     // 终止标点留在原文里（只替换前缀+路径），所以句中标点/收尾标点都原样保留
-    assert_eq!(rewrite("@work:a.txt，", Some("甲"), &roots, &t), format!("{}，", s(&["w", "work", "a.txt"])));
-    assert_eq!(rewrite("看 @sandbox:甲/b.txt。", Some("甲"), &roots, &t), format!("看 {}。", s(&["w", "甲", "b.txt"])));
-    assert_eq!(rewrite("@work:a.txt 请读它", Some("甲"), &roots, &t), format!("{} 请读它", s(&["w", "work", "a.txt"])));
-    assert_eq!(rewrite("@work:a.txt，请读它", Some("甲"), &roots, &t), format!("{}，请读它", s(&["w", "work", "a.txt"])));
+    assert_eq!(
+        rewrite("@work:a.txt，", Some("甲"), &roots, &t),
+        format!("{}，", s(&["w", "work", "a.txt"]))
+    );
+    assert_eq!(
+        rewrite("看 @sandbox:甲/b.txt。", Some("甲"), &roots, &t),
+        format!("看 {}。", s(&["w", "甲", "b.txt"]))
+    );
+    assert_eq!(
+        rewrite("@work:a.txt 请读它", Some("甲"), &roots, &t),
+        format!("{} 请读它", s(&["w", "work", "a.txt"]))
+    );
+    assert_eq!(
+        rewrite("@work:a.txt，请读它", Some("甲"), &roots, &t),
+        format!("{}，请读它", s(&["w", "work", "a.txt"]))
+    );
     // 句点不是终止符：note.txt 是完整路径
-    assert_eq!(rewrite("@work:note.txt", Some("甲"), &roots, &t), s(&["w", "work", "note.txt"]));
     assert_eq!(
+        rewrite("@work:note.txt", Some("甲"), &roots, &t),
+        s(&["w", "work", "note.txt"])
+    );
+    assert_eq!(
         rewrite("@sandbox:乙/note.txt", Some("甲"), &roots, &t),
         foreign("note.txt", "乙"),
         "扩展名要算进路径，不能截成 note"
Diff in /Users/runner/work/Solomni/Solomni/src/tests.rs:2018:
     );
-    assert_eq!(rewrite("@sandbox:乙/\"note.txt\"", Some("甲"), &roots, &t), foreign("note.txt", "乙"));
+    assert_eq!(
+        rewrite("@sandbox:乙/\"note.txt\"", Some("甲"), &roots, &t),
+        foreign("note.txt", "乙")
+    );
     // 已知取舍：句尾英文句点算进路径（要精确表达就用引号形式）
-    assert_eq!(rewrite("@work:a.txt.", Some("甲"), &roots, &t), s(&["w", "work", "a.txt."]));
-    assert_eq!(rewrite("@work:\"a.txt.\"", Some("甲"), &roots, &t), s(&["w", "work", "a.txt."]));
+    assert_eq!(
+        rewrite("@work:a.txt.", Some("甲"), &roots, &t),
+        s(&["w", "work", "a.txt."])
+    );
+    assert_eq!(
+        rewrite("@work:\"a.txt.\"", Some("甲"), &roots, &t),
+        s(&["w", "work", "a.txt."])
+    );
     // 引号形式：空白与标点都算路径的一部分
-    assert_eq!(rewrite("@work:\"项目 说明.md\"", Some("甲"), &roots, &t), s(&["w", "work", "项目 说明.md"]));
-    assert_eq!(rewrite("@work:\"a,b(1).md\"", Some("甲"), &roots, &t), s(&["w", "work", "a,b(1).md"]));
-    assert_eq!(rewrite("@sandbox:甲/\"a b.md\"", Some("甲"), &roots, &t), s(&["w", "甲", "a b.md"]));
-    assert_eq!(rewrite("@work:\"a b.md\" 看一下", Some("甲"), &roots, &t), format!("{} 看一下", s(&["w", "work", "a b.md"])));
+    assert_eq!(
+        rewrite("@work:\"项目 说明.md\"", Some("甲"), &roots, &t),
+        s(&["w", "work", "项目 说明.md"])
+    );
+    assert_eq!(
+        rewrite("@work:\"a,b(1).md\"", Some("甲"), &roots, &t),
+        s(&["w", "work", "a,b(1).md"])
+    );
+    assert_eq!(
+        rewrite("@sandbox:甲/\"a b.md\"", Some("甲"), &roots, &t),
+        s(&["w", "甲", "a b.md"])
+    );
+    assert_eq!(
+        rewrite("@work:\"a b.md\" 看一下", Some("甲"), &roots, &t),
+        format!("{} 看一下", s(&["w", "work", "a b.md"]))
+    );
     // agent 名也支持引号（名字含空白）：引号后必须紧跟 /
-    assert_eq!(rewrite("@sandbox:\"调研 助手\"/\"a b.md\"", Some("调研 助手"), &roots, &t), s(&["w", "甲", "a b.md"]));
-    assert_eq!(rewrite("@sandbox:\"调研 助手\"/a", Some("甲"), &roots, &t), foreign("a", "调研 助手"));
+    assert_eq!(
+        rewrite(
+            "@sandbox:\"调研 助手\"/\"a b.md\"",
+            Some("调研 助手"),
+            &roots,
+            &t
+        ),
+        s(&["w", "甲", "a b.md"])
+    );
+    assert_eq!(
+        rewrite("@sandbox:\"调研 助手\"/a", Some("甲"), &roots, &t),
+        foreign("a", "调研 助手")
+    );
     // 根还没就绪（代拟确认前）：原样保留引用，不编路径
-    assert_eq!(rewrite("@work:a.txt", None, &RefRoots::default(), &t), "@work:a.txt");
+    assert_eq!(
+        rewrite("@work:a.txt", None, &RefRoots::default(), &t),
+        "@work:a.txt"
+    );
     // 不完整前缀 / 结构不满足 / 引号未闭合：原样输出（不猜）
     assert_eq!(rewrite("@work:", Some("甲"), &roots, &t), "@work:");
     assert_eq!(rewrite("@work: ", Some("甲"), &roots, &t), "@work: ");
Diff in /Users/runner/work/Solomni/Solomni/src/tests.rs:2036:
-    assert_eq!(rewrite("@sandbox:甲", Some("甲"), &roots, &t), "@sandbox:甲", "缺相对路径");
-    assert_eq!(rewrite("@sandbox:/a.txt", Some("甲"), &roots, &t), "@sandbox:/a.txt", "缺 agent 名");
-    assert_eq!(rewrite("@sandbox:甲/", Some("甲"), &roots, &t), "@sandbox:甲/", "相对路径为空");
-    assert_eq!(rewrite("@work:\"a b.md", Some("甲"), &roots, &t), "@work:\"a b.md", "路径引号未闭合");
-    assert_eq!(rewrite("@work:\"\"", Some("甲"), &roots, &t), "@work:\"\"", "空引号路径");
-    assert_eq!(rewrite("@sandbox:\"调研 助手/a.md", Some("甲"), &roots, &t), "@sandbox:\"调研 助手/a.md", "agent 名引号未闭合");
-    assert_eq!(rewrite("@sandbox:\"调研\"x/a.md", Some("甲"), &roots, &t), "@sandbox:\"调研\"x/a.md", "agent 名引号后缺 /");
+    assert_eq!(
+        rewrite("@sandbox:甲", Some("甲"), &roots, &t),
+        "@sandbox:甲",
+        "缺相对路径"
+    );
+    assert_eq!(
+        rewrite("@sandbox:/a.txt", Some("甲"), &roots, &t),
+        "@sandbox:/a.txt",
+        "缺 agent 名"
+    );
+    assert_eq!(
+        rewrite("@sandbox:甲/", Some("甲"), &roots, &t),
+        "@sandbox:甲/",
+        "相对路径为空"
+    );
+    assert_eq!(
+        rewrite("@work:\"a b.md", Some("甲"), &roots, &t),
+        "@work:\"a b.md",
+        "路径引号未闭合"
+    );
+    assert_eq!(
+        rewrite("@work:\"\"", Some("甲"), &roots, &t),
+        "@work:\"\"",
+        "空引号路径"
+    );
+    assert_eq!(
+        rewrite("@sandbox:\"调研 助手/a.md", Some("甲"), &roots, &t),
+        "@sandbox:\"调研 助手/a.md",
+        "agent 名引号未闭合"
+    );
+    assert_eq!(
+        rewrite("@sandbox:\"调研\"x/a.md", Some("甲"), &roots, &t),
+        "@sandbox:\"调研\"x/a.md",
+        "agent 名引号后缺 /"
+    );
     // 普通文本 / 误伤：不含两种前缀一律原样
     assert_eq!(rewrite("", Some("甲"), &roots, &t), "");
     assert_eq!(rewrite("没有引用", Some("甲"), &roots, &t), "没有引用");
Diff in /Users/runner/work/Solomni/Solomni/src/tests.rs:2046:
-    assert_eq!(rewrite("email@xxx.com 是我的", Some("甲"), &roots, &t), "email@xxx.com 是我的");
-    assert_eq!(rewrite("@workx:a.txt", Some("甲"), &roots, &t), "@workx:a.txt");
+    assert_eq!(
+        rewrite("email@xxx.com 是我的", Some("甲"), &roots, &t),
+        "email@xxx.com 是我的"
+    );
+    assert_eq!(
+        rewrite("@workx:a.txt", Some("甲"), &roots, &t),
+        "@workx:a.txt"
+    );
     // 一句里多个引用；引号形式与无引号旧形式并存
     assert_eq!(
         rewrite("@work:a.txt 和 @sandbox:甲/b.txt", Some("甲"), &roots, &t),
Diff in /Users/runner/work/Solomni/Solomni/src/tests.rs:2051:
-        format!("{} 和 {}", s(&["w", "work", "a.txt"]), s(&["w", "甲", "b.txt"]))
+        format!(
+            "{} 和 {}",
+            s(&["w", "work", "a.txt"]),
+            s(&["w", "甲", "b.txt"])
+        )
     );
     assert_eq!(
         rewrite("@work:a.txt 与 @work:\"a b.md\"", Some("甲"), &roots, &t),
Diff in /Users/runner/work/Solomni/Solomni/src/tests.rs:2055:
-        format!("{} 与 {}", s(&["w", "work", "a.txt"]), s(&["w", "work", "a b.md"]))
+        format!(
+            "{} 与 {}",
+            s(&["w", "work", "a.txt"]),
+            s(&["w", "work", "a b.md"])
+        )
     );
 }
 
Diff in /Users/runner/work/Solomni/Solomni/src/tests.rs:2059:
 #[test]
 fn user_at_reference_is_rewritten_in_transcript_and_history() {
     let mut member = BTreeMap::new();
-    member.insert("a".to_string(), vec!["{\"type\":\"say\",\"text\":\"好的\"}".to_string()]);
+    member.insert(
+        "a".to_string(),
+        vec!["{\"type\":\"say\",\"text\":\"好的\"}".to_string()],
+    );
     let mut core = core_with(vec![module_of("a")], gw(member, vec!["[]".into()]));
-    let sid = core.create_work(work("w", WorkMode::Single, &["a"])).unwrap().sid;
+    let sid = core
+        .create_work(work("w", WorkMode::Single, &["a"]))
+        .unwrap()
+        .sid;
     let events = with_live(|l| core.single_say(&sid, "@work:a.txt 看一下", l)).unwrap();
     // 转录的用户行已是确切寻址（不再是 @ 引用）
     let rows = transcript_rows(&events);
Diff in /Users/runner/work/Solomni/Solomni/src/tests.rs:2070:
     // 进上下文的是同一份文本（转录即内容）
     let h = core.single_history(&sid).unwrap();
     let want_msg = format!("{} 看一下", s(&["w", "work", "a.txt"]));
-    assert!(h.iter().any(|m| m.role == "user" && m.content == want_msg), "{:?}", h);
-    assert!(!h.iter().any(|m| m.content.contains("@work:")), "历史里不得残留 @ 引用：{:?}", h);
+    assert!(
+        h.iter().any(|m| m.role == "user" && m.content == want_msg),
+        "{:?}",
+        h
+    );
+    assert!(
+        !h.iter().any(|m| m.content.contains("@work:")),
+        "历史里不得残留 @ 引用：{:?}",
+        h
+    );
 }
 
 #[test]
Diff in /Users/runner/work/Solomni/Solomni/src/tests.rs:2081:
     ws.seed("w", "work", "sub/b.txt");
     ws.seed("w", "甲", "note.txt");
     ws.seed("w", "乙", "x.txt");
-    let f = ws.list("w", &["甲".to_string(), "乙".to_string(), "丙".to_string()]).unwrap();
-    assert_eq!(f.work, vec!["sub/b.txt".to_string(), "投喂.txt".to_string()], "work 清单排序稳定");
+    let f = ws
+        .list("w", &["甲".to_string(), "乙".to_string(), "丙".to_string()])
+        .unwrap();
+    assert_eq!(
+        f.work,
+        vec!["sub/b.txt".to_string(), "投喂.txt".to_string()],
+        "work 清单排序稳定"
+    );
     assert_eq!(f.agents["甲"], vec!["note.txt".to_string()]);
     assert_eq!(f.agents["乙"], vec!["x.txt".to_string()]);
-    assert!(f.agents["丙"].is_empty(), "没有文件的 agent 也要在清单里（空表）");
+    assert!(
+        f.agents["丙"].is_empty(),
+        "没有文件的 agent 也要在清单里（空表）"
+    );
 }
 
 #[test]
Diff in /Users/runner/work/Solomni/Solomni/src/tests.rs:2092:
 fn core_files_view_carries_lists_and_real_roots() {
     let ws = Arc::new(InMemoryWorkspace::new());
-    let mut core = core_with_workspace(vec![module_of("a")], gw(BTreeMap::new(), vec!["[]".into()]), Arc::clone(&ws));
-    let sid = core.create_work(work("w", WorkMode::Single, &["a"])).unwrap().sid;
+    let mut core = core_with_workspace(
+        vec![module_of("a")],
+        gw(BTreeMap::new(), vec!["[]".into()]),
+        Arc::clone(&ws),
+    );
+    let sid = core
+        .create_work(work("w", WorkMode::Single, &["a"]))
+        .unwrap()
+        .sid;
     ws.seed("w", "work", "投喂.txt");
     ws.seed("w", "a", "note.txt");
     ws.seed("w", "b", "别人的.txt"); // 不属于本工作的 agent → 不该出现
Diff in /Users/runner/work/Solomni/Solomni/src/tests.rs:2102:
     assert_eq!(f.agents[0].name, "a");
     assert_eq!(f.agents[0].files, vec!["note.txt".to_string()]);
     // roots：真实绝对路径、/ 书写形式、与 agents 同序同名
-    assert_eq!(f.roots.work, s(&["w", "work"]), "共享区根 = Sandboxes.shared");
+    assert_eq!(
+        f.roots.work,
+        s(&["w", "work"]),
+        "共享区根 = Sandboxes.shared"
+    );
     assert_eq!(f.roots.agents.len(), f.agents.len());
     assert_eq!(
-        f.roots.agents.iter().map(|r| r.name.as_str()).collect::<Vec<_>>(),
+        f.roots
+            .agents
+            .iter()
+            .map(|r| r.name.as_str())
+            .collect::<Vec<_>>(),
         f.agents.iter().map(|a| a.name.as_str()).collect::<Vec<_>>(),
         "roots.agents 与 agents 必须同序同名"
     );
Diff in /Users/runner/work/Solomni/Solomni/src/tests.rs:2112:
-    assert_eq!(f.roots.agents[0].root, s(&["w", "a"]), "agent 根 = 它的私有沙箱");
+    assert_eq!(
+        f.roots.agents[0].root,
+        s(&["w", "a"]),
+        "agent 根 = 它的私有沙箱"
+    );
     for root in std::iter::once(&f.roots.work).chain(f.roots.agents.iter().map(|r| &r.root)) {
-        assert!(std::path::Path::new(root).is_absolute(), "根必须是绝对路径：{}", root);
+        assert!(
+            std::path::Path::new(root).is_absolute(),
+            "根必须是绝对路径：{}",
+            root
+        );
         assert!(!root.contains('\\'), "根一律 / 分隔：{}", root);
         assert!(!root.starts_with("\\\\?\\"), "不得带扩展长度前缀：{}", root);
     }
Diff in /Users/runner/work/Solomni/Solomni/src/tests.rs:2118:
-    assert!(core.files_view("不存在的工作").is_err(), "无此会话要如实报错");
+    assert!(
+        core.files_view("不存在的工作").is_err(),
+        "无此会话要如实报错"
+    );
 }
 
 /// 真实的坏信封：结尾多了一个 ]（括号不配对）。路径用真实绝对路径（模型写对了路径、写坏了信封）。
Diff in /Users/runner/work/Solomni/Solomni/src/tests.rs:2122:
 /// 坏的形状照真案例：args 先闭合、多一个 ]、外层才闭合（整段不是合法 JSON）。
 fn broken_tool(path: &str) -> String {
-    format!("{{\"type\":\"tool\",\"name\":\"write\",\"args\":{{\"path\":\"{}\",\"content\":\"hi\"}}]}}", path)
+    format!(
+        "{{\"type\":\"tool\",\"name\":\"write\",\"args\":{{\"path\":\"{}\",\"content\":\"hi\"}}]}}",
+        path
+    )
 }
 
 #[test]
Diff in /Users/runner/work/Solomni/Solomni/src/tests.rs:2133:
     let hist = Arc::new(InMemoryHistory::new());
     let io = Arc::new(InMemorySysIo::new());
     let mut member = BTreeMap::new();
-    member.insert("a".to_string(), vec![broken.clone(), "{\"type\":\"say\",\"text\":\"改好了\"}".to_string()]);
+    member.insert(
+        "a".to_string(),
+        vec![
+            broken.clone(),
+            "{\"type\":\"say\",\"text\":\"改好了\"}".to_string(),
+        ],
+    );
     let mut core = core_with_all(
         vec![module_of("a")],
         gw(member, vec!["[]".into()]),
Diff in /Users/runner/work/Solomni/Solomni/src/tests.rs:2142:
         Arc::clone(&hist),
         Arc::clone(&io),
     );
-    let sid = core.create_work(work("w", WorkMode::Single, &["a"])).unwrap().sid;
+    let sid = core
+        .create_work(work("w", WorkMode::Single, &["a"]))
+        .unwrap()
+        .sid;
     let events = with_live(|l| core.single_say(&sid, "写个 README", l)).unwrap();
     let rows = transcript_rows(&events);
-    assert_eq!(rows.iter().filter(|r| r.2).count(), 1, "应有一条 tool 行：{:?}", rows);
-    assert!(!rows.iter().any(|r| r.1.contains("\"type\"")), "JSON 绝不能当文本渲染：{:?}", rows);
+    assert_eq!(
+        rows.iter().filter(|r| r.2).count(),
+        1,
+        "应有一条 tool 行：{:?}",
+        rows
+    );
+    assert!(
+        !rows.iter().any(|r| r.1.contains("\"type\"")),
+        "JSON 绝不能当文本渲染：{:?}",
+        rows
+    );
     let views = tool_views(&events);
     assert_eq!(views.len(), 1);
     assert!(!views[0].ok, "非法的调用必须记为失败");
Diff in /Users/runner/work/Solomni/Solomni/src/tests.rs:2153:
     assert_eq!(views[0].name, "write", "名字要尽力打捞出来（只用于显示）");
     assert_eq!(views[0].module, "", "没写 module → 空串");
-    assert!(views[0].output.contains("不是合法 JSON"), "回注册子文案：{}", views[0].output);
+    assert!(
+        views[0].output.contains("不是合法 JSON"),
+        "回注册子文案：{}",
+        views[0].output
+    );
     assert_eq!(views[0].raw, broken, "原文留档（重建上下文用）");
-    assert_eq!(io.get(&["w", "work", "README.md"]), None, "非法信封绝不执行工具");
+    assert_eq!(
+        io.get(&["w", "work", "README.md"]),
+        None,
+        "非法信封绝不执行工具"
+    );
     // 历史：assistant(原文) + [工具结果]（含册子文案）→ 模型下一轮能自己改
     let h = core.single_history(&sid).unwrap();
-    assert!(h.iter().any(|m| m.role == "assistant" && m.content == broken));
+    assert!(h
+        .iter()
+        .any(|m| m.role == "assistant" && m.content == broken));
     assert!(
-        h.iter().any(|m| m.role == "user" && m.content.contains("[工具结果] write") && m.content.contains("不是合法 JSON")),
+        h.iter().any(|m| m.role == "user"
+            && m.content.contains("[工具结果] write")
+            && m.content.contains("不是合法 JSON")),
         "{:?}",
         h
     );
Diff in /Users/runner/work/Solomni/Solomni/src/tests.rs:2175:
     );
     core2.rewind(&sid, 4).unwrap();
     let rebuilt = core2.single_history(&sid).expect("重建后应在内存里");
-    let key = |h: &[Msg]| h.iter().map(|m| (m.role.clone(), m.content.clone())).collect::<Vec<_>>();
+    let key = |h: &[Msg]| {
+        h.iter()
+            .map(|m| (m.role.clone(), m.content.clone()))
+            .collect::<Vec<_>>()
+    };
     assert_eq!(key(&rebuilt), key(&h), "重建上下文必须与实时历史逐条一致");
 }
 
Diff in /Users/runner/work/Solomni/Solomni/src/tests.rs:2184:
     // 断在半截、括号不平衡：打捞不到名字也不能 panic，仍是一条 ok=false 的 tool 行。
     let half = "{\"type\":\"tool\",\"args\":{";
     let mut member = BTreeMap::new();
-    member.insert("a".to_string(), vec![half.to_string(), "{\"type\":\"say\",\"text\":\"知道了\"}".to_string()]);
+    member.insert(
+        "a".to_string(),
+        vec![
+            half.to_string(),
+            "{\"type\":\"say\",\"text\":\"知道了\"}".to_string(),
+        ],
+    );
     let mut core = core_with(vec![module_of("a")], gw(member, vec!["[]".into()]));
-    let sid = core.create_work(work("w", WorkMode::Single, &["a"])).unwrap().sid;
+    let sid = core
+        .create_work(work("w", WorkMode::Single, &["a"]))
+        .unwrap()
+        .sid;
     let events = with_live(|l| core.single_say(&sid, "跑一下", l)).unwrap();
     let views = tool_views(&events);
     assert_eq!(views.len(), 1, "仍要记一条：{:?}", transcript_rows(&events));
Diff in /Users/runner/work/Solomni/Solomni/src/tests.rs:2193:
-    assert!(!views[0].ok && views[0].name.is_empty(), "打捞不到名字就留空：{:?}", views[0]);
-    assert!(!transcript_rows(&events).iter().any(|r| r.1.contains("\"type\"")), "JSON 不进文本");
+    assert!(
+        !views[0].ok && views[0].name.is_empty(),
+        "打捞不到名字就留空：{:?}",
+        views[0]
+    );
+    assert!(
+        !transcript_rows(&events)
+            .iter()
+            .any(|r| r.1.contains("\"type\"")),
+        "JSON 不进文本"
+    );
 }
 
 #[test]
Diff in /Users/runner/work/Solomni/Solomni/src/tests.rs:2202:
     let mut member = BTreeMap::new();
     member.insert("a".to_string(), script);
     let mut core = core_with(vec![module_of("a")], gw(member, vec!["[]".into()]));
-    let sid = core.create_work(work("w", WorkMode::Single, &["a"])).unwrap().sid;
+    let sid = core
+        .create_work(work("w", WorkMode::Single, &["a"]))
+        .unwrap()
+        .sid;
     let events = with_live(|l| core.single_say(&sid, "一直错", l)).unwrap();
     let rows = transcript_rows(&events);
-    assert_eq!(rows.iter().filter(|r| r.2).count(), MAX_TOOL_CALLS, "上限内每次非法信封各记一条：{:?}", rows);
-    assert!(!rows.iter().any(|r| r.1.contains("\"type\"")), "JSON 不进文本：{:?}", rows);
+    assert_eq!(
+        rows.iter().filter(|r| r.2).count(),
+        MAX_TOOL_CALLS,
+        "上限内每次非法信封各记一条：{:?}",
+        rows
+    );
+    assert!(
+        !rows.iter().any(|r| r.1.contains("\"type\"")),
+        "JSON 不进文本：{:?}",
+        rows
+    );
 }
 
 #[test]
Diff in /Users/runner/work/Solomni/Solomni/src/tests.rs:2213:
 fn tool_type_mention_in_plain_speech_is_not_misjudged() {
     // ① 合法 say 信封的正文里引用 {"type":"tool"}：正常发言，不是工具调用。
-    let say = serde_json::json!({"type": "say", "text": "调用格式是 {\"type\":\"tool\"} 这样"}).to_string();
+    let say = serde_json::json!({"type": "say", "text": "调用格式是 {\"type\":\"tool\"} 这样"})
+        .to_string();
     let mut member = BTreeMap::new();
     member.insert("a".to_string(), vec![say]);
     let mut core = core_with(vec![module_of("a")], gw(member, vec!["[]".into()]));
Diff in /Users/runner/work/Solomni/Solomni/src/tests.rs:2219:
-    let sid = core.create_work(work("w", WorkMode::Single, &["a"])).unwrap().sid;
+    let sid = core
+        .create_work(work("w", WorkMode::Single, &["a"]))
+        .unwrap()
+        .sid;
     let events = with_live(|l| core.single_say(&sid, "怎么写", l)).unwrap();
-    assert!(tool_views(&events).is_empty(), "不该有工具行：{:?}", transcript_rows(&events));
-    assert_eq!(transcript_rows(&events).iter().filter(|r| !r.2).count(), 2, "用户行 + 一条发言");
+    assert!(
+        tool_views(&events).is_empty(),
+        "不该有工具行：{:?}",
+        transcript_rows(&events)
+    );
+    assert_eq!(
+        transcript_rows(&events).iter().filter(|r| !r.2).count(),
+        2,
+        "用户行 + 一条发言"
+    );
 
     // ② 普通正文（不以 { 开头）里提到它：仍按发言收录（降级），不误判。
     let mut member = BTreeMap::new();
Diff in /Users/runner/work/Solomni/Solomni/src/tests.rs:2226:
-    member.insert("a".to_string(), vec!["写法示例：{\"type\":\"tool\"} 就是这样".to_string()]);
+    member.insert(
+        "a".to_string(),
+        vec!["写法示例：{\"type\":\"tool\"} 就是这样".to_string()],
+    );
     let mut core = core_with(vec![module_of("a")], gw(member, vec!["[]".into()]));
-    let sid = core.create_work(work("w", WorkMode::Single, &["a"])).unwrap().sid;
+    let sid = core
+        .create_work(work("w", WorkMode::Single, &["a"]))
+        .unwrap()
+        .sid;
     let events = with_live(|l| core.single_say(&sid, "再讲一次", l)).unwrap();
-    assert!(tool_views(&events).is_empty(), "不以 JSON 为主体 → 不误判：{:?}", transcript_rows(&events));
-    assert!(transcript_rows(&events).iter().any(|r| r.1.contains("写法示例")), "{:?}", transcript_rows(&events));
+    assert!(
+        tool_views(&events).is_empty(),
+        "不以 JSON 为主体 → 不误判：{:?}",
+        transcript_rows(&events)
+    );
+    assert!(
+        transcript_rows(&events)
+            .iter()
+            .any(|r| r.1.contains("写法示例")),
+        "{:?}",
+        transcript_rows(&events)
+    );
     // ③ 正文里引用一个**平衡**的完整对象：同样不误判（未闭合才判坏信封）。
     let mut member = BTreeMap::new();
-    member.insert("a".to_string(), vec!["格式是 {\"type\":\"tool\"}".to_string()]);
+    member.insert(
+        "a".to_string(),
+        vec!["格式是 {\"type\":\"tool\"}".to_string()],
+    );
     let mut core = core_with(vec![module_of("a")], gw(member, vec!["[]".into()]));
-    let sid = core.create_work(work("w", WorkMode::Single, &["a"])).unwrap().sid;
+    let sid = core
+        .create_work(work("w", WorkMode::Single, &["a"]))
+        .unwrap()
+        .sid;
     let events = with_live(|l| core.single_say(&sid, "再示范一次", l)).unwrap();
-    assert!(tool_views(&events).is_empty(), "平衡对象不算坏信封：{:?}", transcript_rows(&events));
-    assert!(transcript_rows(&events).iter().any(|r| r.1.contains("格式是")), "{:?}", transcript_rows(&events));
+    assert!(
+        tool_views(&events).is_empty(),
+        "平衡对象不算坏信封：{:?}",
+        transcript_rows(&events)
+    );
+    assert!(
+        transcript_rows(&events)
+            .iter()
+            .any(|r| r.1.contains("格式是")),
+        "{:?}",
+        transcript_rows(&events)
+    );
 }
 
 #[test]
Diff in /Users/runner/work/Solomni/Solomni/src/tests.rs:2244:
     // 正文在前、坏信封在后（未闭合）：也要判 malformed，且正文照常显示、JSON 不上屏。
     let raw = "好的。{\"type\":\"tool\",\"name\":\"write\",\"args\":{\"path\":\"a\"}";
     let mut member = BTreeMap::new();
-    member.insert("a".to_string(), vec![raw.to_string(), "{\"type\":\"say\",\"text\":\"改好了\"}".to_string()]);
+    member.insert(
+        "a".to_string(),
+        vec![
+            raw.to_string(),
+            "{\"type\":\"say\",\"text\":\"改好了\"}".to_string(),
+        ],
+    );
     let mut core = core_with(vec![module_of("a")], gw(member, vec!["[]".into()]));
-    let sid = core.create_work(work("w", WorkMode::Single, &["a"])).unwrap().sid;
+    let sid = core
+        .create_work(work("w", WorkMode::Single, &["a"]))
+        .unwrap()
+        .sid;
     let events = with_live(|l| core.single_say(&sid, "写一下", l)).unwrap();
     let rows = transcript_rows(&events);
-    assert_eq!(rows.iter().filter(|r| r.2).count(), 1, "应有一条 tool 行：{:?}", rows);
-    assert!(!rows.iter().any(|r| r.1.contains("\"type\"")), "JSON 绝不能上屏：{:?}", rows);
-    assert!(rows.iter().any(|r| r.1 == "[a] 好的。"), "坏信封之前的正文要照常显示：{:?}", rows);
+    assert_eq!(
+        rows.iter().filter(|r| r.2).count(),
+        1,
+        "应有一条 tool 行：{:?}",
+        rows
+    );
+    assert!(
+        !rows.iter().any(|r| r.1.contains("\"type\"")),
+        "JSON 绝不能上屏：{:?}",
+        rows
+    );
+    assert!(
+        rows.iter().any(|r| r.1 == "[a] 好的。"),
+        "坏信封之前的正文要照常显示：{:?}",
+        rows
+    );
     let views = tool_views(&events);
     assert!(!views[0].ok && views[0].name == "write", "{:?}", views[0]);
-    assert!(views[0].args.contains("\"path\":\"a\""), "参数尽力打捞：{:?}", views[0].args);
-    assert!(views[0].output.contains("还差 }"), "未闭合要说清还差哪个字符：{}", views[0].output);
+    assert!(
+        views[0].args.contains("\"path\":\"a\""),
+        "参数尽力打捞：{:?}",
+        views[0].args
+    );
+    assert!(
+        views[0].output.contains("还差 }"),
+        "未闭合要说清还差哪个字符：{}",
+        views[0].output
+    );
     // 历史：assistant(原文) + [工具结果]（模型下一轮能自己改）
     let h = core.single_history(&sid).unwrap();
     assert!(h.iter().any(|m| m.role == "assistant" && m.content == raw));
Diff in /Users/runner/work/Solomni/Solomni/src/tests.rs:2262:
-    assert!(h.iter().any(|m| m.role == "user" && m.content.contains("[工具结果] write")), "{:?}", h);
+    assert!(
+        h.iter()
+            .any(|m| m.role == "user" && m.content.contains("[工具结果] write")),
+        "{:?}",
+        h
+    );
 }
 
 #[test]
Diff in /Users/runner/work/Solomni/Solomni/src/tests.rs:2271:
         "{{\"type\":\"tool\",\"name\":\"write\",\"args\":{{\"path\":\"{}\",\"content\":\"第一行\n第二行\"}}}}",
         note
     );
-    let runner = Arc::new(RecordingRunner { calls: Mutex::new(Vec::new()), out: String::new(), ok: true });
+    let runner = Arc::new(RecordingRunner {
+        calls: Mutex::new(Vec::new()),
+        out: String::new(),
+        ok: true,
+    });
     let prompts = test_prompts();
     // 不修（严格基线）：信封不合法 → 失败工具行，工具绝不执行
-    let mut m = member_with_tools("m0", vec![raw.clone(), "{\"type\":\"say\",\"text\":\"改好了\"}".to_string()], Arc::clone(&runner));
-    assert!(m.tools.as_ref().expect("工具环境").repair.repair("x", &crate::core::envelope::Malformed::Syntax("x".into())).repaired.is_none());
+    let mut m = member_with_tools(
+        "m0",
+        vec![
+            raw.clone(),
+            "{\"type\":\"say\",\"text\":\"改好了\"}".to_string(),
+        ],
+        Arc::clone(&runner),
+    );
+    assert!(m
+        .tools
+        .as_ref()
+        .expect("工具环境")
+        .repair
+        .repair("x", &crate::core::envelope::Malformed::Syntax("x".into()))
+        .repaired
+        .is_none());
     let exec = crate::core::engine::Execution::run(std::slice::from_mut(&mut m), "任务", &prompts);
     let trace = exec.traces.get("m0").expect("工具行");
     assert!(!trace[0].ok, "不修时如实记失败：{}", trace[0].output);
Diff in /Users/runner/work/Solomni/Solomni/src/tests.rs:2282:
     // 默认修复器：同一个输入被无歧义修好 → 照常执行，且回执最前面如实标注
-    let mut m2 = member_with_tools("m0", vec![raw.clone(), "{\"type\":\"say\",\"text\":\"改好了\"}".to_string()], Arc::clone(&runner));
+    let mut m2 = member_with_tools(
+        "m0",
+        vec![
+            raw.clone(),
+            "{\"type\":\"say\",\"text\":\"改好了\"}".to_string(),
+        ],
+        Arc::clone(&runner),
+    );
     m2.tools.as_mut().expect("工具环境").repair = Arc::new(crate::adapters::UnambiguousRepair);
-    let exec2 = crate::core::engine::Execution::run(std::slice::from_mut(&mut m2), "任务", &prompts);
+    let exec2 =
+        crate::core::engine::Execution::run(std::slice::from_mut(&mut m2), "任务", &prompts);
     let trace2 = exec2.traces.get("m0").expect("工具行");
     assert!(trace2[0].ok, "修好即执行：{}", trace2[0].output);
-    assert!(trace2[0].output.starts_with("[信封修复]"), "{}", trace2[0].output);
+    assert!(
+        trace2[0].output.starts_with("[信封修复]"),
+        "{}",
+        trace2[0].output
+    );
     assert!(trace2[0].output.contains("换行"), "{}", trace2[0].output);
-    assert!(trace2[0].args.contains("第一行\\n第二行"), "执行的是修好后的参数：{}", trace2[0].args);
+    assert!(
+        trace2[0].args.contains("第一行\\n第二行"),
+        "执行的是修好后的参数：{}",
+        trace2[0].args
+    );
     // 真实会话的形状：内容字符串写完、只差信封的收尾括号 → 补上就执行，不必让模型重发
     let note2 = s(&["demo", "m0", "note2.txt"]);
     let missing_brace = format!(
Diff in /Users/runner/work/Solomni/Solomni/src/tests.rs:2294:
         "已读完，落盘。{{\"type\":\"tool\",\"name\":\"write\",\"args\":{{\"path\":\"{}\",\"content\":\"正文\"}}",
         note2
     );
-    let mut m3 = member_with_tools("m0", vec![missing_brace, "{\"type\":\"say\",\"text\":\"落好了\"}".to_string()], Arc::clone(&runner));
+    let mut m3 = member_with_tools(
+        "m0",
+        vec![
+            missing_brace,
+            "{\"type\":\"say\",\"text\":\"落好了\"}".to_string(),
+        ],
+        Arc::clone(&runner),
+    );
     m3.tools.as_mut().expect("工具环境").repair = Arc::new(crate::adapters::UnambiguousRepair);
-    let exec3 = crate::core::engine::Execution::run(std::slice::from_mut(&mut m3), "任务", &prompts);
+    let exec3 =
+        crate::core::engine::Execution::run(std::slice::from_mut(&mut m3), "任务", &prompts);
     let trace3 = exec3.traces.get("m0").expect("工具行");
     assert!(trace3[0].ok, "补上收尾括号后照常执行：{}", trace3[0].output);
     assert!(
Diff in /Users/runner/work/Solomni/Solomni/src/tests.rs:2306:
     );
     // 补不出来的（缺的是一个值而不是括号）不猜：照旧记失败行，并说清还差什么
     let hopeless = "{\"type\":\"tool\",\"name\":\"write\",\"args\":{\"path\":\"a\",\"content\":";
-    let mut m4 = member_with_tools("m0", vec![hopeless.to_string(), "{\"type\":\"say\",\"text\":\"知道了\"}".to_string()], Arc::clone(&runner));
+    let mut m4 = member_with_tools(
+        "m0",
+        vec![
+            hopeless.to_string(),
+            "{\"type\":\"say\",\"text\":\"知道了\"}".to_string(),
+        ],
+        Arc::clone(&runner),
+    );
     m4.tools.as_mut().expect("工具环境").repair = Arc::new(crate::adapters::UnambiguousRepair);
-    let exec4 = crate::core::engine::Execution::run(std::slice::from_mut(&mut m4), "任务", &prompts);
+    let exec4 =
+        crate::core::engine::Execution::run(std::slice::from_mut(&mut m4), "任务", &prompts);
     let trace4 = exec4.traces.get("m0").expect("工具行");
-    assert!(!trace4[0].ok && trace4[0].output.contains("还差"), "{}", trace4[0].output);
+    assert!(
+        !trace4[0].ok && trace4[0].output.contains("还差"),
+        "{}",
+        trace4[0].output
+    );
 }
 
 #[test]
Diff in /Users/runner/work/Solomni/Solomni/src/tests.rs:2319:
     use crate::core::envelope::{parse, Malformed};
     // ① 字符串里直接换行（真实事故：write 的 content 里裸换行 → 整段 JSON 非法）
     let r = parse("{\"type\":\"tool\",\"name\":\"write\",\"args\":{\"path\":\"a\",\"content\":\"第一行\n第二行\"}}");
-    match r.tools.first().cloned().expect("应给出非法信封信号").malformed.expect("应判定类别") {
+    match r
+        .tools
+        .first()
+        .cloned()
+        .expect("应给出非法信封信号")
+        .malformed
+        .expect("应判定类别")
+    {
         Malformed::RawControl { ch, line, tail } => {
             assert_eq!(ch, '\n', "要报出是哪个控制字符");
             assert_eq!(line, 1, "要报出在哪一行");
Diff in /Users/runner/work/Solomni/Solomni/src/tests.rs:2338:
         }))
     );
     // 断在字符串中间：状态要说清"内容没写完"（补引号会拿到半截内容）
-    let r = parse("{\"type\":\"tool\",\"name\":\"write\",\"args\":{\"path\":\"a\",\"content\":\"写了一半");
-    match r.tools.first().cloned().expect("信号").malformed.expect("类别") {
+    let r = parse(
+        "{\"type\":\"tool\",\"name\":\"write\",\"args\":{\"path\":\"a\",\"content\":\"写了一半",
+    );
+    match r
+        .tools
+        .first()
+        .cloned()
+        .expect("信号")
+        .malformed
+        .expect("类别")
+    {
         Malformed::Unclosed(t) => assert!(t.in_string, "要报出断在字符串里：{:?}", t),
         other => panic!("应判为未闭合：{:?}", other),
     }
Diff in /Users/runner/work/Solomni/Solomni/src/tests.rs:2346:
     // ③ JSON 合法但字段不合法（缺 name）
     let r = parse("{\"type\":\"tool\",\"args\":{}}");
-    match r.tools.first().cloned().expect("信号").malformed.expect("类别") {
+    match r
+        .tools
+        .first()
+        .cloned()
+        .expect("信号")
+        .malformed
+        .expect("类别")
+    {
         Malformed::Shape(why) => assert!(why.contains("name"), "要说清缺哪个字段：{}", why),
         other => panic!("应判为字段不合法：{:?}", other),
     }
Diff in /Users/runner/work/Solomni/Solomni/src/tests.rs:2352:
     // ④ 括号平衡但 JSON 语法非法：要带上解析器报的位置
     let r = parse("{\"type\":\"tool\",\"name\":\"write\",\"args\":{\"path\":,\"content\":\"x\"}}");
-    match r.tools.first().cloned().expect("信号").malformed.expect("类别") {
-        Malformed::Syntax(why) => assert!(why.contains("line") && why.contains("column"), "要带位置：{}", why),
+    match r
+        .tools
+        .first()
+        .cloned()
+        .expect("信号")
+        .malformed
+        .expect("类别")
+    {
+        Malformed::Syntax(why) => assert!(
+            why.contains("line") && why.contains("column"),
+            "要带位置：{}",
+            why
+        ),
         other => panic!("应判为语法错：{:?}", other),
     }
     // 四类各有各的修法（不是同一条笼统提示）
Diff in /Users/runner/work/Solomni/Solomni/src/tests.rs:2359:
     let texts = test_prompts().core.tool_texts;
-    let control = texts.malformed_report(&Malformed::RawControl { ch: '\n', line: 3, tail: None });
-    assert!(control.contains("裸换行") && control.contains("第 3 行"), "{}", control);
-    assert!(control.contains("\\n"), "要教模型把换行写成反斜杠 n：{}", control);
+    let control = texts.malformed_report(&Malformed::RawControl {
+        ch: '\n',
+        line: 3,
+        tail: None,
+    });
+    assert!(
+        control.contains("裸换行") && control.contains("第 3 行"),
+        "{}",
+        control
+    );
+    assert!(
+        control.contains("\\n"),
+        "要教模型把换行写成反斜杠 n：{}",
+        control
+    );
     let shape = texts.malformed_report(&Malformed::Shape("missing field name".to_string()));
-    assert!(shape.contains("字段不合法") && shape.contains("missing field"), "{}", shape);
-    let tab = texts.malformed_report(&Malformed::RawControl { ch: '\t', line: 1, tail: None });
+    assert!(
+        shape.contains("字段不合法") && shape.contains("missing field"),
+        "{}",
+        shape
+    );
+    let tab = texts.malformed_report(&Malformed::RawControl {
+        ch: '\t',
+        line: 1,
+        tail: None,
+    });
     // 只差收尾括号：要说清"还差 }"（而不是误导成"内容过长"）
     let brace = texts.malformed_report(&Malformed::Unclosed(crate::core::envelope::Tail {
         missing: "}".to_string(),
Diff in /Users/runner/work/Solomni/Solomni/src/tests.rs:2370:
         envelopes: 1,
     }));
     assert!(brace.contains("还差 }"), "{}", brace);
-    assert!(!brace.contains("分次写入"), "内容写完就别引导它去分次写：{}", brace);
+    assert!(
+        !brace.contains("分次写入"),
+        "内容写完就别引导它去分次写：{}",
+        brace
+    );
     // 断在字符串中间才是"内容没写完"，这时才谈分次写
     let cut = texts.malformed_report(&Malformed::Unclosed(crate::core::envelope::Tail {
         missing: "}\"}".to_string(),
Diff in /Users/runner/work/Solomni/Solomni/src/tests.rs:2383:
         in_string: false,
         envelopes: 2,
     }));
-    assert!(multi.contains("2 段") && multi.contains("只发一段"), "{}", multi);
-    assert!(!multi.contains("补上就完整了"), "两段时不能说「补上就完整」：{}", multi);
-    assert!(cut.contains("断在字符串中间") && cut.contains("分次写入"), "{}", cut);
+    assert!(
+        multi.contains("2 段") && multi.contains("只发一段"),
+        "{}",
+        multi
+    );
+    assert!(
+        !multi.contains("补上就完整了"),
+        "两段时不能说「补上就完整」：{}",
+        multi
+    );
+    assert!(
+        cut.contains("断在字符串中间") && cut.contains("分次写入"),
+        "{}",
+        cut
+    );
     assert!(tab.contains("制表符"), "{}", tab);
     assert!(
         texts.malformed_unclosed_brace != texts.malformed_unclosed_string
Diff in /Users/runner/work/Solomni/Solomni/src/tests.rs:2401:
     assert_eq!(r.verb, crate::core::envelope::Verb::Tool);
     let inv = r.tools.first().cloned().expect("应有调用申请");
     assert_eq!(inv.name, "grep");
-    assert!(inv.module.is_none(), "没写 module = None（单模块 agent 靠这个兜底）");
+    assert!(
+        inv.module.is_none(),
+        "没写 module = None（单模块 agent 靠这个兜底）"
+    );
     assert!(inv.args_json.contains("keyword"));
     // 带 module 的信封：trim 后非空才是 Some（空串按省略处理）。
-    let with_mod = crate::core::envelope::parse("{\"type\":\"tool\",\"module\":\" reviewer \",\"name\":\"read_txt\",\"args\":{}}");
-    assert_eq!(with_mod.tools.first().cloned().expect("应有调用申请").module.as_deref(), Some("reviewer"));
-    let blank_mod = crate::core::envelope::parse("{\"type\":\"tool\",\"module\":\"  \",\"name\":\"read_txt\",\"args\":{}}");
-    assert!(blank_mod.tools.first().cloned().expect("应有调用申请").module.is_none());
+    let with_mod = crate::core::envelope::parse(
+        "{\"type\":\"tool\",\"module\":\" reviewer \",\"name\":\"read_txt\",\"args\":{}}",
+    );
+    assert_eq!(
+        with_mod
+            .tools
+            .first()
+            .cloned()
+            .expect("应有调用申请")
+            .module
+            .as_deref(),
+        Some("reviewer")
+    );
+    let blank_mod = crate::core::envelope::parse(
+        "{\"type\":\"tool\",\"module\":\"  \",\"name\":\"read_txt\",\"args\":{}}",
+    );
+    assert!(blank_mod
+        .tools
+        .first()
+        .cloned()
+        .expect("应有调用申请")
+        .module
+        .is_none());
     // name 缺失 = 工具信封但不合法 → **独立的 malformed 信号**（不再按原文发言收录）。
     let bad = crate::core::envelope::parse("{\"type\":\"tool\",\"args\":{}}");
-    assert_eq!(bad.verb, crate::core::envelope::Verb::Tool, "看得出是想发工具信封");
-    assert!(!bad.degraded, "malformed 与 degraded 是两回事（后者是信封缺失）");
+    assert_eq!(
+        bad.verb,
+        crate::core::envelope::Verb::Tool,
+        "看得出是想发工具信封"
+    );
+    assert!(
+        !bad.degraded,
+        "malformed 与 degraded 是两回事（后者是信封缺失）"
+    );
     let inv = bad.tools.first().cloned().expect("应给出非法信封信号");
-    assert!(inv.malformed.is_some() && inv.name.is_empty(), "打捞不到名字就留空：{:?}", inv);
+    assert!(
+        inv.malformed.is_some() && inv.name.is_empty(),
+        "打捞不到名字就留空：{:?}",
+        inv
+    );
     assert!(bad.text.is_empty(), "非法信封的 JSON 也不进 text");
     // 真的"没有信封"仍然是 degraded say（原文收录）。
     let plain = crate::core::envelope::parse("没有信封的发言");
Diff in /Users/runner/work/Solomni/Solomni/src/tests.rs:2420:
     assert!(plain.degraded && plain.tools.is_empty() && plain.text == "没有信封的发言");
     // 信封之外的正文才进 text（永不把信封 JSON 当文本）；只剩信封时 text 为空串。
-    assert!(crate::core::envelope::parse(TOOL_CALL).text.is_empty(), "只剩信封 → text 空");
-    let prose = crate::core::envelope::parse("先看一眼。{\"type\":\"tool\",\"name\":\"grep\",\"args\":{}}后记");
+    assert!(
+        crate::core::envelope::parse(TOOL_CALL).text.is_empty(),
+        "只剩信封 → text 空"
+    );
+    let prose = crate::core::envelope::parse(
+        "先看一眼。{\"type\":\"tool\",\"name\":\"grep\",\"args\":{}}后记",
+    );
     assert_eq!(prose.text, "先看一眼。后记", "信封之外的正文进 text");
-    assert!(!prose.text.contains('{') && !prose.text.contains("type"), "正文里不得残留 JSON：{}", prose.text);
+    assert!(
+        !prose.text.contains('{') && !prose.text.contains("type"),
+        "正文里不得残留 JSON：{}",
+        prose.text
+    );
 }
 
 #[test]
Diff in /Users/runner/work/Solomni/Solomni/src/tests.rs:2450:
 fn envelope_only_round_produces_only_a_tool_line() {
     // 只有信封、没有正文也没有思维链 → 只出 tool 行，不产生空行。
     let mut member = BTreeMap::new();
-    member.insert("a".to_string(), vec![TOOL_CALL.into(), "{\"type\":\"say\",\"text\":\"完成\"}".into()]);
+    member.insert(
+        "a".to_string(),
+        vec![
+            TOOL_CALL.into(),
+            "{\"type\":\"say\",\"text\":\"完成\"}".into(),
+        ],
+    );
     let mut mod_a = module_of("a");
-    mod_a.manifest.tools.insert("grep".to_string(), decl("python tools/grep.py"));
-    let runner = Arc::new(RecordingRunner { calls: Mutex::new(Vec::new()), out: "ok".into(), ok: true });
+    mod_a
+        .manifest
+        .tools
+        .insert("grep".to_string(), decl("python tools/grep.py"));
+    let runner = Arc::new(RecordingRunner {
+        calls: Mutex::new(Vec::new()),
+        out: "ok".into(),
+        ok: true,
+    });
     let mut core = core_with_runner(vec![mod_a], gw(member, vec!["[]".into()]), runner);
-    let sid = core.create_work(work("w", WorkMode::Single, &["a"])).unwrap().sid;
+    let sid = core
+        .create_work(work("w", WorkMode::Single, &["a"]))
+        .unwrap()
+        .sid;
     let rows = transcript_rows(&with_live(|l| core.single_say(&sid, "跑一下", l)).unwrap());
     assert_eq!(rows.len(), 3, "用户行 / tool 行 / 答复行：{:?}", rows);
-    assert_eq!(rows.iter().filter(|r| r.2).count(), 1, "只出一条 tool 行：{:?}", rows);
+    assert_eq!(
+        rows.iter().filter(|r| r.2).count(),
+        1,
+        "只出一条 tool 行：{:?}",
+        rows
+    );
     assert!(rows[1].2, "tool 行居中：{:?}", rows);
 }
 
Diff in /Users/runner/work/Solomni/Solomni/src/tests.rs:2482:
         Arc::clone(&hist),
         Arc::clone(&io),
     );
-    let sid = core.create_work(work("w", WorkMode::Single, &["a"])).unwrap().sid;
+    let sid = core
+        .create_work(work("w", WorkMode::Single, &["a"]))
+        .unwrap()
+        .sid;
     let events = with_live(|l| core.single_say(&sid, "记一笔", l)).unwrap();
     let rows = transcript_rows(&events);
-    assert_eq!(rows.len(), 4, "用户行 / 正文行 / tool 行 / 答复行：{:?}", rows);
-    assert!(rows[1].1.contains("我先看看这个文件。"), "正文要落进文本行：{:?}", rows[1]);
+    assert_eq!(
+        rows.len(),
+        4,
+        "用户行 / 正文行 / tool 行 / 答复行：{:?}",
+        rows
+    );
+    assert!(
+        rows[1].1.contains("我先看看这个文件。"),
+        "正文要落进文本行：{:?}",
+        rows[1]
+    );
     assert!(!rows[1].1.contains('{'), "正文行不得含 JSON：{:?}", rows[1]);
-    assert!(!rows[1].2 && rows[2].2 && !rows[3].2, "tool 行紧随正文行：{:?}", rows);
-    assert!(!rows[2].1.contains('{'), "tool 行也不含 JSON：{:?}", rows[2]);
-    assert_eq!(io.get(&["w", "a", "n.txt"]).as_deref(), Some("hi"), "工具真的跑了");
+    assert!(
+        !rows[1].2 && rows[2].2 && !rows[3].2,
+        "tool 行紧随正文行：{:?}",
+        rows
+    );
+    assert!(
+        !rows[2].1.contains('{'),
+        "tool 行也不含 JSON：{:?}",
+        rows[2]
+    );
+    assert_eq!(
+        io.get(&["w", "a", "n.txt"]).as_deref(),
+        Some("hi"),
+        "工具真的跑了"
+    );
 
     let live_h = core.single_history(&sid).unwrap();
     assert!(
Diff in /Users/runner/work/Solomni/Solomni/src/tests.rs:2497:
-        live_h.iter().any(|m| m.role == "assistant" && m.content.contains("我先看看这个文件。") && m.content.contains("\"type\":\"tool\"")),
+        live_h.iter().any(|m| m.role == "assistant"
+            && m.content.contains("我先看看这个文件。")
+            && m.content.contains("\"type\":\"tool\"")),
         "这一轮的 assistant 消息 = assistant(raw)，正文与信封都在：{:?}",
         live_h
     );
Diff in /Users/runner/work/Solomni/Solomni/src/tests.rs:2501:
-    assert!(live_h.iter().any(|m| m.role == "user" && m.content.contains("[工具结果] write")), "{:?}", live_h);
+    assert!(
+        live_h
+            .iter()
+            .any(|m| m.role == "user" && m.content.contains("[工具结果] write")),
+        "{:?}",
+        live_h
+    );
 
     // 「重启」：同一份落盘历史交给新的 Core，重建后必须与实时历史逐条一致。
     drop(core);
Diff in /Users/runner/work/Solomni/Solomni/src/tests.rs:2512:
     );
     core2.rewind(&sid, 4).unwrap(); // 保留全部 4 行
     let rebuilt = core2.single_history(&sid).expect("重建后应在内存里");
-    let key = |h: &[Msg]| h.iter().map(|m| (m.role.clone(), m.content.clone())).collect::<Vec<_>>();
-    assert_eq!(key(&rebuilt), key(&live_h), "重建上下文必须与实时历史逐条一致");
+    let key = |h: &[Msg]| {
+        h.iter()
+            .map(|m| (m.role.clone(), m.content.clone()))
+            .collect::<Vec<_>>()
+    };
+    assert_eq!(
+        key(&rebuilt),
+        key(&live_h),
+        "重建上下文必须与实时历史逐条一致"
+    );
 }
 
 #[test]
Diff in /Users/runner/work/Solomni/Solomni/src/tests.rs:2520:
 fn forced_final_tool_envelope_shows_no_json() {
     // 超限强制收尾后模型仍发信封：显示文本取信封之外的正文（没有正文就是空），JSON 绝不进转录。
-    let runner = Arc::new(RecordingRunner { calls: Mutex::new(Vec::new()), out: "ok".into(), ok: true });
+    let runner = Arc::new(RecordingRunner {
+        calls: Mutex::new(Vec::new()),
+        out: "ok".into(),
+        ok: true,
+    });
     let mut script: Vec<String> = (0..MAX_TOOL_CALLS).map(|_| TOOL_CALL.to_string()).collect();
     script.push("到此为止。{\"type\":\"tool\",\"name\":\"grep\",\"args\":{}}".to_string());
     let mut member = BTreeMap::new();
Diff in /Users/runner/work/Solomni/Solomni/src/tests.rs:2526:
     member.insert("a".to_string(), script);
     let mut mod_a = module_of("a");
-    mod_a.manifest.tools.insert("grep".to_string(), decl("python tools/grep.py"));
-    let mut core = core_with_runner(vec![mod_a], gw(member, vec!["[]".into()]), Arc::clone(&runner));
-    let sid = core.create_work(work("w", WorkMode::Single, &["a"])).unwrap().sid;
+    mod_a
+        .manifest
+        .tools
+        .insert("grep".to_string(), decl("python tools/grep.py"));
+    let mut core = core_with_runner(
+        vec![mod_a],
+        gw(member, vec!["[]".into()]),
+        Arc::clone(&runner),
+    );
+    let sid = core
+        .create_work(work("w", WorkMode::Single, &["a"]))
+        .unwrap()
+        .sid;
     let events = with_live(|l| core.single_say(&sid, "跑满", l)).unwrap();
-    assert_eq!(runner.calls.lock().expect("锁").len(), MAX_TOOL_CALLS, "超限后不再执行工具");
+    assert_eq!(
+        runner.calls.lock().expect("锁").len(),
+        MAX_TOOL_CALLS,
+        "超限后不再执行工具"
+    );
     let rows = transcript_rows(&events);
-    assert_eq!(rows.iter().filter(|r| r.2).count(), MAX_TOOL_CALLS, "{:?}", rows);
+    assert_eq!(
+        rows.iter().filter(|r| r.2).count(),
+        MAX_TOOL_CALLS,
+        "{:?}",
+        rows
+    );
     let last = rows.last().expect("应有末行");
-    assert!(last.1.contains("到此为止。"), "超限后的正文要如实收录：{:?}", last);
-    assert!(!last.1.contains('{') && !last.1.contains("\"type\""), "显示文本不得出现 JSON：{:?}", last);
-    assert!(!rows.iter().any(|r| r.1.contains("\"type\"")), "整条转录都不得出现 JSON：{:?}", rows);
+    assert!(
+        last.1.contains("到此为止。"),
+        "超限后的正文要如实收录：{:?}",
+        last
+    );
+    assert!(
+        !last.1.contains('{') && !last.1.contains("\"type\""),
+        "显示文本不得出现 JSON：{:?}",
+        last
+    );
+    assert!(
+        !rows.iter().any(|r| r.1.contains("\"type\"")),
+        "整条转录都不得出现 JSON：{:?}",
+        rows
+    );
 }
 
 #[test]
Diff in /Users/runner/work/Solomni/Solomni/src/tests.rs:2542:
 fn tool_loop_runs_declared_tool() {
-    let runner = Arc::new(RecordingRunner { calls: Mutex::new(Vec::new()), out: "  3 | 命中行".into(), ok: true });
+    let runner = Arc::new(RecordingRunner {
+        calls: Mutex::new(Vec::new()),
+        out: "  3 | 命中行".into(),
+        ok: true,
+    });
     let mut m = member_with_tools(
         "m0",
-        vec![TOOL_CALL.into(), "{\"type\":\"say\",\"text\":\"完成\"}".into()],
+        vec![
+            TOOL_CALL.into(),
+            "{\"type\":\"say\",\"text\":\"完成\"}".into(),
+        ],
         Arc::clone(&runner),
     );
     let prompts = test_prompts();
Diff in /Users/runner/work/Solomni/Solomni/src/tests.rs:2551:
     assert_eq!(exec.reports.get("m0").map(|s| s.as_str()), Some("完成"));
     let calls = runner.calls.lock().expect("锁");
     assert_eq!(calls.len(), 1, "声明过的工具应恰好执行一次");
-    assert_eq!(calls[0].0, abs(&["mods", "root"]), "工具进程工作目录 = 模块工作区（真实路径）");
+    assert_eq!(
+        calls[0].0,
+        abs(&["mods", "root"]),
+        "工具进程工作目录 = 模块工作区（真实路径）"
+    );
     assert_eq!(calls[0].1, "python tools/grep.py", "命令来自模块清单");
     assert!(calls[0].2.contains("keyword"), "参数以 JSON 原样送达");
     let trace = exec.traces.get("m0").expect("工具调用应入册");
Diff in /Users/runner/work/Solomni/Solomni/src/tests.rs:2558:
     assert_eq!(trace.len(), 1);
     assert_eq!(trace[0].name, "grep");
     assert_eq!(trace[0].module, "m0", "信封省略 module 时按唯一模块兜底");
-    assert!(trace[0].ok && trace[0].args.contains("keyword"), "{:?}", trace[0]);
-    assert!(trace[0].raw.contains("\"type\":\"tool\""), "原始输出要留档（重建上下文用）");
+    assert!(
+        trace[0].ok && trace[0].args.contains("keyword"),
+        "{:?}",
+        trace[0]
+    );
+    assert!(
+        trace[0].raw.contains("\"type\":\"tool\""),
+        "原始输出要留档（重建上下文用）"
+    );
 }
 
 #[test]
Diff in /Users/runner/work/Solomni/Solomni/src/tests.rs:2568:
     let mut mod_m0 = module_of("m0");
     mod_m0.manifest.tools.insert(
         "grep".to_string(),
-        decl_with("python tools/grep.py", "keyword: {type: string, required: true}\n"),
+        decl_with(
+            "python tools/grep.py",
+            "keyword: {type: string, required: true}\n",
+        ),
     );
     let prompts = test_prompts();
     let system = crate::core::module::agent_system(
Diff in /Users/runner/work/Solomni/Solomni/src/tests.rs:2578:
         "工具说明",
         crate::core::providers::ToolMode::Envelope,
     );
-    assert!(system.contains("【模块工具参数】"), "系统提示要有参数段：{}", system);
-    assert!(system.contains("- m0.grep") && system.contains("keyword（string，必填）"), "{}", system);
+    assert!(
+        system.contains("【模块工具参数】"),
+        "系统提示要有参数段：{}",
+        system
+    );
+    assert!(
+        system.contains("- m0.grep") && system.contains("keyword（string，必填）"),
+        "{}",
+        system
+    );
 
     let table = crate::core::engine::tool_table(std::slice::from_ref(&mod_m0));
     let books = table.get("m0").expect("放行表").books.clone();
Diff in /Users/runner/work/Solomni/Solomni/src/tests.rs:2586:
     assert_eq!(books.len(), 1, "只给声明了参数的工具建契约");
 
     // 参数不符：拒收，且说清缺哪个参数、并把工具签名发回（不启动进程）。
-    let runner = Arc::new(RecordingRunner { calls: Mutex::new(Vec::new()), out: "ok".into(), ok: true });
+    let runner = Arc::new(RecordingRunner {
+        calls: Mutex::new(Vec::new()),
+        out: "ok".into(),
+        ok: true,
+    });
     let mut m = member_with_tools(
         "m0",
-        vec!["{\"type\":\"tool\",\"name\":\"grep\",\"args\":{}}".to_string(), "{\"type\":\"say\",\"text\":\"完成\"}".to_string()],
+        vec![
+            "{\"type\":\"tool\",\"name\":\"grep\",\"args\":{}}".to_string(),
+            "{\"type\":\"say\",\"text\":\"完成\"}".to_string(),
+        ],
         Arc::clone(&runner),
     );
-    m.tools.as_mut().expect("工具环境").modules.get_mut("m0").expect("模块").books = books;
+    m.tools
+        .as_mut()
+        .expect("工具环境")
+        .modules
+        .get_mut("m0")
+        .expect("模块")
+        .books = books;
     let exec = crate::core::engine::Execution::run(std::slice::from_mut(&mut m), "任务", &prompts);
-    assert!(runner.calls.lock().expect("锁").is_empty(), "参数不合法绝不落进程");
+    assert!(
+        runner.calls.lock().expect("锁").is_empty(),
+        "参数不合法绝不落进程"
+    );
     let trace = exec.traces.get("m0").expect("失败的调用也要入册");
-    assert!(trace[0].output.contains("缺少必填参数 keyword"), "{}", trace[0].output);
-    assert!(trace[0].output.contains("keyword（string，必填）"), "失败要带上参数签名：{}", trace[0].output);
+    assert!(
+        trace[0].output.contains("缺少必填参数 keyword"),
+        "{}",
+        trace[0].output
+    );
+    assert!(
+        trace[0].output.contains("keyword（string，必填）"),
+        "失败要带上参数签名：{}",
+        trace[0].output
+    );
 
     // 参数合法：照旧执行，args 原样交给工具。
-    let runner2 = Arc::new(RecordingRunner { calls: Mutex::new(Vec::new()), out: "ok".into(), ok: true });
-    let mut m2 = member_with_tools("m0", vec![TOOL_CALL.to_string(), "{\"type\":\"say\",\"text\":\"完成\"}".to_string()], Arc::clone(&runner2));
+    let runner2 = Arc::new(RecordingRunner {
+        calls: Mutex::new(Vec::new()),
+        out: "ok".into(),
+        ok: true,
+    });
+    let mut m2 = member_with_tools(
+        "m0",
+        vec![
+            TOOL_CALL.to_string(),
+            "{\"type\":\"say\",\"text\":\"完成\"}".to_string(),
+        ],
+        Arc::clone(&runner2),
+    );
     let books2 = table.get("m0").expect("放行表").books.clone();
-    m2.tools.as_mut().expect("工具环境").modules.get_mut("m0").expect("模块").books = books2;
+    m2.tools
+        .as_mut()
+        .expect("工具环境")
+        .modules
+        .get_mut("m0")
+        .expect("模块")
+        .books = books2;
     crate::core::engine::Execution::run(std::slice::from_mut(&mut m2), "任务", &prompts);
     let calls = runner2.calls.lock().expect("锁");
     assert_eq!(calls.len(), 1, "合法调用照常执行");
Diff in /Users/runner/work/Solomni/Solomni/src/tests.rs:2612:
     // 没声明参数的工具照旧不校验（不给模块开发者添门槛）。
     let plain = module_of("m0");
     let plain_table = crate::core::engine::tool_table(std::slice::from_ref(&plain));
-    assert!(plain_table.get("m0").expect("放行表").books.is_empty(), "没声明参数 = 没有契约");
+    assert!(
+        plain_table.get("m0").expect("放行表").books.is_empty(),
+        "没声明参数 = 没有契约"
+    );
 }
 
 #[test]
Diff in /Users/runner/work/Solomni/Solomni/src/tests.rs:2619:
 fn tool_loop_rejects_undeclared_tool() {
-    let runner = Arc::new(RecordingRunner { calls: Mutex::new(Vec::new()), out: String::new(), ok: true });
+    let runner = Arc::new(RecordingRunner {
+        calls: Mutex::new(Vec::new()),
+        out: String::new(),
+        ok: true,
+    });
     let mut m = member_with_tools(
         "m0",
-        vec!["{\"type\":\"tool\",\"name\":\"nope\",\"args\":{}}".into(), "{\"type\":\"say\",\"text\":\"完成\"}".into()],
+        vec![
+            "{\"type\":\"tool\",\"name\":\"nope\",\"args\":{}}".into(),
+            "{\"type\":\"say\",\"text\":\"完成\"}".into(),
+        ],
         Arc::clone(&runner),
     );
     let prompts = test_prompts();
Diff in /Users/runner/work/Solomni/Solomni/src/tests.rs:2627:
     let exec = crate::core::engine::Execution::run(std::slice::from_mut(&mut m), "任务", &prompts);
-    assert!(runner.calls.lock().expect("锁").is_empty(), "未声明的工具绝不落进程");
+    assert!(
+        runner.calls.lock().expect("锁").is_empty(),
+        "未声明的工具绝不落进程"
+    );
     assert_eq!(exec.reports.get("m0").map(|s| s.as_str()), Some("完成"));
     let trace = exec.traces.get("m0").expect("工具调用应入册");
-    assert!(trace.iter().any(|v| v.output.contains("未声明")), "{:?}", trace.iter().map(|v| &v.output).collect::<Vec<_>>());
+    assert!(
+        trace.iter().any(|v| v.output.contains("未声明")),
+        "{:?}",
+        trace.iter().map(|v| &v.output).collect::<Vec<_>>()
+    );
 }
 
 #[test]
Diff in /Users/runner/work/Solomni/Solomni/src/tests.rs:2636:
     // 随仓模块（modules/）是产品内容的一部分：清单必须全部合法、id 与目录一致。
     let roster = crate::adapters::FsModules::new(PathBuf::from("modules")).scan();
     assert!(!roster.modules.is_empty(), "仓库应自带模块");
-    assert!(roster.rejected.is_empty(), "随仓清单必须全部合法：{:?}", roster.rejected);
+    assert!(
+        roster.rejected.is_empty(),
+        "随仓清单必须全部合法：{:?}",
+        roster.rejected
+    );
     // 随仓的三件就是演示工作流那三件：少了任何一件，演示就跑不起来。
-    let ids: Vec<&str> = roster.modules.iter().map(|m| m.manifest.id.as_str()).collect();
+    let ids: Vec<&str> = roster
+        .modules
+        .iter()
+        .map(|m| m.manifest.id.as_str())
+        .collect();
     for id in ["harvest", "indexer", "render"] {
         assert!(ids.contains(&id), "随仓模块少了 {}（现在是 {:?}）", id, ids);
     }
Diff in /Users/runner/work/Solomni/Solomni/src/tests.rs:2646:
 
 #[test]
 fn tool_loop_cap_forces_final_answer() {
-    let runner = Arc::new(RecordingRunner { calls: Mutex::new(Vec::new()), out: "r".into(), ok: true });
+    let runner = Arc::new(RecordingRunner {
+        calls: Mutex::new(Vec::new()),
+        out: "r".into(),
+        ok: true,
+    });
     let mut script: Vec<String> = (0..MAX_TOOL_CALLS).map(|_| TOOL_CALL.to_string()).collect();
     script.push("{\"type\":\"say\",\"text\":\"最终回报\"}".into());
     let mut m = member_with_tools("m0", script, Arc::clone(&runner));
Diff in /Users/runner/work/Solomni/Solomni/src/tests.rs:2653:
     let prompts = test_prompts();
     let exec = crate::core::engine::Execution::run(std::slice::from_mut(&mut m), "任务", &prompts);
-    assert_eq!(runner.calls.lock().expect("锁").len(), MAX_TOOL_CALLS, "调用数封顶");
-    assert_eq!(exec.reports.get("m0").map(|s| s.as_str()), Some("最终回报"), "超限后强制收尾");
+    assert_eq!(
+        runner.calls.lock().expect("锁").len(),
+        MAX_TOOL_CALLS,
+        "调用数封顶"
+    );
+    assert_eq!(
+        exec.reports.get("m0").map(|s| s.as_str()),
+        Some("最终回报"),
+        "超限后强制收尾"
+    );
 }
 
 #[test]
Diff in /Users/runner/work/Solomni/Solomni/src/tests.rs:2660:
 fn core_direct_tool_flow_injects_result_into_history() {
-    let runner = Arc::new(RecordingRunner { calls: Mutex::new(Vec::new()), out: "  3 | 依据行".into(), ok: true });
+    let runner = Arc::new(RecordingRunner {
+        calls: Mutex::new(Vec::new()),
+        out: "  3 | 依据行".into(),
+        ok: true,
+    });
     let mut member = BTreeMap::new();
-    member.insert("a".to_string(), vec![
-        TOOL_CALL.to_string(),
-        "{\"type\":\"say\",\"text\":\"依据第 3 行，结论成立\"}".to_string(),
-    ]);
+    member.insert(
+        "a".to_string(),
+        vec![
+            TOOL_CALL.to_string(),
+            "{\"type\":\"say\",\"text\":\"依据第 3 行，结论成立\"}".to_string(),
+        ],
+    );
     let mut manifest_tools = BTreeMap::new();
     manifest_tools.insert("grep".to_string(), decl("python tools/grep.py"));
     let mut mod_a = module_of("a");
Diff in /Users/runner/work/Solomni/Solomni/src/tests.rs:2670:
     mod_a.manifest.tools = manifest_tools;
-    let mut core = core_with_runner(vec![mod_a], gw(member, vec!["[]".into()]), Arc::clone(&runner));
-    let sid = core.create_work(work("w", WorkMode::Single, &["a"])).unwrap().sid;
+    let mut core = core_with_runner(
+        vec![mod_a],
+        gw(member, vec!["[]".into()]),
+        Arc::clone(&runner),
+    );
+    let sid = core
+        .create_work(work("w", WorkMode::Single, &["a"]))
+        .unwrap()
+        .sid;
     let events = with_live(|l| core.single_say(&sid, "核对一下", l)).unwrap();
     // 一行 = 一轮模型调用：用户行 / tool 行 / 最终文本行，id 连续且 tool 行夹在中间。
     let rows = transcript_rows(&events);
Diff in /Users/runner/work/Solomni/Solomni/src/tests.rs:2676:
     assert_eq!(rows.len(), 3, "一次工具循环应得到 3 条行：{:?}", rows);
-    assert_eq!(rows.iter().map(|r| r.0).collect::<Vec<_>>(), vec![0, 1, 2], "id 连续");
-    assert!(!rows[0].2 && rows[1].2 && !rows[2].2, "tool 行夹在中间：{:?}", rows);
-    assert!(rows[1].1.contains("grep") && rows[1].1.contains("成功"), "{:?}", rows[1]);
+    assert_eq!(
+        rows.iter().map(|r| r.0).collect::<Vec<_>>(),
+        vec![0, 1, 2],
+        "id 连续"
+    );
+    assert!(
+        !rows[0].2 && rows[1].2 && !rows[2].2,
+        "tool 行夹在中间：{:?}",
+        rows
+    );
+    assert!(
+        rows[1].1.contains("grep") && rows[1].1.contains("成功"),
+        "{:?}",
+        rows[1]
+    );
     assert!(rows[2].1.contains("结论成立"), "{:?}", rows[2]);
     // 历史完整：用户消息 → 工具信封原文 → 工具结果 → 最终答复。
     let h = core.single_history(&sid).unwrap();
Diff in /Users/runner/work/Solomni/Solomni/src/tests.rs:2683:
     assert!(
-        h.iter().any(|m| m.role == "user" && m.content.contains("[工具结果] a.grep")),
+        h.iter()
+            .any(|m| m.role == "user" && m.content.contains("[工具结果] a.grep")),
         "工具结果必须回注上下文（标签带模块）：{:?}",
         h
     );
Diff in /Users/runner/work/Solomni/Solomni/src/tests.rs:2688:
-    assert!(h.iter().any(|m| m.role == "assistant" && m.content.contains("结论成立")));
+    assert!(h
+        .iter()
+        .any(|m| m.role == "assistant" && m.content.contains("结论成立")));
     assert_eq!(runner.calls.lock().expect("锁").len(), 1);
 }
 
Diff in /Users/runner/work/Solomni/Solomni/src/tests.rs:2696:
     use crate::core::workspace::Place;
     let sb = test_sandbox("a1", &["data"]);
     // 绝对且在根内 → 通过（返回归一化后的绝对路径）
-    let (place, path) = sb.resolve(&p(&["demo", "work", "notes", "a.txt"])).expect("共享区可达");
+    let (place, path) = sb
+        .resolve(&p(&["demo", "work", "notes", "a.txt"]))
+        .expect("共享区可达");
     assert_eq!(place, Place::Shared);
     assert_eq!(path, abs(&["demo", "work", "notes", "a.txt"]));
-    let (place, path) = sb.resolve(&p(&["demo", "a1", "b.txt"])).expect("私有沙箱可达");
+    let (place, path) = sb
+        .resolve(&p(&["demo", "a1", "b.txt"]))
+        .expect("私有沙箱可达");
     assert_eq!(place, Place::Private);
     assert_eq!(path, abs(&["demo", "a1", "b.txt"]));
-    let (place, path) = sb.resolve(&p(&["mods", "data", "c.txt"])).expect("成员模块目录可达");
+    let (place, path) = sb
+        .resolve(&p(&["mods", "data", "c.txt"]))
+        .expect("成员模块目录可达");
     assert_eq!(place, Place::Module("data".to_string()));
     assert_eq!(path, abs(&["mods", "data", "c.txt"]));
     // 允许的根就是这三处：错误文案要把它们列全
Diff in /Users/runner/work/Solomni/Solomni/src/tests.rs:2715:
         "work:/a.txt".to_string(),
         "sandbox:/b.txt".to_string(),
         "module:data:/c.txt".to_string(),
-        format!("{}{}..{}x.txt", p(&["demo", "work"]), std::path::MAIN_SEPARATOR, std::path::MAIN_SEPARATOR),
-        format!("{}{}a{}..{}b.txt", p(&["demo", "work"]), std::path::MAIN_SEPARATOR, std::path::MAIN_SEPARATOR, std::path::MAIN_SEPARATOR),
+        format!(
+            "{}{}..{}x.txt",
+            p(&["demo", "work"]),
+            std::path::MAIN_SEPARATOR,
+            std::path::MAIN_SEPARATOR
+        ),
+        format!(
+            "{}{}a{}..{}b.txt",
+            p(&["demo", "work"]),
+            std::path::MAIN_SEPARATOR,
+            std::path::MAIN_SEPARATOR,
+            std::path::MAIN_SEPARATOR
+        ),
         format!("{}//a.txt", p(&["demo", "work"])),
         "   ".to_string(),
     ];
Diff in /Users/runner/work/Solomni/Solomni/src/tests.rs:2723:
     for b in &bad {
         let err = sb.resolve(b).unwrap_err();
-        assert!(err.contains(&roots_line), "错误要把允许的真实根列全（{}）：{}", b, err);
+        assert!(
+            err.contains(&roots_line),
+            "错误要把允许的真实根列全（{}）：{}",
+            b,
+            err
+        );
     }
 }
 
Diff in /Users/runner/work/Solomni/Solomni/src/tests.rs:2730:
 fn builtin_search_reports_line_numbers_and_respects_case() {
     let io = InMemorySysIo::new();
     let sb = test_sandbox("a1", &[]);
-    io.seed(&["demo", "work", "note.txt"], "第一行 Alpha\n第二行 beta\nalpha 小写\n");
+    io.seed(
+        &["demo", "work", "note.txt"],
+        "第一行 Alpha\n第二行 beta\nalpha 小写\n",
+    );
     let path = s(&["demo", "work", "note.txt"]);
     // 默认区分大小写
-    let out = run_builtin(&sb, &io, "search", &format!("{{\"path\":\"{}\",\"keyword\":\"alpha\"}}", path));
+    let out = run_builtin(
+        &sb,
+        &io,
+        "search",
+        &format!("{{\"path\":\"{}\",\"keyword\":\"alpha\"}}", path),
+    );
     assert!(out.ok, "{}", out.output);
     assert!(out.output.contains("3 | alpha 小写"), "{}", out.output);
-    assert!(!out.output.contains("第一行 Alpha"), "默认区分大小写：{}", out.output);
-    assert!(out.output.contains("命中 1 行 / 全文 3 行"), "{}", out.output);
+    assert!(
+        !out.output.contains("第一行 Alpha"),
+        "默认区分大小写：{}",
+        out.output
+    );
+    assert!(
+        out.output.contains("命中 1 行 / 全文 3 行"),
+        "{}",
+        out.output
+    );
     // ignore_case = true
     let out = run_builtin(
         &sb,
Diff in /Users/runner/work/Solomni/Solomni/src/tests.rs:2744:
         &io,
         "search",
-        &format!("{{\"path\":\"{}\",\"keyword\":\"alpha\",\"ignore_case\":true}}", path),
+        &format!(
+            "{{\"path\":\"{}\",\"keyword\":\"alpha\",\"ignore_case\":true}}",
+            path
+        ),
     );
-    assert!(out.output.contains("1 | 第一行 Alpha") && out.output.contains("3 | alpha 小写"), "{}", out.output);
-    assert!(out.output.contains("命中 2 行 / 全文 3 行"), "{}", out.output);
+    assert!(
+        out.output.contains("1 | 第一行 Alpha") && out.output.contains("3 | alpha 小写"),
+        "{}",
+        out.output
+    );
+    assert!(
+        out.output.contains("命中 2 行 / 全文 3 行"),
+        "{}",
+        out.output
+    );
     // 越界被拒
     let bad = run_builtin(
         &sb,
Diff in /Users/runner/work/Solomni/Solomni/src/tests.rs:2753:
         &io,
         "search",
-        &format!("{{\"path\":\"{}\",\"keyword\":\"x\"}}", s(&["outside", "f.txt"])),
+        &format!(
+            "{{\"path\":\"{}\",\"keyword\":\"x\"}}",
+            s(&["outside", "f.txt"])
+        ),
     );
-    assert!(!bad.ok && bad.output.contains("不在允许的根目录内"), "{}", bad.output);
+    assert!(
+        !bad.ok && bad.output.contains("不在允许的根目录内"),
+        "{}",
+        bad.output
+    );
 }
 
 #[test]
Diff in /Users/runner/work/Solomni/Solomni/src/tests.rs:2761:
 fn agent_system_carries_the_real_roots() {
     // 提示词里给出的根必须是真实绝对路径（模型据此拼路径；外部工具也认它）。
     let mut core = core_with(vec![module_of("a")], gw(BTreeMap::new(), vec!["[]".into()]));
-    let sid = core.create_work(work("w", WorkMode::Single, &["a"])).unwrap().sid;
+    let sid = core
+        .create_work(work("w", WorkMode::Single, &["a"]))
+        .unwrap()
+        .sid;
     let h = core.single_history(&sid).unwrap();
     let system = &h[0].content;
-    assert!(system.contains(&s(&["w", "work"])), "system 要含共享区真实根：{}", system);
-    assert!(system.contains(&s(&["w", "a"])), "system 要含私有沙箱真实根：{}", system);
-    assert!(system.contains(&format!("：{}", s(&["a"]))), "system 要含模块目录真实根：{}", system);
+    assert!(
+        system.contains(&s(&["w", "work"])),
+        "system 要含共享区真实根：{}",
+        system
+    );
+    assert!(
+        system.contains(&s(&["w", "a"])),
+        "system 要含私有沙箱真实根：{}",
+        system
+    );
+    assert!(
+        system.contains(&format!("：{}", s(&["a"]))),
+        "system 要含模块目录真实根：{}",
+        system
+    );
     // 示例必须用真实根拼
     assert!(
         system.contains(&format!("\"path\":\"{}/note.txt\"", s(&["w", "work"]))),
Diff in /Users/runner/work/Solomni/Solomni/src/tests.rs:2774:
         system
     );
     // 护栏：提示词里不得出现任何解析不了的路径写法（模型会照抄它）
-    assert!(!system.contains("work:/") && !system.contains("sandbox:/"), "提示词只该给真实根：{}", system);
+    assert!(
+        !system.contains("work:/") && !system.contains("sandbox:/"),
+        "提示词只该给真实根：{}",
+        system
+    );
 }
 
 #[test]
Diff in /Users/runner/work/Solomni/Solomni/src/tests.rs:2781:
 fn sandboxes_lookup_is_by_agent() {
-    let boxes = crate::core::workspace::Sandboxes { shared: abs(&["w", "work"]), list: vec![test_sandbox("甲", &["a"])] };
+    let boxes = crate::core::workspace::Sandboxes {
+        shared: abs(&["w", "work"]),
+        list: vec![test_sandbox("甲", &["a"])],
+    };
     assert!(boxes.for_agent("甲").is_some(), "按 agent 实例名取沙箱");
     assert!(boxes.for_agent("a").is_none(), "沙箱不再按模块 id 反查");
 }
Diff in /Users/runner/work/Solomni/Solomni/src/tests.rs:2797:
             "{\"type\":\"say\",\"text\":\"已读写完\"}".to_string(),
         ],
     );
-    let mut core = core_with_io(vec![module_of("a")], gw(member, vec!["[]".into()]), Arc::clone(&io));
-    let sid = core.create_work(work("w", WorkMode::Single, &["a"])).unwrap().sid;
+    let mut core = core_with_io(
+        vec![module_of("a")],
+        gw(member, vec!["[]".into()]),
+        Arc::clone(&io),
+    );
+    let sid = core
+        .create_work(work("w", WorkMode::Single, &["a"]))
+        .unwrap()
+        .sid;
     let events = with_live(|l| core.single_say(&sid, "记一笔", l)).unwrap();
     // 落点 = session/<工作名>/<agent 实例名>/（测试里的临时 agent 名取模块名）
     assert_eq!(io.get(&["w", "a", "note.txt"]).as_deref(), Some("你好"));
Diff in /Users/runner/work/Solomni/Solomni/src/tests.rs:2805:
     let tool_lines = tool_line_texts(&events);
-    assert_eq!(tool_lines.len(), 2, "write + read = 两条 tool 行：{:?}", tool_lines);
-    assert!(tool_lines[0].contains("write") && tool_lines[1].contains("read"), "{:?}", tool_lines);
+    assert_eq!(
+        tool_lines.len(),
+        2,
+        "write + read = 两条 tool 行：{:?}",
+        tool_lines
+    );
+    assert!(
+        tool_lines[0].contains("write") && tool_lines[1].contains("read"),
+        "{:?}",
+        tool_lines
+    );
     let h = core.single_history(&sid).unwrap();
     assert!(
-        h.iter().any(|m| m.role == "user" && m.content.contains("[工具结果] read") && m.content.contains("你好")),
+        h.iter().any(|m| m.role == "user"
+            && m.content.contains("[工具结果] read")
+            && m.content.contains("你好")),
         "读回的内容必须回注上下文"
     );
 }
Diff in /Users/runner/work/Solomni/Solomni/src/tests.rs:2817:
     let io = InMemorySysIo::new();
     let sb = test_sandbox("a1", &["data"]);
     let keep = s(&["mods", "data", "keep.txt"]);
-    let out = run_builtin(&sb, &io, "write", &format!("{{\"path\":\"{}\",\"content\":\"状态\"}}", keep));
+    let out = run_builtin(
+        &sb,
+        &io,
+        "write",
+        &format!("{{\"path\":\"{}\",\"content\":\"状态\"}}", keep),
+    );
     assert!(out.ok, "{}", out.output);
-    assert_eq!(io.get(&["mods", "data", "keep.txt"]).as_deref(), Some("状态"));
-    assert!(out.output.contains("模块 data"), "写模块目录要如实提示：{}", out.output);
-    assert!(out.output.contains(crate::core::systool::MODULE_WRITE_MARK), "要有可供轨迹识别的标记：{}", out.output);
+    assert_eq!(
+        io.get(&["mods", "data", "keep.txt"]).as_deref(),
+        Some("状态")
+    );
+    assert!(
+        out.output.contains("模块 data"),
+        "写模块目录要如实提示：{}",
+        out.output
+    );
+    assert!(
+        out.output.contains(crate::core::systool::MODULE_WRITE_MARK),
+        "要有可供轨迹识别的标记：{}",
+        out.output
+    );
     // 越界写入：拒绝且不落盘。
     let other = s(&["mods", "other", "x.txt"]);
-    let bad = run_builtin(&sb, &io, "write", &format!("{{\"path\":\"{}\",\"content\":\"x\"}}", other));
+    let bad = run_builtin(
+        &sb,
+        &io,
+        "write",
+        &format!("{{\"path\":\"{}\",\"content\":\"x\"}}", other),
+    );
     assert!(!bad.ok);
     assert_eq!(io.get(&["mods", "other", "x.txt"]), None);
 }
Diff in /Users/runner/work/Solomni/Solomni/src/tests.rs:2834:
     let io = InMemorySysIo::new();
     let sb = test_sandbox("a1", &[]);
     let note = s(&["demo", "work", "note.txt"]);
-    io.seed(&["demo", "work", "note.txt"], "第一段\n要改的句子\n第三段\n");
+    io.seed(
+        &["demo", "work", "note.txt"],
+        "第一段\n要改的句子\n第三段\n",
+    );
     let mut obs = crate::core::systool::Observations::default();
     let edit = |obs: &mut crate::core::systool::Observations, args: &str| {
         let full = format!("{{\"path\":\"{}\",{}}}", note, args);
Diff in /Users/runner/work/Solomni/Solomni/src/tests.rs:2841:
         crate::core::systool::execute(&sb, &io, obs, "edit", &full)
     };
     // 唯一命中：只改那一处，别处一字不动
-    let ok = edit(&mut obs, "\"old_string\":\"要改的句子\",\"new_string\":\"改好了\"");
+    let ok = edit(
+        &mut obs,
+        "\"old_string\":\"要改的句子\",\"new_string\":\"改好了\"",
+    );
     assert!(ok.ok, "{}", ok.output);
-    assert_eq!(io.get(&["demo", "work", "note.txt"]).as_deref(), Some("第一段\n改好了\n第三段\n"));
+    assert_eq!(
+        io.get(&["demo", "work", "note.txt"]).as_deref(),
+        Some("第一段\n改好了\n第三段\n")
+    );
     assert!(ok.output.contains("替换 1 处"), "{}", ok.output);
     // old == new：什么都不会变，如实拒绝
-    let same = edit(&mut obs, "\"old_string\":\"改好了\",\"new_string\":\"改好了\"");
-    assert!(!same.ok && same.output.contains("什么都不会变"), "{}", same.output);
+    let same = edit(
+        &mut obs,
+        "\"old_string\":\"改好了\",\"new_string\":\"改好了\"",
+    );
+    assert!(
+        !same.ok && same.output.contains("什么都不会变"),
+        "{}",
+        same.output
+    );
     // 找不到：说清没找到，并指出"只差空白"的那一行（模型据此改对缩进）
-    let miss = edit(&mut obs, "\"old_string\":\"   改好了\",\"new_string\":\"x\"");
-    assert!(!miss.ok && miss.output.contains("没找到 old_string"), "{}", miss.output);
-    assert!(miss.output.contains("第 2 行与它只差空白"), "{}", miss.output);
+    let miss = edit(
+        &mut obs,
+        "\"old_string\":\"   改好了\",\"new_string\":\"x\"",
+    );
+    assert!(
+        !miss.ok && miss.output.contains("没找到 old_string"),
+        "{}",
+        miss.output
+    );
+    assert!(
+        miss.output.contains("第 2 行与它只差空白"),
+        "{}",
+        miss.output
+    );
     // 多处命中：列出位置，且绝不写盘
     io.seed(&["demo", "work", "note.txt"], "dup\ndup\n");
     let multi = edit(&mut obs, "\"old_string\":\"dup\",\"new_string\":\"x\"");
Diff in /Users/runner/work/Solomni/Solomni/src/tests.rs:2858:
-    assert!(!multi.ok && multi.output.contains("命中 2 处") && multi.output.contains("第 1、2 行"), "{}", multi.output);
-    assert_eq!(io.get(&["demo", "work", "note.txt"]).as_deref(), Some("dup\ndup\n"), "拒收时绝不写盘");
+    assert!(
+        !multi.ok && multi.output.contains("命中 2 处") && multi.output.contains("第 1、2 行"),
+        "{}",
+        multi.output
+    );
+    assert_eq!(
+        io.get(&["demo", "work", "note.txt"]).as_deref(),
+        Some("dup\ndup\n"),
+        "拒收时绝不写盘"
+    );
     // replace_all：全改
-    let all = edit(&mut obs, "\"old_string\":\"dup\",\"new_string\":\"x\",\"replace_all\":true");
+    let all = edit(
+        &mut obs,
+        "\"old_string\":\"dup\",\"new_string\":\"x\",\"replace_all\":true",
+    );
     assert!(all.ok && all.output.contains("替换 2 处"), "{}", all.output);
-    assert_eq!(io.get(&["demo", "work", "note.txt"]).as_deref(), Some("x\nx\n"));
+    assert_eq!(
+        io.get(&["demo", "work", "note.txt"]).as_deref(),
+        Some("x\nx\n")
+    );
     // new_string 空串 = 把这一段删掉
-    let del = edit(&mut obs, "\"old_string\":\"x\",\"new_string\":\"\",\"replace_all\":true");
+    let del = edit(
+        &mut obs,
+        "\"old_string\":\"x\",\"new_string\":\"\",\"replace_all\":true",
+    );
     assert!(del.ok, "{}", del.output);
-    assert_eq!(io.get(&["demo", "work", "note.txt"]).as_deref(), Some("\n\n"));
+    assert_eq!(
+        io.get(&["demo", "work", "note.txt"]).as_deref(),
+        Some("\n\n")
+    );
 }
 
 #[test]
Diff in /Users/runner/work/Solomni/Solomni/src/tests.rs:2871:
 fn builtin_edit_refuses_files_it_cannot_see_whole() {
     // 只看到开头 / 看到的是替换字符：改写会把没读到的内容或原始字节一起弄丢 → 一律不写盘。
     let note = s(&["demo", "work", "note.txt"]);
-    let args = format!("{{\"path\":\"{}\",\"old_string\":\"a\",\"new_string\":\"b\"}}", note);
+    let args = format!(
+        "{{\"path\":\"{}\",\"old_string\":\"a\",\"new_string\":\"b\"}}",
+        note
+    );
     let sb = test_sandbox("a1", &[]);
     for (io, want) in [
         (InMemorySysIo::new().marked(false, true), "超过单次读取上限"),
Diff in /Users/runner/work/Solomni/Solomni/src/tests.rs:2881:
         let mut obs = crate::core::systool::Observations::default();
         let out = crate::core::systool::execute(&sb, &io, &mut obs, "edit", &args);
         assert!(!out.ok && out.output.contains(want), "{}", out.output);
-        assert_eq!(io.get(&["demo", "work", "note.txt"]).as_deref(), Some("abc"), "拒绝时不写盘");
+        assert_eq!(
+            io.get(&["demo", "work", "note.txt"]).as_deref(),
+            Some("abc"),
+            "拒绝时不写盘"
+        );
     }
 }
 
Diff in /Users/runner/work/Solomni/Solomni/src/tests.rs:2895:
     };
     let mut obs = crate::core::systool::Observations::default();
     // 新建文件：不需要"读过"什么
-    let made = run(&mut obs, "write", format!("{{\"path\":\"{}\",\"content\":\"第一版\"}}", note));
+    let made = run(
+        &mut obs,
+        "write",
+        format!("{{\"path\":\"{}\",\"content\":\"第一版\"}}", note),
+    );
     assert!(made.ok, "{}", made.output);
     // 核心自己写过的文件：账本里有它的内容指纹 → 可以直接再写
-    let again = run(&mut obs, "write", format!("{{\"path\":\"{}\",\"content\":\"第二版\\n还有一行\"}}", note));
+    let again = run(
+        &mut obs,
+        "write",
+        format!(
+            "{{\"path\":\"{}\",\"content\":\"第二版\\n还有一行\"}}",
+            note
+        ),
+    );
     assert!(again.ok, "{}", again.output);
     // 只读到一段 = 证据不足：整份覆盖被拒，并指出改法
     let mut obs2 = crate::core::systool::Observations::default();
Diff in /Users/runner/work/Solomni/Solomni/src/tests.rs:2905:
-    let partial = run(&mut obs2, "read", format!("{{\"path\":\"{}\",\"limit\":1}}", note));
-    assert!(partial.ok && partial.output.contains("共 2 行"), "{}", partial.output);
-    let refused = run(&mut obs2, "write", format!("{{\"path\":\"{}\",\"content\":\"覆盖\"}}", note));
-    assert!(!refused.ok && refused.output.contains("只读到一部分"), "{}", refused.output);
-    assert!(refused.output.contains("edit"), "要给出改法：{}", refused.output);
-    assert_eq!(io.get(&["demo", "work", "note.txt"]).as_deref(), Some("第二版\n还有一行"), "拒收时绝不写盘");
+    let partial = run(
+        &mut obs2,
+        "read",
+        format!("{{\"path\":\"{}\",\"limit\":1}}", note),
+    );
+    assert!(
+        partial.ok && partial.output.contains("共 2 行"),
+        "{}",
+        partial.output
+    );
+    let refused = run(
+        &mut obs2,
+        "write",
+        format!("{{\"path\":\"{}\",\"content\":\"覆盖\"}}", note),
+    );
+    assert!(
+        !refused.ok && refused.output.contains("只读到一部分"),
+        "{}",
+        refused.output
+    );
+    assert!(
+        refused.output.contains("edit"),
+        "要给出改法：{}",
+        refused.output
+    );
+    assert_eq!(
+        io.get(&["demo", "work", "note.txt"]).as_deref(),
+        Some("第二版\n还有一行"),
+        "拒收时绝不写盘"
+    );
     // 完整读过 → 放行
     let full = run(&mut obs2, "read", format!("{{\"path\":\"{}\"}}", note));
-    assert!(full.ok && full.output.contains("已到文件末尾"), "{}", full.output);
-    let ok = run(&mut obs2, "write", format!("{{\"path\":\"{}\",\"content\":\"第三版\"}}", note));
+    assert!(
+        full.ok && full.output.contains("已到文件末尾"),
+        "{}",
+        full.output
+    );
+    let ok = run(
+        &mut obs2,
+        "write",
+        format!("{{\"path\":\"{}\",\"content\":\"第三版\"}}", note),
+    );
     assert!(ok.ok, "{}", ok.output);
     // 读过之后文件被别人改过：指纹不符 → 拒绝凭记忆覆盖
     let mut obs3 = crate::core::systool::Observations::default();
Diff in /Users/runner/work/Solomni/Solomni/src/tests.rs:2918:
     run(&mut obs3, "read", format!("{{\"path\":\"{}\"}}", note));
     io.seed(&["demo", "work", "note.txt"], "别人改过的内容");
-    let stale = run(&mut obs3, "write", format!("{{\"path\":\"{}\",\"content\":\"我的版本\"}}", note));
-    assert!(!stale.ok && stale.output.contains("又被改动过"), "{}", stale.output);
-    assert_eq!(io.get(&["demo", "work", "note.txt"]).as_deref(), Some("别人改过的内容"), "拒不覆盖");
+    let stale = run(
+        &mut obs3,
+        "write",
+        format!("{{\"path\":\"{}\",\"content\":\"我的版本\"}}", note),
+    );
+    assert!(
+        !stale.ok && stale.output.contains("又被改动过"),
+        "{}",
+        stale.output
+    );
+    assert_eq!(
+        io.get(&["demo", "work", "note.txt"]).as_deref(),
+        Some("别人改过的内容"),
+        "拒不覆盖"
+    );
 }
 
 /// 被供应商按长度截断的通道替身：正文照发，但 finish_reason = length。
Diff in /Users/runner/work/Solomni/Solomni/src/tests.rs:2928:
 }
 
 impl Chat for TruncChat {
-    fn complete(&mut self, _m: &[Msg], _opts: CompleteOpts<'_>, _on: &mut dyn FnMut(Chunk) -> bool) -> Completion {
-        let text = if self.script.len() > 1 { self.script.remove(0) } else { self.script.first().cloned().unwrap_or_default() };
-        Completion { raw: text, finish: "length".to_string(), calls: Vec::new() }
+    fn complete(
+        &mut self,
+        _m: &[Msg],
+        _opts: CompleteOpts<'_>,
+        _on: &mut dyn FnMut(Chunk) -> bool,
+    ) -> Completion {
+        let text = if self.script.len() > 1 {
+            self.script.remove(0)
+        } else {
+            self.script.first().cloned().unwrap_or_default()
+        };
+        Completion {
+            raw: text,
+            finish: "length".to_string(),
+            calls: Vec::new(),
+        }
     }
 }
 
Diff in /Users/runner/work/Solomni/Solomni/src/tests.rs:2944:
         Err("脚本替身没有真实供应商，测不了工具调用支持".to_string())
     }
     fn member_channel(&self, _c: Option<&Channel>, _id: &str) -> (BoxedChat, Option<String>) {
-        (Box::new(TruncChat { script: self.script.clone() }), None)
+        (
+            Box::new(TruncChat {
+                script: self.script.clone(),
+            }),
+            None,
+        )
     }
     fn core_channel(&self, _c: Option<&Channel>) -> (BoxedChat, bool) {
-        (Box::new(TruncChat { script: self.script.clone() }), false)
+        (
+            Box::new(TruncChat {
+                script: self.script.clone(),
+            }),
+            false,
+        )
     }
 }
 
Diff in /Users/runner/work/Solomni/Solomni/src/tests.rs:2957:
 }
 
 impl Chat for AbortChat {
-    fn complete(&mut self, _m: &[Msg], _opts: CompleteOpts<'_>, on: &mut dyn FnMut(Chunk) -> bool) -> Completion {
+    fn complete(
+        &mut self,
+        _m: &[Msg],
+        _opts: CompleteOpts<'_>,
+        on: &mut dyn FnMut(Chunk) -> bool,
+    ) -> Completion {
         let _ = on(Chunk::Start);
         Completion::text(self.raw.clone())
     }
Diff in /Users/runner/work/Solomni/Solomni/src/tests.rs:2972:
         Err("脚本替身没有真实供应商，测不了工具调用支持".to_string())
     }
     fn member_channel(&self, _c: Option<&Channel>, _id: &str) -> (BoxedChat, Option<String>) {
-        (Box::new(AbortChat { raw: self.raw.clone() }), None)
+        (
+            Box::new(AbortChat {
+                raw: self.raw.clone(),
+            }),
+            None,
+        )
     }
     fn core_channel(&self, _c: Option<&Channel>) -> (BoxedChat, bool) {
-        (Box::new(AbortChat { raw: self.raw.clone() }), false)
+        (
+            Box::new(AbortChat {
+                raw: self.raw.clone(),
+            }),
+            false,
+        )
     }
 }
 
Diff in /Users/runner/work/Solomni/Solomni/src/tests.rs:2990:
     );
     let io = Arc::new(InMemorySysIo::new());
     // 中止网关：这一轮的通道回调返回 false（调用方要求停止）
-    let mut core = core_with_io_gateway(vec![module_of("a")], AbortGateway { raw }, Arc::clone(&io));
-    let sid = core.create_work(work("w", WorkMode::Single, &["a"])).unwrap().sid;
+    let mut core =
+        core_with_io_gateway(vec![module_of("a")], AbortGateway { raw }, Arc::clone(&io));
+    let sid = core
+        .create_work(work("w", WorkMode::Single, &["a"]))
+        .unwrap()
+        .sid;
     let events = with_live(|l| core.single_say(&sid, "写", l)).unwrap();
     let views = tool_views(&events);
     assert!(!views[0].ok, "被停止的生成不执行工具：{}", views[0].output);
Diff in /Users/runner/work/Solomni/Solomni/src/tests.rs:2998:
-    assert!(views[0].output.contains("还差"), "要如实说清信封没写完：{}", views[0].output);
+    assert!(
+        views[0].output.contains("还差"),
+        "要如实说清信封没写完：{}",
+        views[0].output
+    );
     assert_eq!(io.get(&["w", "a", "note.txt"]), None, "绝不落盘");
 }
 
Diff in /Users/runner/work/Solomni/Solomni/src/tests.rs:3006:
     let broken = "{\"type\":\"tool\",\"name\":\"write\",\"args\":{\"path\":\"a\",\"content\":";
     let mut core = core_with_gateway(
         vec![module_of("a")],
-        TruncGateway { script: vec![broken.to_string(), "{\"type\":\"say\",\"text\":\"知道了\"}".to_string()] },
+        TruncGateway {
+            script: vec![
+                broken.to_string(),
+                "{\"type\":\"say\",\"text\":\"知道了\"}".to_string(),
+            ],
+        },
     );
-    let sid = core.create_work(work("w", WorkMode::Single, &["a"])).unwrap().sid;
+    let sid = core
+        .create_work(work("w", WorkMode::Single, &["a"]))
+        .unwrap()
+        .sid;
     let events = with_live(|l| core.single_say(&sid, "写", l)).unwrap();
     let views = tool_views(&events);
     assert!(!views[0].ok);
Diff in /Users/runner/work/Solomni/Solomni/src/tests.rs:3015:
-    assert!(views[0].output.contains("被供应商按输出长度截断"), "{}", views[0].output);
-    assert!(views[0].output.contains("还差"), "还差什么也要说：{}", views[0].output);
+    assert!(
+        views[0].output.contains("被供应商按输出长度截断"),
+        "{}",
+        views[0].output
+    );
+    assert!(
+        views[0].output.contains("还差"),
+        "还差什么也要说：{}",
+        views[0].output
+    );
 
     // 纯文本轮被截断：行尾如实标注（与"已停止"同一套做法），模型与用户都看得到
-    let mut core2 = core_with_gateway(vec![module_of("a")], TruncGateway { script: vec!["半句话".to_string()] });
-    let sid2 = core2.create_work(work("w", WorkMode::Single, &["a"])).unwrap().sid;
+    let mut core2 = core_with_gateway(
+        vec![module_of("a")],
+        TruncGateway {
+            script: vec!["半句话".to_string()],
+        },
+    );
+    let sid2 = core2
+        .create_work(work("w", WorkMode::Single, &["a"]))
+        .unwrap()
+        .sid;
     let events2 = with_live(|l| core2.single_say(&sid2, "说", l)).unwrap();
     let rows = transcript_rows(&events2);
     assert!(
Diff in /Users/runner/work/Solomni/Solomni/src/tests.rs:3024:
-        rows.iter().any(|r| r.1.contains("半句话") && r.1.contains("（本段被输出长度截断）")),
+        rows.iter()
+            .any(|r| r.1.contains("半句话") && r.1.contains("（本段被输出长度截断）")),
         "{:?}",
         rows
     );
Diff in /Users/runner/work/Solomni/Solomni/src/tests.rs:3037:
         Ok(self.outcome.lock().expect("锁").clone())
     }
     fn member_channel(&self, _c: Option<&Channel>, _id: &str) -> (BoxedChat, Option<String>) {
-        (scripted(vec!["{\"type\":\"say\",\"text\":\"收到\"}".to_string()]), None)
+        (
+            scripted(vec!["{\"type\":\"say\",\"text\":\"收到\"}".to_string()]),
+            None,
+        )
     }
     fn core_channel(&self, _c: Option<&Channel>) -> (BoxedChat, bool) {
         (scripted(vec!["[]".to_string()]), true)
Diff in /Users/runner/work/Solomni/Solomni/src/tests.rs:3048:
 fn a_probe_writes_back_only_conclusive_results() {
     use crate::core::providers::{ProbeOutcome, ToolMode};
     let fresh = |outcome: ProbeOutcome| {
-        let mut core = core_with_gateway(vec![], ProbeGateway { outcome: Arc::new(Mutex::new(outcome)) });
-        core.provider_upsert("p", "http://x", "k").expect("登记供应商");
-        core.model_upsert("m", "M", "api-m", "p", "").expect("登记模型");
+        let mut core = core_with_gateway(
+            vec![],
+            ProbeGateway {
+                outcome: Arc::new(Mutex::new(outcome)),
+            },
+        );
+        core.provider_upsert("p", "http://x", "k")
+            .expect("登记供应商");
+        core.model_upsert("m", "M", "api-m", "p", "")
+            .expect("登记模型");
         core
     };
-    let mode_of = |core: &Core| core.model_views().iter().find(|v| v.id == "m").map(|v| v.tools);
+    let mode_of = |core: &Core| {
+        core.model_views()
+            .iter()
+            .find(|v| v.id == "m")
+            .map(|v| v.tools)
+    };
 
     // 支持 → 写回 native
-    let mut core = fresh(ProbeOutcome::Supported { detail: "真的调了".to_string() });
-    assert_eq!(mode_of(&core), Some(ToolMode::Envelope), "探测前是缺省 envelope");
-    assert!(matches!(core.probe_model_tools("m"), Ok(ProbeOutcome::Supported { .. })));
+    let mut core = fresh(ProbeOutcome::Supported {
+        detail: "真的调了".to_string(),
+    });
+    assert_eq!(
+        mode_of(&core),
+        Some(ToolMode::Envelope),
+        "探测前是缺省 envelope"
+    );
+    assert!(matches!(
+        core.probe_model_tools("m"),
+        Ok(ProbeOutcome::Supported { .. })
+    ));
     assert_eq!(mode_of(&core), Some(ToolMode::Native), "支持就写回 native");
 
     // 明确不支持 → 写回 envelope
Diff in /Users/runner/work/Solomni/Solomni/src/tests.rs:3065:
-    let mut core = fresh(ProbeOutcome::Unsupported { detail: "供应商说 tools 不认识".to_string() });
-    assert!(matches!(core.probe_model_tools("m"), Ok(ProbeOutcome::Unsupported { .. })));
-    assert_eq!(mode_of(&core), Some(ToolMode::Envelope), "不支持就老实回到信封");
+    let mut core = fresh(ProbeOutcome::Unsupported {
+        detail: "供应商说 tools 不认识".to_string(),
+    });
+    assert!(matches!(
+        core.probe_model_tools("m"),
+        Ok(ProbeOutcome::Unsupported { .. })
+    ));
+    assert_eq!(
+        mode_of(&core),
+        Some(ToolMode::Envelope),
+        "不支持就老实回到信封"
+    );
 
     // 无法判定 → 不改（不替用户拍板），但事实照样报回去
-    let mut core = fresh(ProbeOutcome::Unknown { detail: "没发起调用".to_string() });
-    assert!(matches!(core.probe_model_tools("m"), Ok(ProbeOutcome::Unknown { .. })));
-    assert_eq!(mode_of(&core), Some(ToolMode::Envelope), "没法定论就不动登记处");
+    let mut core = fresh(ProbeOutcome::Unknown {
+        detail: "没发起调用".to_string(),
+    });
+    assert!(matches!(
+        core.probe_model_tools("m"),
+        Ok(ProbeOutcome::Unknown { .. })
+    ));
+    assert_eq!(
+        mode_of(&core),
+        Some(ToolMode::Envelope),
+        "没法定论就不动登记处"
+    );
 
     // 无此模型 → 如实报错
     assert!(core.probe_model_tools("ghost").is_err());
Diff in /Users/runner/work/Solomni/Solomni/src/tests.rs:3095:
 }
 
 impl Chat for NativeChat {
-    fn complete(&mut self, messages: &[Msg], opts: CompleteOpts<'_>, _on: &mut dyn FnMut(Chunk) -> bool) -> Completion {
+    fn complete(
+        &mut self,
+        messages: &[Msg],
+        opts: CompleteOpts<'_>,
+        _on: &mut dyn FnMut(Chunk) -> bool,
+    ) -> Completion {
         self.seen.lock().expect("锁").push(messages.to_vec());
         let decls: Vec<(String, serde_json::Value)> = opts
             .tools
Diff in /Users/runner/work/Solomni/Solomni/src/tests.rs:3102:
-            .map(|ts| ts.iter().map(|d| (d.name.clone(), d.parameters.clone())).collect())
+            .map(|ts| {
+                ts.iter()
+                    .map(|d| (d.name.clone(), d.parameters.clone()))
+                    .collect()
+            })
             .unwrap_or_default();
         self.declared.lock().expect("锁").push(decls);
         if self.steps.is_empty() {
Diff in /Users/runner/work/Solomni/Solomni/src/tests.rs:3124:
     declared: DeclLog,
     seen: SeenLog,
 ) -> Member {
-    let chat: BoxedChat = Box::new(NativeChat { steps, declared, seen });
+    let chat: BoxedChat = Box::new(NativeChat {
+        steps,
+        declared,
+        seen,
+    });
     let mut m = Member::new(id, "职责".to_string(), chat);
     let mut modules = BTreeMap::new();
     modules.insert(
Diff in /Users/runner/work/Solomni/Solomni/src/tests.rs:3185:
     );
     let prompts = test_prompts();
     let exec = crate::core::engine::Execution::run(std::slice::from_mut(&mut m), "任务", &prompts);
-    assert_eq!(exec.reports.get("a").map(|s| s.as_str()), Some("读完了"), "两个调用跑完后回到文本轮");
+    assert_eq!(
+        exec.reports.get("a").map(|s| s.as_str()),
+        Some("读完了"),
+        "两个调用跑完后回到文本轮"
+    );
 
     // ① 声明真的发出去了：内置五个工具一个不少；patch 的参数契约是 body（不是信封里的 args）
     let decls = declared.lock().expect("锁");
Diff in /Users/runner/work/Solomni/Solomni/src/tests.rs:3194:
     for want in ["read", "write", "edit", "patch", "search"] {
         assert!(names.contains(&want), "没声明 {}：{:?}", want, names);
     }
-    let patch = first.iter().find(|(n, _)| n == "patch").expect("patch 的声明").1.clone();
-    assert_eq!(patch["required"], serde_json::json!(["body"]), "patch 在原生通道上用 body 承载补丁正文");
+    let patch = first
+        .iter()
+        .find(|(n, _)| n == "patch")
+        .expect("patch 的声明")
+        .1
+        .clone();
+    assert_eq!(
+        patch["required"],
+        serde_json::json!(["body"]),
+        "patch 在原生通道上用 body 承载补丁正文"
+    );
     assert_eq!(patch["additionalProperties"], serde_json::json!(false));
     // read 的声明来自 prompts.yaml 的声明（含 path 必填）
-    let read = first.iter().find(|(n, _)| n == "read").expect("read 的声明").1.clone();
+    let read = first
+        .iter()
+        .find(|(n, _)| n == "read")
+        .expect("read 的声明")
+        .1
+        .clone();
     assert_eq!(read["required"], serde_json::json!(["path"]));
 
     // ② 两个调用各成一条工具行，结果按原顺序回填
Diff in /Users/runner/work/Solomni/Solomni/src/tests.rs:3205:
     let trace = exec.traces.get("a").expect("工具调用应入册");
-    assert_eq!(trace.len(), 2, "一次两个调用 = 两条工具行：{:?}", trace.iter().map(|v| &v.name).collect::<Vec<_>>());
-    assert!(trace[0].ok && trace[0].name == "read" && trace[0].output.contains("第一行"), "{:?}", trace[0]);
-    assert!(trace[1].ok && trace[1].name == "search" && trace[1].output.contains("2 | 第二行"), "{:?}", trace[1]);
+    assert_eq!(
+        trace.len(),
+        2,
+        "一次两个调用 = 两条工具行：{:?}",
+        trace.iter().map(|v| &v.name).collect::<Vec<_>>()
+    );
+    assert!(
+        trace[0].ok && trace[0].name == "read" && trace[0].output.contains("第一行"),
+        "{:?}",
+        trace[0]
+    );
+    assert!(
+        trace[1].ok && trace[1].name == "search" && trace[1].output.contains("2 | 第二行"),
+        "{:?}",
+        trace[1]
+    );
 
     // ③ 第二轮请求里：**一条**助手消息带两个 tool_calls，后面跟两条 role=tool（协议形状）
     let msgs = seen.lock().expect("锁");
Diff in /Users/runner/work/Solomni/Solomni/src/tests.rs:3215:
         with_calls.len(),
         1,
         "一次回复只推一条助手消息（多个调用都挂在它上面）：{:?}",
-        second.iter().map(|m| (m.role.clone(), m.tool_calls.len())).collect::<Vec<_>>()
+        second
+            .iter()
+            .map(|m| (m.role.clone(), m.tool_calls.len()))
+            .collect::<Vec<_>>()
     );
     let calls = &with_calls[0].tool_calls;
     assert_eq!(calls.len(), 2, "两个调用都挂在这条助手消息上");
Diff in /Users/runner/work/Solomni/Solomni/src/tests.rs:3225:
     assert_eq!(calls[1].id, "c2");
     assert_eq!(calls[1].name, "search");
     let results: Vec<&Msg> = second.iter().filter(|m| m.role == "tool").collect();
-    assert_eq!(results.len(), 2, "每条调用一条 role=tool 的结果：{:?}", second);
-    assert_eq!(results[0].tool_call_id, "c1", "结果靠 tool_call_id 回应它的调用");
+    assert_eq!(
+        results.len(),
+        2,
+        "每条调用一条 role=tool 的结果：{:?}",
+        second
+    );
+    assert_eq!(
+        results[0].tool_call_id, "c1",
+        "结果靠 tool_call_id 回应它的调用"
+    );
     assert_eq!(results[1].tool_call_id, "c2");
     assert!(
         results[0].content.contains("[工具结果] read") && results[0].content.contains("第一行"),
Diff in /Users/runner/work/Solomni/Solomni/src/tests.rs:3233:
         "{:?}",
         results[0]
     );
-    assert!(results[1].content.contains("2 | 第二行"), "{:?}", results[1]);
+    assert!(
+        results[1].content.contains("2 | 第二行"),
+        "{:?}",
+        results[1]
+    );
 }
 
 #[test]
Diff in /Users/runner/work/Solomni/Solomni/src/tests.rs:3247:
     let mut m = native_member(
         "a",
         Arc::clone(&io),
-        vec![NativeStep::Text(envelope), NativeStep::Text("{\"type\":\"say\",\"text\":\"知道了\"}".to_string())],
+        vec![
+            NativeStep::Text(envelope),
+            NativeStep::Text("{\"type\":\"say\",\"text\":\"知道了\"}".to_string()),
+        ],
         Arc::new(Mutex::new(Vec::new())),
         Arc::new(Mutex::new(Vec::new())),
     );
Diff in /Users/runner/work/Solomni/Solomni/src/tests.rs:3256:
     let trace = exec.traces.get("a").expect("应记一条失败的工具行");
     assert_eq!(trace.len(), 1);
     assert!(!trace[0].ok, "原生模式下信封不执行");
-    assert_eq!(trace[0].output, prompts.core.tool_texts.native_no_envelope, "要如实说清本通道用原生调用");
+    assert_eq!(
+        trace[0].output, prompts.core.tool_texts.native_no_envelope,
+        "要如实说清本通道用原生调用"
+    );
     assert_eq!(io.get(&["demo", "work", "out.md"]), None, "绝不落盘");
 }
 
Diff in /Users/runner/work/Solomni/Solomni/src/tests.rs:3290:
     let prompts = test_prompts();
     let exec = crate::core::engine::Execution::run(std::slice::from_mut(&mut m), "任务", &prompts);
     let peak = io.peak_concurrent_reads();
-    assert!(peak >= 2, "册子声明 parallel 的读取要真的并发（峰值 {}）", peak);
+    assert!(
+        peak >= 2,
+        "册子声明 parallel 的读取要真的并发（峰值 {}）",
+        peak
+    );
     let trace = exec.traces.get("a").expect("两条工具行");
     assert_eq!(trace.len(), 2);
     assert!(
Diff in /Users/runner/work/Solomni/Solomni/src/tests.rs:3297:
         trace[0].output.contains("A1") && trace[1].output.contains("B1"),
         "结果按原始调用顺序回填（慢的那个也排在前面）：{:?}",
-        trace.iter().map(|v| v.output.chars().take(20).collect::<String>()).collect::<Vec<_>>()
+        trace
+            .iter()
+            .map(|v| v.output.chars().take(20).collect::<String>())
+            .collect::<Vec<_>>()
     );
 }
 
Diff in /Users/runner/work/Solomni/Solomni/src/tests.rs:3338:
         "写入类排在并发批次之后，且能看到合并后的账本：{}",
         trace[1].output
     );
-    assert_eq!(io.get(&["demo", "work", "a.txt"]).as_deref(), Some("新内容\n"));
     assert_eq!(
+        io.get(&["demo", "work", "a.txt"]).as_deref(),
+        Some("新内容\n")
+    );
+    assert_eq!(
         io.peak_concurrent_reads(),
         1,
         "写入类是屏障：它绝不与只读批次重叠"
Diff in /Users/runner/work/Solomni/Solomni/src/tests.rs:3351:
 fn module_tools_are_concurrent_only_when_declared() {
     use crate::core::ports::ToolCall;
     /// 原生形态 + 模块 m0 声明外部工具 grep（线上名 m0_grep）；parallel 决定它是否可并发。
-    fn grep_member(
-        runner: Arc<dyn ToolRunner + Send + Sync>,
-        parallel: bool,
-    ) -> Member {
+    fn grep_member(runner: Arc<dyn ToolRunner + Send + Sync>, parallel: bool) -> Member {
         let steps = vec![
             NativeStep::Calls(vec![
                 ToolCall {
Diff in /Users/runner/work/Solomni/Solomni/src/tests.rs:3379:
         );
         let t = m.tools.as_mut().expect("工具环境");
         let mt = t.modules.get_mut("m0").expect("模块");
-        mt.commands.insert("grep".to_string(), "python tools/grep.py".to_string());
+        mt.commands
+            .insert("grep".to_string(), "python tools/grep.py".to_string());
         if parallel {
             mt.parallel.insert("grep".to_string());
         }
Diff in /Users/runner/work/Solomni/Solomni/src/tests.rs:3389:
     let prompts = test_prompts();
     // ① 声明 parallel：两个调用真的并发
     let runner = Arc::new(ParallelRunner::new(40));
-    let mut m = grep_member(Arc::clone(&runner) as Arc<dyn ToolRunner + Send + Sync>, true);
+    let mut m = grep_member(
+        Arc::clone(&runner) as Arc<dyn ToolRunner + Send + Sync>,
+        true,
+    );
     let exec = crate::core::engine::Execution::run(std::slice::from_mut(&mut m), "任务", &prompts);
     let peak = runner.peak_concurrent();
-    assert!(peak >= 2, "声明 parallel 的模块工具要真的并发（峰值 {}）", peak);
+    assert!(
+        peak >= 2,
+        "声明 parallel 的模块工具要真的并发（峰值 {}）",
+        peak
+    );
     assert_eq!(exec.traces.get("a").map(|t| t.len()), Some(2));
     // ② 没声明：同样两个调用逐个跑
     let runner = Arc::new(ParallelRunner::new(5));
Diff in /Users/runner/work/Solomni/Solomni/src/tests.rs:3399:
-    let mut m = grep_member(Arc::clone(&runner) as Arc<dyn ToolRunner + Send + Sync>, false);
+    let mut m = grep_member(
+        Arc::clone(&runner) as Arc<dyn ToolRunner + Send + Sync>,
+        false,
+    );
     let _ = crate::core::engine::Execution::run(std::slice::from_mut(&mut m), "任务", &prompts);
     assert_eq!(
         runner.peak_concurrent(),
Diff in /Users/runner/work/Solomni/Solomni/src/tests.rs:3410:
 fn changing_the_declared_mode_takes_effect_on_the_next_generation() {
     use crate::core::providers::ProbeOutcome;
     // 一开始登记处说"不支持原生"：会话按手写信封装配（系统提示也就教信封）
-    let outcome = Arc::new(Mutex::new(ProbeOutcome::Unsupported { detail: "先不支持".to_string() }));
-    let mut core = core_with_gateway(vec![module_of("a")], ProbeGateway { outcome: Arc::clone(&outcome) });
-    core.provider_upsert("p", "http://x", "k").expect("登记供应商");
-    core.model_upsert("m", "M", "api-m", "p", "").expect("登记模型");
+    let outcome = Arc::new(Mutex::new(ProbeOutcome::Unsupported {
+        detail: "先不支持".to_string(),
+    }));
+    let mut core = core_with_gateway(
+        vec![module_of("a")],
+        ProbeGateway {
+            outcome: Arc::clone(&outcome),
+        },
+    );
+    core.provider_upsert("p", "http://x", "k")
+        .expect("登记供应商");
+    core.model_upsert("m", "M", "api-m", "p", "")
+        .expect("登记模型");
     let sid = core
         .create_work(WorkSpec {
             name: "w".to_string(),
Diff in /Users/runner/work/Solomni/Solomni/src/tests.rs:3445:
         notes(&e1)
     );
     // ② 用户改了登记处（探测确认支持）→ 下一次生成前重新解析、就地刷新、如实通知
-    *outcome.lock().expect("锁") = ProbeOutcome::Supported { detail: "支持".to_string() };
+    *outcome.lock().expect("锁") = ProbeOutcome::Supported {
+        detail: "支持".to_string(),
+    };
     core.probe_model_tools("m").expect("探测");
     let e2 = with_live(|l| core.single_say(&sid, "再问", l)).expect("发言");
     assert!(
Diff in /Users/runner/work/Solomni/Solomni/src/tests.rs:3475:
     let io = Arc::new(InMemorySysIo::new());
     io.seed(&["w", "m0", "note.txt"], "旧的第一行\n第二行\n");
     let mut member = BTreeMap::new();
-    member.insert("m0".to_string(), vec![raw, "{\"type\":\"say\",\"text\":\"改好了\"}".to_string()]);
-    let mut core = core_with_io_gateway(vec![module_of("m0")], gw(member, vec!["[]".into()]), Arc::clone(&io));
-    let sid = core.create_work(work("w", WorkMode::Single, &["m0"])).unwrap().sid;
+    member.insert(
+        "m0".to_string(),
+        vec![raw, "{\"type\":\"say\",\"text\":\"改好了\"}".to_string()],
+    );
+    let mut core = core_with_io_gateway(
+        vec![module_of("m0")],
+        gw(member, vec!["[]".into()]),
+        Arc::clone(&io),
+    );
+    let sid = core
+        .create_work(work("w", WorkMode::Single, &["m0"]))
+        .unwrap()
+        .sid;
     let events = with_live(|l| core.single_say(&sid, "改一下", l)).unwrap();
     let views = tool_views(&events);
     assert!(views[0].ok, "两块都该成功：{}", views[0].output);
Diff in /Users/runner/work/Solomni/Solomni/src/tests.rs:3484:
-    assert!(views[0].output.contains("已应用 2 块改动"), "{}", views[0].output);
+    assert!(
+        views[0].output.contains("已应用 2 块改动"),
+        "{}",
+        views[0].output
+    );
     // 补丁正文不上屏：它是工具输入，不是 AI 发言（自由格式工具只显示信封之前那段）
     let rows = transcript_rows(&events);
     assert!(
Diff in /Users/runner/work/Solomni/Solomni/src/tests.rs:3517:
     let io = Arc::new(InMemorySysIo::new());
     io.seed(&["w", "m0", "b.txt"], "只有这一行\n");
     let mut member = BTreeMap::new();
-    member.insert("m0".to_string(), vec![raw, "{\"type\":\"say\",\"text\":\"知道了\"}".to_string()]);
-    let mut core = core_with_io_gateway(vec![module_of("m0")], gw(member, vec!["[]".into()]), Arc::clone(&io));
-    let sid = core.create_work(work("w", WorkMode::Single, &["m0"])).unwrap().sid;
+    member.insert(
+        "m0".to_string(),
+        vec![raw, "{\"type\":\"say\",\"text\":\"知道了\"}".to_string()],
+    );
+    let mut core = core_with_io_gateway(
+        vec![module_of("m0")],
+        gw(member, vec!["[]".into()]),
+        Arc::clone(&io),
+    );
+    let sid = core
+        .create_work(work("w", WorkMode::Single, &["m0"]))
+        .unwrap()
+        .sid;
     let events = with_live(|l| core.single_say(&sid, "改两处", l)).unwrap();
     let views = tool_views(&events);
     assert!(!views[0].ok, "{}", views[0].output);
Diff in /Users/runner/work/Solomni/Solomni/src/tests.rs:3526:
     assert!(views[0].output.contains("第 2 块"), "{}", views[0].output);
-    assert!(views[0].output.contains("没有任何文件被写入"), "{}", views[0].output);
+    assert!(
+        views[0].output.contains("没有任何文件被写入"),
+        "{}",
+        views[0].output
+    );
     assert!(views[0].output.contains("找不到"), "{}", views[0].output);
-    assert_eq!(io.get(&["w", "m0", "a.txt"]), None, "第 1 块也不许写盘（原子）");
-    assert_eq!(io.get(&["w", "m0", "b.txt"]).as_deref(), Some("只有这一行\n"), "没改");
+    assert_eq!(
+        io.get(&["w", "m0", "a.txt"]),
+        None,
+        "第 1 块也不许写盘（原子）"
+    );
+    assert_eq!(
+        io.get(&["w", "m0", "b.txt"]).as_deref(),
+        Some("只有这一行\n"),
+        "没改"
+    );
 }
 
 #[test]
Diff in /Users/runner/work/Solomni/Solomni/src/tests.rs:3540:
     );
     let io = Arc::new(InMemorySysIo::new());
     let mut member = BTreeMap::new();
-    member.insert("m0".to_string(), vec![raw, "{\"type\":\"say\",\"text\":\"知道了\"}".to_string()]);
-    let mut core = core_with_io_gateway(vec![module_of("m0")], gw(member, vec!["[]".into()]), Arc::clone(&io));
-    let sid = core.create_work(work("w", WorkMode::Single, &["m0"])).unwrap().sid;
+    member.insert(
+        "m0".to_string(),
+        vec![raw, "{\"type\":\"say\",\"text\":\"知道了\"}".to_string()],
+    );
+    let mut core = core_with_io_gateway(
+        vec![module_of("m0")],
+        gw(member, vec!["[]".into()]),
+        Arc::clone(&io),
+    );
+    let sid = core
+        .create_work(work("w", WorkMode::Single, &["m0"]))
+        .unwrap()
+        .sid;
     let events = with_live(|l| core.single_say(&sid, "加个文件", l)).unwrap();
     let views = tool_views(&events);
-    assert!(!views[0].ok && views[0].output.contains("*** End File"), "{}", views[0].output);
+    assert!(
+        !views[0].ok && views[0].output.contains("*** End File"),
+        "{}",
+        views[0].output
+    );
     assert_eq!(io.get(&["w", "m0", "out.md"]), None, "绝不落盘");
 }
 
Diff in /Users/runner/work/Solomni/Solomni/src/tests.rs:3560:
     );
     let io = Arc::new(InMemorySysIo::new());
     let mut member = BTreeMap::new();
-    member.insert("m0".to_string(), vec![raw, "{\"type\":\"say\",\"text\":\"知道了\"}".to_string()]);
-    let mut core = core_with_io_gateway(vec![module_of("m0")], gw(member, vec!["[]".into()]), Arc::clone(&io));
-    let sid = core.create_work(work("w", WorkMode::Single, &["m0"])).unwrap().sid;
+    member.insert(
+        "m0".to_string(),
+        vec![raw, "{\"type\":\"say\",\"text\":\"知道了\"}".to_string()],
+    );
+    let mut core = core_with_io_gateway(
+        vec![module_of("m0")],
+        gw(member, vec!["[]".into()]),
+        Arc::clone(&io),
+    );
+    let sid = core
+        .create_work(work("w", WorkMode::Single, &["m0"]))
+        .unwrap()
+        .sid;
     let events = with_live(|l| core.single_say(&sid, "打补丁", l)).unwrap();
     let views = tool_views(&events);
     assert!(!views[0].ok, "{}", views[0].output);
Diff in /Users/runner/work/Solomni/Solomni/src/tests.rs:3569:
-    assert!(views[0].output.contains("还差"), "要报信封本身没写完：{}", views[0].output);
-    assert!(!views[0].output.contains("信封修复"), "自由格式不做信封修复：{}", views[0].output);
+    assert!(
+        views[0].output.contains("还差"),
+        "要报信封本身没写完：{}",
+        views[0].output
+    );
+    assert!(
+        !views[0].output.contains("信封修复"),
+        "自由格式不做信封修复：{}",
+        views[0].output
+    );
     assert_eq!(io.get(&["w", "m0", "out.md"]), None, "绝不落盘");
 }
 
Diff in /Users/runner/work/Solomni/Solomni/src/tests.rs:3576:
     // 回档把转录截掉了：那段"我完整读过 / 我写过"的证据随之作废（保守，宁肯让模型重读）。
     let io = Arc::new(InMemorySysIo::new());
     let note = s(&["w", "a", "note.txt"]);
-    let write = format!("{{\"type\":\"tool\",\"name\":\"write\",\"args\":{{\"path\":\"{}\",\"content\":\"v1\"}}}}", note);
+    let write = format!(
+        "{{\"type\":\"tool\",\"name\":\"write\",\"args\":{{\"path\":\"{}\",\"content\":\"v1\"}}}}",
+        note
+    );
     let mut member = BTreeMap::new();
     member.insert(
         "a".to_string(),
Diff in /Users/runner/work/Solomni/Solomni/src/tests.rs:3587:
             "{\"type\":\"say\",\"text\":\"又写了一次\"}".to_string(),
         ],
     );
-    let mut core = core_with_io(vec![module_of("a")], gw(member, vec!["[]".into()]), Arc::clone(&io));
-    let sid = core.create_work(work("w", WorkMode::Single, &["a"])).unwrap().sid;
+    let mut core = core_with_io(
+        vec![module_of("a")],
+        gw(member, vec!["[]".into()]),
+        Arc::clone(&io),
+    );
+    let sid = core
+        .create_work(work("w", WorkMode::Single, &["a"]))
+        .unwrap()
+        .sid;
     // 第一轮：新建，放行
     let e1 = with_live(|l| core.single_say(&sid, "写", l)).unwrap();
     let v1 = tool_views(&e1);
Diff in /Users/runner/work/Solomni/Solomni/src/tests.rs:3599:
     let e2 = with_live(|l| core.single_say(&sid, "再写", l)).unwrap();
     let v2 = tool_views(&e2);
     assert!(!v2[0].ok, "回档后旧的读取证据不再算数：{}", v2[0].output);
-    assert!(v2[0].output.contains("必须在本次会话里先"), "{}", v2[0].output);
-    assert_eq!(io.get(&["w", "a", "note.txt"]).as_deref(), Some("v1"), "拒不覆盖");
+    assert!(
+        v2[0].output.contains("必须在本次会话里先"),
+        "{}",
+        v2[0].output
+    );
+    assert_eq!(
+        io.get(&["w", "a", "note.txt"]).as_deref(),
+        Some("v1"),
+        "拒不覆盖"
+    );
 }
 
 #[test]
Diff in /Users/runner/work/Solomni/Solomni/src/tests.rs:3611:
     let note = s(&["demo", "work", "note.txt"]);
     let ok = run_builtin(&sb, &io, "read", &format!("{{\"path\":\"{}\"}}", note));
     assert!(ok.ok && ok.output.contains("内容"), "{}", ok.output);
-    assert!(ok.output.contains(&note), "回执要写明读的是哪个文件：{}", ok.output);
-    let missing = run_builtin(&sb, &io, "read", &format!("{{\"path\":\"{}\"}}", s(&["demo", "work", "nope.txt"])));
+    assert!(
+        ok.output.contains(&note),
+        "回执要写明读的是哪个文件：{}",
+        ok.output
+    );
+    let missing = run_builtin(
+        &sb,
+        &io,
+        "read",
+        &format!("{{\"path\":\"{}\"}}", s(&["demo", "work", "nope.txt"])),
+    );
     assert!(!missing.ok);
     assert!(missing.output.contains("不存在"), "{}", missing.output);
     // 参数不合法 = 如实报错，不猜用户想干什么。
Diff in /Users/runner/work/Solomni/Solomni/src/tests.rs:3620:
     assert!(!run_builtin(&sb, &io, "read", "{}").ok);
     // 非绝对路径一律拒绝（相对路径、带冒号前缀的伪路径都落在这里）。
     let rel = run_builtin(&sb, &io, "read", "{\"path\":\"nope.txt\"}");
-    assert!(!rel.ok && rel.output.contains("需要绝对路径"), "{}", rel.output);
+    assert!(
+        !rel.ok && rel.output.contains("需要绝对路径"),
+        "{}",
+        rel.output
+    );
     let fake = run_builtin(&sb, &io, "read", "{\"path\":\"work:/nope.txt\"}");
-    assert!(!fake.ok && fake.output.contains("需要绝对路径"), "{}", fake.output);
+    assert!(
+        !fake.ok && fake.output.contains("需要绝对路径"),
+        "{}",
+        fake.output
+    );
 }
 
 #[test]
Diff in /Users/runner/work/Solomni/Solomni/src/tests.rs:3631:
     let sb = test_sandbox("a1", &[]);
     io.seed(&["demo", "work", "note.txt"], "l1\nl2\nl3\nl4\nl5\n");
     let note = s(&["demo", "work", "note.txt"]);
-    let read = |args: &str| run_builtin(&sb, &io, "read", &format!("{{\"path\":\"{}\",{}}}", note, args));
+    let read = |args: &str| {
+        run_builtin(
+            &sb,
+            &io,
+            "read",
+            &format!("{{\"path\":\"{}\",{}}}", note, args),
+        )
+    };
     // 整读：行号从 1 数起，末尾如实说共几行
     let all = read("\"offset\":1");
     assert!(all.ok, "{}", all.output);
Diff in /Users/runner/work/Solomni/Solomni/src/tests.rs:3638:
-    assert!(all.output.contains("1: l1") && all.output.contains("5: l5"), "{}", all.output);
-    assert!(all.output.contains("已到文件末尾，共 5 行"), "{}", all.output);
+    assert!(
+        all.output.contains("1: l1") && all.output.contains("5: l5"),
+        "{}",
+        all.output
+    );
+    assert!(
+        all.output.contains("已到文件末尾，共 5 行"),
+        "{}",
+        all.output
+    );
     // 区间读：只给这一段，并给出接着读的 offset
     let mid = read("\"offset\":2,\"limit\":2");
-    assert!(mid.output.contains("2: l2") && mid.output.contains("3: l3"), "{}", mid.output);
-    assert!(!mid.output.contains("1: l1") && !mid.output.contains("4: l4"), "不该越出请求的区间：{}", mid.output);
-    assert!(mid.output.contains("已显示第 2-3 行，共 5 行；继续读用 offset=4"), "{}", mid.output);
+    assert!(
+        mid.output.contains("2: l2") && mid.output.contains("3: l3"),
+        "{}",
+        mid.output
+    );
+    assert!(
+        !mid.output.contains("1: l1") && !mid.output.contains("4: l4"),
+        "不该越出请求的区间：{}",
+        mid.output
+    );
+    assert!(
+        mid.output
+            .contains("已显示第 2-3 行，共 5 行；继续读用 offset=4"),
+        "{}",
+        mid.output
+    );
     // 末尾区间：到文件末尾
     let last = read("\"offset\":5,\"limit\":2");
-    assert!(last.output.contains("5: l5") && last.output.contains("已到文件末尾，共 5 行"), "{}", last.output);
+    assert!(
+        last.output.contains("5: l5") && last.output.contains("已到文件末尾，共 5 行"),
+        "{}",
+        last.output
+    );
     // 越过末行：不是错误，如实说总行数
     let past = read("\"offset\":9");
     assert!(past.ok, "越过末行要如实告知而不是报错：{}", past.output);
Diff in /Users/runner/work/Solomni/Solomni/src/tests.rs:3651:
-    assert!(past.output.contains("超出末行：该文件共 5 行"), "{}", past.output);
+    assert!(
+        past.output.contains("超出末行：该文件共 5 行"),
+        "{}",
+        past.output
+    );
 }
 
 #[test]
Diff in /Users/runner/work/Solomni/Solomni/src/tests.rs:3660:
     let run = |tool: &str, args: &str| run_builtin(&sb, &io, tool, args);
     // 上界由声明给出（不再是代码里的手写判断）
     let big = run("read", &format!("{{\"path\":\"{}\",\"limit\":3000}}", note));
-    assert!(!big.ok && big.output.contains("参数 limit 不能大于 2000"), "{}", big.output);
-    assert!(big.output.contains("read\n读取文本文件（UTF-8）。"), "失败要把工具签名发回去：{}", big.output);
-    assert!(big.output.contains("- limit（integer，缺省 2000，不小于 1，不大于 2000）"), "{}", big.output);
+    assert!(
+        !big.ok && big.output.contains("参数 limit 不能大于 2000"),
+        "{}",
+        big.output
+    );
+    assert!(
+        big.output.contains("read\n读取文本文件（UTF-8）。"),
+        "失败要把工具签名发回去：{}",
+        big.output
+    );
+    assert!(
+        big.output
+            .contains("- limit（integer，缺省 2000，不小于 1，不大于 2000）"),
+        "{}",
+        big.output
+    );
     let small = run("read", &format!("{{\"path\":\"{}\",\"offset\":0}}", note));
-    assert!(!small.ok && small.output.contains("参数 offset 不能小于 1"), "{}", small.output);
+    assert!(
+        !small.ok && small.output.contains("参数 offset 不能小于 1"),
+        "{}",
+        small.output
+    );
     let wrong = run("read", &format!("{{\"path\":{}}}", 1));
-    assert!(!wrong.ok && wrong.output.contains("参数 path 需要 string"), "{}", wrong.output);
-    let unknown = run("read", &format!("{{\"path\":\"{}\",\"encoding\":\"utf8\"}}", note));
-    assert!(!unknown.ok && unknown.output.contains("没有参数 encoding"), "{}", unknown.output);
+    assert!(
+        !wrong.ok && wrong.output.contains("参数 path 需要 string"),
+        "{}",
+        wrong.output
+    );
+    let unknown = run(
+        "read",
+        &format!("{{\"path\":\"{}\",\"encoding\":\"utf8\"}}", note),
+    );
+    assert!(
+        !unknown.ok && unknown.output.contains("没有参数 encoding"),
+        "{}",
+        unknown.output
+    );
     let missing = run("write", &format!("{{\"path\":\"{}\"}}", note));
-    assert!(!missing.ok && missing.output.contains("缺少必填参数 content"), "{}", missing.output);
-    let empty = run("search", &format!("{{\"path\":\"{}\",\"keyword\":\"\"}}", note));
-    assert!(!empty.ok && empty.output.contains("参数 keyword 不能是空字符串"), "{}", empty.output);
+    assert!(
+        !missing.ok && missing.output.contains("缺少必填参数 content"),
+        "{}",
+        missing.output
+    );
+    let empty = run(
+        "search",
+        &format!("{{\"path\":\"{}\",\"keyword\":\"\"}}", note),
+    );
+    assert!(
+        !empty.ok && empty.output.contains("参数 keyword 不能是空字符串"),
+        "{}",
+        empty.output
+    );
     let not_object = run("read", "\"just a string\"");
-    assert!(!not_object.ok && not_object.output.contains("args 必须是一个参数对象"), "{}", not_object.output);
+    assert!(
+        !not_object.ok && not_object.output.contains("args 必须是一个参数对象"),
+        "{}",
+        not_object.output
+    );
     let nope = run("nope", "{}");
-    assert!(!nope.ok && nope.output.contains("未知的内置工具：nope"), "{}", nope.output);
+    assert!(
+        !nope.ok && nope.output.contains("未知的内置工具：nope"),
+        "{}",
+        nope.output
+    );
 }
 
 #[test]
Diff in /Users/runner/work/Solomni/Solomni/src/tests.rs:3692:
     // 内置工具一律按真实绝对路径寻址：JSON 工具必须声明必填 path；自由格式工具（patch）不吃参数校验。
     for (name, schema) in book {
         if crate::core::systool::is_freeform(name) {
-            assert!(schema.params.is_none(), "自由格式工具不声明 JSON 参数：{}", name);
+            assert!(
+                schema.params.is_none(),
+                "自由格式工具不声明 JSON 参数：{}",
+                name
+            );
             continue;
         }
         let path = schema.params.as_ref().and_then(|p| p.get("path"));
Diff in /Users/runner/work/Solomni/Solomni/src/tests.rs:3699:
-        assert!(path.map(|p| p.required).unwrap_or(false), "{} 必须声明必填 path", name);
+        assert!(
+            path.map(|p| p.required).unwrap_or(false),
+            "{} 必须声明必填 path",
+            name
+        );
     }
     // 模型侧说明来自同一份声明
     let sb = test_sandbox("a1", &[]);
Diff in /Users/runner/work/Solomni/Solomni/src/tests.rs:3703:
     let guide = crate::core::systool::guide(&prompts, &sb);
     assert!(guide.contains("【工具参数】"), "{}", guide);
-    assert!(guide.contains("- offset（integer，缺省 1，不小于 1）"), "{}", guide);
-    assert!(guide.contains("- ignore_case（boolean）：是否忽略大小写；省略即区分大小写"), "{}", guide);
+    assert!(
+        guide.contains("- offset（integer，缺省 1，不小于 1）"),
+        "{}",
+        guide
+    );
+    assert!(
+        guide.contains("- ignore_case（boolean）：是否忽略大小写；省略即区分大小写"),
+        "{}",
+        guide
+    );
     // patch 的写法说明也进系统提示（自由格式：正文不走 JSON）
     assert!(guide.contains("【改文件：用 patch"), "{}", guide);
-    assert!(guide.contains("*** End File"), "每块要收尾这件事必须写清楚：{}", guide);
+    assert!(
+        guide.contains("*** End File"),
+        "每块要收尾这件事必须写清楚：{}",
+        guide
+    );
 }
 
 #[test]
Diff in /Users/runner/work/Solomni/Solomni/src/tests.rs:3713:
 fn core_collab_tool_modules_run_in_execution() {
-    let runner = Arc::new(RecordingRunner { calls: Mutex::new(Vec::new()), out: "  1 | 内容".into(), ok: true });
+    let runner = Arc::new(RecordingRunner {
+        calls: Mutex::new(Vec::new()),
+        out: "  1 | 内容".into(),
+        ok: true,
+    });
     let mut member = BTreeMap::new();
     // 脚本排布：讨论开场 say → 讨论 step agree（收敛）→ 执行阶段 TOOL_CALL → 最终回报。
-    member.insert("a".to_string(), vec![
-        "{\"type\":\"say\",\"text\":\"建议直接做\"}".to_string(),
-        "{\"type\":\"agree\",\"text\":\"同意\"}".to_string(),
-        TOOL_CALL.to_string(),
-        "{\"type\":\"say\",\"text\":\"执行完毕，见依据\"}".to_string(),
-    ]);
+    member.insert(
+        "a".to_string(),
+        vec![
+            "{\"type\":\"say\",\"text\":\"建议直接做\"}".to_string(),
+            "{\"type\":\"agree\",\"text\":\"同意\"}".to_string(),
+            TOOL_CALL.to_string(),
+            "{\"type\":\"say\",\"text\":\"执行完毕，见依据\"}".to_string(),
+        ],
+    );
     let mut mod_a = module_of("a");
     let mut manifest_tools = BTreeMap::new();
     manifest_tools.insert("grep".to_string(), decl("python tools/grep.py"));
Diff in /Users/runner/work/Solomni/Solomni/src/tests.rs:3727:
     // 核心脚本：整理（方案）→ 验收（全过）。
     let mut core = core_with_runner(
         vec![mod_a],
-        gw(member, vec![
-            "{\"type\":\"say\",\"text\":\"方案：查证后回报\"}".into(),
-            "[{\"item\":\"查证\",\"status\":\"pass\"}]".into(),
-        ]),
+        gw(
+            member,
+            vec![
+                "{\"type\":\"say\",\"text\":\"方案：查证后回报\"}".into(),
+                "[{\"item\":\"查证\",\"status\":\"pass\"}]".into(),
+            ],
+        ),
         Arc::clone(&runner),
     );
-    let opened = core.create_work(collab_work("w", &["a"], false, "任务")).unwrap();
+    let opened = core
+        .create_work(collab_work("w", &["a"], false, "任务"))
+        .unwrap();
     let sid = opened.sid;
     let mut events = opened.events;
     events.extend(core.collab_continue(&sid, CollabStep::Begin, "").unwrap());
Diff in /Users/runner/work/Solomni/Solomni/src/tests.rs:3743:
             if ls.iter().any(|l| l.tool.is_some() && l.line.contains("[a:tool]") && l.line.contains("成功")))),
         "执行阶段的工具调用应发 tool 转录行",
     );
-    assert!(events.iter().any(|e| matches!(e, SessionEvent::Delivery { ok: true, .. })), "验收应通过");
+    assert!(
+        events
+            .iter()
+            .any(|e| matches!(e, SessionEvent::Delivery { ok: true, .. })),
+        "验收应通过"
+    );
     assert_eq!(runner.calls.lock().expect("锁").len(), 1);
 }
 // ---------- 运行包：契约、包库、诊断、执行计划 ----------
Diff in /Users/runner/work/Solomni/Solomni/src/tests.rs:3751:
 #[test]
 fn package_manifest_check_rejects_illegal_forms() {
     let check = crate::core::packages::check_manifest;
-    assert!(check(&pkg("python", "3.12.4")).is_ok(), "prefix 类默认 kind");
-    assert!(check(&pkg_yaml("id: Python\nversion: 1\nprefix: opt/p")).is_err(), "id 只允许小写");
-    assert!(check(&pkg_yaml("id: py\nversion: 1\nkind: magic\nprefix: opt/p")).is_err(), "kind 只认 prefix / system");
-    assert!(check(&pkg_yaml("id: py\nversion: 1")).is_err(), "prefix 类必须给 prefix");
-    assert!(check(&pkg_yaml("id: py\nversion: 1\nprefix: opt/../etc")).is_err(), "前缀不能含 ..");
-    assert!(check(&pkg_yaml("id: py\nversion: 1\nprefix: opt\\\\rt")).is_err(), "前缀用 / 书写形式");
-    assert!(check(&pkg_yaml("id: cc\nversion: 1\nkind: system")).is_err(), "system 类必须给 provides_paths");
-    assert!(check(&pkg_yaml("id: cc\nversion: 1\nkind: system\nprovides_paths: [usr/include]")).is_ok());
-    assert!(check(&pkg_yaml("id: a\nversion: 1\nprefix: opt/a\nrequires: [a]")).is_err(), "requires 不能依赖自己");
+    assert!(
+        check(&pkg("python", "3.12.4")).is_ok(),
+        "prefix 类默认 kind"
+    );
+    assert!(
+        check(&pkg_yaml("id: Python\nversion: 1\nprefix: opt/p")).is_err(),
+        "id 只允许小写"
+    );
+    assert!(
+        check(&pkg_yaml("id: py\nversion: 1\nkind: magic\nprefix: opt/p")).is_err(),
+        "kind 只认 prefix / system"
+    );
+    assert!(
+        check(&pkg_yaml("id: py\nversion: 1")).is_err(),
+        "prefix 类必须给 prefix"
+    );
+    assert!(
+        check(&pkg_yaml("id: py\nversion: 1\nprefix: opt/../etc")).is_err(),
+        "前缀不能含 .."
+    );
+    assert!(
+        check(&pkg_yaml("id: py\nversion: 1\nprefix: opt\\\\rt")).is_err(),
+        "前缀用 / 书写形式"
+    );
+    assert!(
+        check(&pkg_yaml("id: cc\nversion: 1\nkind: system")).is_err(),
+        "system 类必须给 provides_paths"
+    );
+    assert!(check(&pkg_yaml(
+        "id: cc\nversion: 1\nkind: system\nprovides_paths: [usr/include]"
+    ))
+    .is_ok());
+    assert!(
+        check(&pkg_yaml("id: a\nversion: 1\nprefix: opt/a\nrequires: [a]")).is_err(),
+        "requires 不能依赖自己"
+    );
 }
 
 #[test]
Diff in /Users/runner/work/Solomni/Solomni/src/tests.rs:3768:
     m.manifest.runtimes = vec!["python".to_string(), "cc".to_string()];
     assert!(crate::core::module::check_runtimes(&m.manifest).is_ok());
     m.manifest.runtimes = vec!["Python".to_string()];
-    assert!(crate::core::module::check_runtimes(&m.manifest).is_err(), "大写不合法");
+    assert!(
+        crate::core::module::check_runtimes(&m.manifest).is_err(),
+        "大写不合法"
+    );
     m.manifest.runtimes = vec!["python".to_string(), "python".to_string()];
-    assert!(crate::core::module::check_runtimes(&m.manifest).unwrap_err().contains("重复"), "重复声明要拒收");
+    assert!(
+        crate::core::module::check_runtimes(&m.manifest)
+            .unwrap_err()
+            .contains("重复"),
+        "重复声明要拒收"
+    );
 }
 
 #[test]
Diff in /Users/runner/work/Solomni/Solomni/src/tests.rs:3777:
 fn module_tools_may_not_take_builtin_names() {
     let mut m = module_of("a");
-    m.manifest.tools.insert("read_txt".to_string(), decl("python tools/read_txt.py"));
-    assert!(crate::core::module::check_tools(&m.manifest).is_ok(), "普通工具名可用");
+    m.manifest
+        .tools
+        .insert("read_txt".to_string(), decl("python tools/read_txt.py"));
+    assert!(
+        crate::core::module::check_tools(&m.manifest).is_ok(),
+        "普通工具名可用"
+    );
     for name in ["read", "write", "search"] {
-        m.manifest.tools.insert(name.to_string(), decl("python tools/x.py"));
+        m.manifest
+            .tools
+            .insert(name.to_string(), decl("python tools/x.py"));
         let why = crate::core::module::check_tools(&m.manifest).unwrap_err();
         assert!(why.contains("保留名"), "内置工具名要拒收：{}", why);
         m.manifest.tools.remove(name);
Diff in /Users/runner/work/Solomni/Solomni/src/tests.rs:3789:
 #[test]
 fn library_keeps_versions_and_rejects_duplicates() {
     let lib = Library::build(
-        vec![pkg("python", "3.12.4"), pkg("python", "3.11.9"), pkg("python", "3.12.4"), pkg_yaml("id: bad\nversion: 1")],
+        vec![
+            pkg("python", "3.12.4"),
+            pkg("python", "3.11.9"),
+            pkg("python", "3.12.4"),
+            pkg_yaml("id: bad\nversion: 1"),
+        ],
         vec!["x：package.yaml 非法".to_string()],
     );
-    let versions: Vec<&str> = lib.versions_of("python").iter().map(|p| p.version.as_str()).collect();
-    assert_eq!(versions, vec!["3.11.9", "3.12.4"], "同 (id, version) 只收一份，版本升序");
-    assert!(lib.rejected.iter().any(|r| r.contains("只收先出现的那份")), "{:?}", lib.rejected);
-    assert!(lib.rejected.iter().any(|r| r.contains("prefix")), "非法清单要说明原因：{:?}", lib.rejected);
-    assert!(lib.rejected.iter().any(|r| r.contains("package.yaml 非法")), "适配层拒收原因也要留：{:?}", lib.rejected);
+    let versions: Vec<&str> = lib
+        .versions_of("python")
+        .iter()
+        .map(|p| p.version.as_str())
+        .collect();
+    assert_eq!(
+        versions,
+        vec!["3.11.9", "3.12.4"],
+        "同 (id, version) 只收一份，版本升序"
+    );
+    assert!(
+        lib.rejected.iter().any(|r| r.contains("只收先出现的那份")),
+        "{:?}",
+        lib.rejected
+    );
+    assert!(
+        lib.rejected.iter().any(|r| r.contains("prefix")),
+        "非法清单要说明原因：{:?}",
+        lib.rejected
+    );
+    assert!(
+        lib.rejected.iter().any(|r| r.contains("package.yaml 非法")),
+        "适配层拒收原因也要留：{:?}",
+        lib.rejected
+    );
     let caps = lib.capability_versions();
     assert_eq!(caps.get("python").map(|v| v.len()), Some(2));
 }
Diff in /Users/runner/work/Solomni/Solomni/src/tests.rs:3815:
     let got = crate::core::packages::conflicts(&refs);
     assert_eq!(got.len(), 1, "只有那对写进同一处的包冲突：{:?}", got);
     assert_eq!(got[0].0, "usr/lib");
-    assert!(got[0].1.contains("a@1") && got[0].2.contains("b@1"), "{:?}", got);
+    assert!(
+        got[0].1.contains("a@1") && got[0].2.contains("b@1"),
+        "{:?}",
+        got
+    );
 }
 
 /// 虚拟机档选型：基础根 + 不联网（定版留空 = 让库自己决定；多版本时报歧义）。
Diff in /Users/runner/work/Solomni/Solomni/src/tests.rs:3822:
 fn vm_spec() -> ExecSpec {
-    ExecSpec { tier: Tier::Vm, base: Some("base-linux".to_string()), pins: BTreeMap::new(), net: false }
+    ExecSpec {
+        tier: Tier::Vm,
+        base: Some("base-linux".to_string()),
+        pins: BTreeMap::new(),
+        net: false,
+    }
 }
 
 #[test]
Diff in /Users/runner/work/Solomni/Solomni/src/tests.rs:3833:
     assert!(plan.base.is_none());
     assert!(!plan.net, "默认不放行出站网络");
     let summary = exec::plan_summary(&plan);
-    assert!(summary.contains("本机") && summary.contains("不放行"), "{}", summary);
+    assert!(
+        summary.contains("本机") && summary.contains("不放行"),
+        "{}",
+        summary
+    );
 }
 
 #[test]
Diff in /Users/runner/work/Solomni/Solomni/src/tests.rs:3843:
     let spec = vm_spec();
     assert_eq!(
         exec::vm_diagnoses(&modules, &empty, &spec),
-        vec![Diagnosis::Missing { module: "a".to_string(), capability: "python".to_string() }]
+        vec![Diagnosis::Missing {
+            module: "a".to_string(),
+            capability: "python".to_string()
+        }]
     );
     let un = exec::unavailable(&spec, &modules, &empty);
-    assert_eq!(un.get("a"), Some(&vec!["python".to_string()]), "虚拟机档缺包 = 该模块工具不可用");
-    assert!(exec::unavailable(&ExecSpec::default(), &modules, &empty).is_empty(), "本机档一律可用");
+    assert_eq!(
+        un.get("a"),
+        Some(&vec!["python".to_string()]),
+        "虚拟机档缺包 = 该模块工具不可用"
+    );
+    assert!(
+        exec::unavailable(&ExecSpec::default(), &modules, &empty).is_empty(),
+        "本机档一律可用"
+    );
     // 缺包不拦会话：计划里没有可装载的包，那一步的降级由 unavailable 收口。
     let partial = exec::plan(&spec, &modules, &empty).expect("缺包不该拦会话");
     assert!(partial.packages.is_empty());
Diff in /Users/runner/work/Solomni/Solomni/src/tests.rs:3854:
     let said = exec::diagnose_text(&exec::vm_diagnoses(&modules, &empty, &spec));
-    assert!(said.contains("runtimes/"), "缺包的说法要告诉用户把包放哪：{}", said);
+    assert!(
+        said.contains("runtimes/"),
+        "缺包的说法要告诉用户把包放哪：{}",
+        said
+    );
     // 多版本且未定版 = 不替用户选
-    let two = Library::build(vec![pkg("python", "3.12.4"), pkg("python", "3.11.9")], Vec::new());
-    assert!(exec::vm_diagnoses(&modules, &two, &spec).iter().any(|d| matches!(d, Diagnosis::Ambiguous { .. })));
+    let two = Library::build(
+        vec![pkg("python", "3.12.4"), pkg("python", "3.11.9")],
+        Vec::new(),
+    );
+    assert!(exec::vm_diagnoses(&modules, &two, &spec)
+        .iter()
+        .any(|d| matches!(d, Diagnosis::Ambiguous { .. })));
     // 定版指定的版本不在库里 = 如实报
-    let bad = ExecSpec { pins: BTreeMap::from([("python".to_string(), "9.9".to_string())]), ..vm_spec() };
-    assert!(exec::vm_diagnoses(&modules, &two, &bad).iter().any(|d| matches!(d, Diagnosis::UnknownPin { .. })));
+    let bad = ExecSpec {
+        pins: BTreeMap::from([("python".to_string(), "9.9".to_string())]),
+        ..vm_spec()
+    };
+    assert!(exec::vm_diagnoses(&modules, &two, &bad)
+        .iter()
+        .any(|d| matches!(d, Diagnosis::UnknownPin { .. })));
     // 多版本未定版 = 选型不成立：派生计划如实拒绝（这是用户要解决的选型问题，不是"缺包"）
     let refused = exec::plan(&spec, &modules, &two).unwrap_err();
-    assert!(exec::diagnose_text(&refused).contains("多个版本"), "{}", exec::diagnose_text(&refused));
+    assert!(
+        exec::diagnose_text(&refused).contains("多个版本"),
+        "{}",
+        exec::diagnose_text(&refused)
+    );
     // 定版之后可以成立
-    let ok = ExecSpec { pins: BTreeMap::from([("python".to_string(), "3.12.4".to_string())]), ..vm_spec() };
+    let ok = ExecSpec {
+        pins: BTreeMap::from([("python".to_string(), "3.12.4".to_string())]),
+        ..vm_spec()
+    };
     assert!(exec::vm_diagnoses(&modules, &two, &ok).is_empty());
     assert_eq!(exec::plan(&ok, &modules, &two).unwrap().packages.len(), 1);
 }
Diff in /Users/runner/work/Solomni/Solomni/src/tests.rs:3881:
     let modules = vec![module_with_runtimes("a", &["python", "cc"])];
     let plan = exec::plan(&vm_spec(), &modules, &lib).expect("虚拟机档可成立");
     let ids: Vec<&str> = plan.packages.iter().map(|p| p.id.as_str()).collect();
-    assert_eq!(ids, vec!["binutils", "python", "cc"], "先独立前缀，后写进系统路径的包；包的 requires 走闭包");
+    assert_eq!(
+        ids,
+        vec!["binutils", "python", "cc"],
+        "先独立前缀，后写进系统路径的包；包的 requires 走闭包"
+    );
     assert_eq!(plan.packages[0].version, "2.42", "计划里是定版后的精确版本");
-    assert_eq!(plan.packages[0].prefix, "opt/rt/binutils2.42", "独立前缀随计划走（装配按它挂载）");
+    assert_eq!(
+        plan.packages[0].prefix, "opt/rt/binutils2.42",
+        "独立前缀随计划走（装配按它挂载）"
+    );
     assert_eq!(plan.packages[2].kind, "system", "写进系统路径的包排在最后");
     assert_eq!(plan.base.as_deref(), Some("base-linux"));
     assert!(!plan.net, "默认不放行出站网络");
Diff in /Users/runner/work/Solomni/Solomni/src/tests.rs:3891:
 
 #[test]
 fn diagnose_text_spells_out_every_reason() {
-    let missing = exec::diagnose_text(&[Diagnosis::Missing { module: "a".to_string(), capability: "python".to_string() }]);
-    assert!(missing.contains("模块 a") && missing.contains("python") && missing.contains("runtimes/"), "{}", missing);
+    let missing = exec::diagnose_text(&[Diagnosis::Missing {
+        module: "a".to_string(),
+        capability: "python".to_string(),
+    }]);
+    assert!(
+        missing.contains("模块 a") && missing.contains("python") && missing.contains("runtimes/"),
+        "{}",
+        missing
+    );
     let ambiguous = exec::diagnose_text(&[Diagnosis::Ambiguous {
         capability: "python".to_string(),
         versions: vec!["3.11.9".to_string(), "3.12.4".to_string()],
Diff in /Users/runner/work/Solomni/Solomni/src/tests.rs:3899:
     }]);
-    assert!(ambiguous.contains("多个版本") && ambiguous.contains("3.12.4"), "{}", ambiguous);
-    let bad = exec::diagnose_text(&[Diagnosis::UnknownPin { capability: "python".to_string(), version: "9.9".to_string() }]);
+    assert!(
+        ambiguous.contains("多个版本") && ambiguous.contains("3.12.4"),
+        "{}",
+        ambiguous
+    );
+    let bad = exec::diagnose_text(&[Diagnosis::UnknownPin {
+        capability: "python".to_string(),
+        version: "9.9".to_string(),
+    }]);
     assert!(bad.contains("定版 9.9"), "{}", bad);
     let clash = exec::diagnose_text(&[Diagnosis::Conflict {
         path: "usr/lib".to_string(),
Diff in /Users/runner/work/Solomni/Solomni/src/tests.rs:3905:
         a: "a@1".to_string(),
         b: "b@1".to_string(),
     }]);
-    assert!(clash.contains("usr/lib") && clash.contains("a@1") && clash.contains("b@1"), "{}", clash);
+    assert!(
+        clash.contains("usr/lib") && clash.contains("a@1") && clash.contains("b@1"),
+        "{}",
+        clash
+    );
 }
 
 #[test]
Diff in /Users/runner/work/Solomni/Solomni/src/tests.rs:3921:
             pkgs,
         )
     };
-    let core = cores(Arc::new(InMemoryPackages::empty()), vec![module_with_runtimes("a", &["python"])]);
+    let core = cores(
+        Arc::new(InMemoryPackages::empty()),
+        vec![module_with_runtimes("a", &["python"])],
+    );
     let host = core.runtime_report(Tier::Host);
     assert_eq!(host.tier, "host");
     assert_eq!(host.declared.get("a"), Some(&vec!["python".to_string()]));
Diff in /Users/runner/work/Solomni/Solomni/src/tests.rs:3928:
-    assert_eq!(host.missing.get("a"), Some(&vec!["python".to_string()]), "档位无关的事实照实报");
+    assert_eq!(
+        host.missing.get("a"),
+        Some(&vec!["python".to_string()]),
+        "档位无关的事实照实报"
+    );
     assert!(host.available.is_empty());
     assert!(host.diagnoses.is_empty(), "本机档不做虚拟机档诊断");
     assert_eq!(core.runtime_report(Tier::Vm).diagnoses.len(), 1);
Diff in /Users/runner/work/Solomni/Solomni/src/tests.rs:3932:
     // 包库里有包 = 缺失消失、诊断清空
     let with_pkg = cores(
-        Arc::new(InMemoryPackages::with(&["id: python\nversion: 3.12.4\nprefix: opt/rt/python3.12"])),
+        Arc::new(InMemoryPackages::with(&[
+            "id: python\nversion: 3.12.4\nprefix: opt/rt/python3.12",
+        ])),
         vec![module_with_runtimes("a", &["python"])],
     );
     let r = with_pkg.runtime_report(Tier::Vm);
Diff in /Users/runner/work/Solomni/Solomni/src/tests.rs:3944:
 fn module_without_runtime_is_denied_with_reason() {
     // 虚拟机档 + 空包库：模块声明的运行包没装载 → 工具不落进程，回执如实说缺哪个能力。
     let mut member = BTreeMap::new();
-    member.insert("a".to_string(), vec![TOOL_CALL.into(), "{\"type\":\"say\",\"text\":\"改用内置工具\"}".into()]);
+    member.insert(
+        "a".to_string(),
+        vec![
+            TOOL_CALL.into(),
+            "{\"type\":\"say\",\"text\":\"改用内置工具\"}".into(),
+        ],
+    );
     let mut mod_a = module_with_runtimes("a", &["python"]);
-    mod_a.manifest.tools.insert("grep".to_string(), decl("python tools/grep.py"));
-    let runner = Arc::new(RecordingRunner { calls: Mutex::new(Vec::new()), out: "ok".into(), ok: true });
+    mod_a
+        .manifest
+        .tools
+        .insert("grep".to_string(), decl("python tools/grep.py"));
+    let runner = Arc::new(RecordingRunner {
+        calls: Mutex::new(Vec::new()),
+        out: "ok".into(),
+        ok: true,
+    });
     let mut core = Core::new(
         Arc::new(InMemorySettings::with_tier(Tier::Vm)),
         Arc::new(InMemoryHistory::new()),
Diff in /Users/runner/work/Solomni/Solomni/src/tests.rs:3964:
         Arc::new(crate::core::ports::NoopLog),
     )
     .expect("内存装配不应失败");
-    let sid = core.create_work(work("w", WorkMode::Single, &["a"])).unwrap().sid;
+    let sid = core
+        .create_work(work("w", WorkMode::Single, &["a"]))
+        .unwrap()
+        .sid;
     let events = with_live(|l| core.single_say(&sid, "干活", l)).unwrap();
-    assert!(runner.calls.lock().expect("锁").is_empty(), "缺运行包时不落进程");
+    assert!(
+        runner.calls.lock().expect("锁").is_empty(),
+        "缺运行包时不落进程"
+    );
     let texts = test_prompts().core.tool_texts;
     let expect = texts.render(
         &texts.module_unavailable,
Diff in /Users/runner/work/Solomni/Solomni/src/tests.rs:3973:
-        &[("module", "a".to_string()), ("capability", "python".to_string())],
+        &[
+            ("module", "a".to_string()),
+            ("capability", "python".to_string()),
+        ],
     );
     let feedback = core
         .single_history(&sid)
Diff in /Users/runner/work/Solomni/Solomni/src/tests.rs:3981:
         .unwrap_or_default();
     assert!(feedback.contains(&expect), "回执要用册子文案：{}", feedback);
     let lines = tool_line_texts(&events);
-    assert!(lines.iter().any(|l| l.contains("grep") && l.contains("失败")), "失败也要发 tool 行：{:?}", lines);
+    assert!(
+        lines
+            .iter()
+            .any(|l| l.contains("grep") && l.contains("失败")),
+        "失败也要发 tool 行：{:?}",
+        lines
+    );
     // 同一个模块在本机档照旧执行（本机档不装载运行包）。
     let mut member2 = BTreeMap::new();
-    member2.insert("a".to_string(), vec![TOOL_CALL.into(), "{\"type\":\"say\",\"text\":\"跑完了\"}".into()]);
+    member2.insert(
+        "a".to_string(),
+        vec![
+            TOOL_CALL.into(),
+            "{\"type\":\"say\",\"text\":\"跑完了\"}".into(),
+        ],
+    );
     let mut mod_b = module_with_runtimes("a", &["python"]);
-    mod_b.manifest.tools.insert("grep".to_string(), decl("python tools/grep.py"));
-    let runner2 = Arc::new(RecordingRunner { calls: Mutex::new(Vec::new()), out: "ok".into(), ok: true });
-    let mut core2 = core_with_runner(vec![mod_b], gw(member2, vec!["[]".into()]), Arc::clone(&runner2));
-    let sid2 = core2.create_work(work("w2", WorkMode::Single, &["a"])).unwrap().sid;
+    mod_b
+        .manifest
+        .tools
+        .insert("grep".to_string(), decl("python tools/grep.py"));
+    let runner2 = Arc::new(RecordingRunner {
+        calls: Mutex::new(Vec::new()),
+        out: "ok".into(),
+        ok: true,
+    });
+    let mut core2 = core_with_runner(
+        vec![mod_b],
+        gw(member2, vec!["[]".into()]),
+        Arc::clone(&runner2),
+    );
+    let sid2 = core2
+        .create_work(work("w2", WorkMode::Single, &["a"]))
+        .unwrap()
+        .sid;
     with_live(|l| core2.single_say(&sid2, "干活", l)).unwrap();
-    assert_eq!(runner2.calls.lock().expect("锁").len(), 1, "本机档不受包库影响");
+    assert_eq!(
+        runner2.calls.lock().expect("锁").len(),
+        1,
+        "本机档不受包库影响"
+    );
 }
 
-
 // ---------- 配置视图：读、改、冻结 ----------
 
 /// 造一条 agent 名单记录。
Diff in /Users/runner/work/Solomni/Solomni/src/tests.rs:4008:
 }
 
 /// 直接把一份 meta 放进内存历史（模拟"重启后从盘上读回该会话"）。
-fn seed_session(hist: &Arc<InMemoryHistory>, name: &str, mode: &str, agents: Vec<AgentMeta>, exec: ExecSpec) {
+fn seed_session(
+    hist: &Arc<InMemoryHistory>,
+    name: &str,
+    mode: &str,
+    agents: Vec<AgentMeta>,
+    exec: ExecSpec,
+) {
     hist.create(&SessionMeta {
         name: name.to_string(),
         mode: mode.to_string(),
Diff in /Users/runner/work/Solomni/Solomni/src/tests.rs:4043:
 #[test]
 fn session_config_reports_tier_missing_and_runtimes_dir() {
     let hist = Arc::new(InMemoryHistory::new());
-    seed_session(&hist, "w", "single", vec![agent_meta("a", &["a"], Some("m"))], ExecSpec { tier: Tier::Vm, ..Default::default() });
+    seed_session(
+        &hist,
+        "w",
+        "single",
+        vec![agent_meta("a", &["a"], Some("m"))],
+        ExecSpec {
+            tier: Tier::Vm,
+            ..Default::default()
+        },
+    );
     let core = core_with_pkgs(
         vec![module_with_runtimes("a", &["python"])],
         gw(BTreeMap::new(), vec!["[]".into()]),
Diff in /Users/runner/work/Solomni/Solomni/src/tests.rs:4059:
     assert!(!cfg.started, "没有内容的会话 = 还没开过");
     assert_eq!(cfg.tier, "vm");
     assert_eq!(cfg.agents[0].model, "m");
-    assert_eq!(cfg.runtime.missing.get("a"), Some(&vec!["python".to_string()]));
-    assert!(cfg.runtimes_dir.ends_with("/runtimes"), "{}", cfg.runtimes_dir);
+    assert_eq!(
+        cfg.runtime.missing.get("a"),
+        Some(&vec!["python".to_string()])
+    );
+    assert!(
+        cfg.runtimes_dir.ends_with("/runtimes"),
+        "{}",
+        cfg.runtimes_dir
+    );
     assert!(core.session_config("没有这个会话").is_err());
 }
 
Diff in /Users/runner/work/Solomni/Solomni/src/tests.rs:4068:
 fn edit_session_writes_meta_appends_config_record_and_rebuilds() {
     let hist = Arc::new(InMemoryHistory::new());
     let mut a = module_of("a");
-    a.manifest.tools.insert("grep".to_string(), decl("python tools/grep.py"));
+    a.manifest
+        .tools
+        .insert("grep".to_string(), decl("python tools/grep.py"));
     let mut core = core_with_pkgs(
         vec![a, module_of("b")],
         gw(BTreeMap::new(), vec!["[]".into()]),
Diff in /Users/runner/work/Solomni/Solomni/src/tests.rs:4078:
         Arc::new(InMemorySysIo::new()),
         Arc::new(InMemoryPackages::empty()),
     );
-    let sid = core.create_work(work("w", WorkMode::Single, &["a"])).unwrap().sid;
+    let sid = core
+        .create_work(work("w", WorkMode::Single, &["a"]))
+        .unwrap()
+        .sid;
     assert!(
         !core.session_config(&sid).unwrap().started,
         "单 agent 会话在用户开口之前还没内容：名字仍改得动"
Diff in /Users/runner/work/Solomni/Solomni/src/tests.rs:4087:
     core.edit_session(
         &sid,
         SessionEdit {
-            agents: vec![ConfigAgent { name: "a".to_string(), modules: vec!["b".to_string()], model: "m".to_string() }],
+            agents: vec![ConfigAgent {
+                name: "a".to_string(),
+                modules: vec!["b".to_string()],
+                model: "m".to_string(),
+            }],
             tier: "vm".to_string(),
             base: Some("base-linux".to_string()),
             pins: BTreeMap::new(),
Diff in /Users/runner/work/Solomni/Solomni/src/tests.rs:4100:
     assert_eq!(cfg.tier, "vm");
     assert!(cfg.net, "网络开关随提交生效");
     let (meta, events) = hist.load(&sid).unwrap();
-    assert_eq!(meta.agents[0].modules, vec!["b".to_string()], "meta.yaml 是名单的唯一真相");
+    assert_eq!(
+        meta.agents[0].modules,
+        vec!["b".to_string()],
+        "meta.yaml 是名单的唯一真相"
+    );
     assert_eq!(meta.exec.tier, Tier::Vm);
     assert_eq!(meta.exec.base.as_deref(), Some("base-linux"));
     assert!(
Diff in /Users/runner/work/Solomni/Solomni/src/tests.rs:4107:
-        events.iter().any(|e| e.get("type").and_then(|t| t.as_str()) == Some("config")),
+        events
+            .iter()
+            .any(|e| e.get("type").and_then(|t| t.as_str()) == Some("config")),
         "每次提交编辑追加一条旁路配置记录：{:?}",
         events
     );
Diff in /Users/runner/work/Solomni/Solomni/src/tests.rs:4120:
 #[test]
 fn edit_session_freezes_names_only_after_content() {
     let hist = Arc::new(InMemoryHistory::new());
-    seed_session(&hist, "raw", "single", vec![agent_meta("a", &["a"], None)], ExecSpec::default());
+    seed_session(
+        &hist,
+        "raw",
+        "single",
+        vec![agent_meta("a", &["a"], None)],
+        ExecSpec::default(),
+    );
     let mut core = core_with_pkgs(
         vec![module_of("a"), module_of("b")],
         gw(BTreeMap::new(), vec!["[]".into()]),
Diff in /Users/runner/work/Solomni/Solomni/src/tests.rs:4131:
         Arc::new(InMemoryPackages::empty()),
     );
     // 没内容：名字与模块都能换。
-    core.edit_session("raw", edit_of(vec![("新名", &["b"], "")])).unwrap();
+    core.edit_session("raw", edit_of(vec![("新名", &["b"], "")]))
+        .unwrap();
     assert_eq!(core.session_config("raw").unwrap().agents[0].name, "新名");
     // 有内容之后：名字冻结，模块与模型照旧可改。
-    hist.append("raw", &[serde_json::json!({"type":"transcript","lines":[{"id":0,"line":"[用户] 你好"}]})])
-        .unwrap();
-    let err = core.edit_session("raw", edit_of(vec![("再改", &["b"], "")])).unwrap_err();
+    hist.append(
+        "raw",
+        &[serde_json::json!({"type":"transcript","lines":[{"id":0,"line":"[用户] 你好"}]})],
+    )
+    .unwrap();
+    let err = core
+        .edit_session("raw", edit_of(vec![("再改", &["b"], "")]))
+        .unwrap_err();
     assert!(err.contains("冻结"), "{}", err);
-    core.edit_session("raw", edit_of(vec![("新名", &["a"], "m")])).unwrap();
-    assert_eq!(core.session_config("raw").unwrap().agents[0].modules, vec!["a".to_string()]);
+    core.edit_session("raw", edit_of(vec![("新名", &["a"], "m")]))
+        .unwrap();
+    assert_eq!(
+        core.session_config("raw").unwrap().agents[0].modules,
+        vec!["a".to_string()]
+    );
 }
 
 #[test]
Diff in /Users/runner/work/Solomni/Solomni/src/tests.rs:4146:
 fn edit_session_enforces_the_same_rules_as_creation() {
     let hist = Arc::new(InMemoryHistory::new());
-    seed_session(&hist, "w", "single", vec![agent_meta("a", &["a"], None)], ExecSpec::default());
     seed_session(
         &hist,
+        "w",
+        "single",
+        vec![agent_meta("a", &["a"], None)],
+        ExecSpec::default(),
+    );
+    seed_session(
+        &hist,
         "c",
         "collab",
         vec![agent_meta("a", &["a"], None), agent_meta("b", &["b"], None)],
Diff in /Users/runner/work/Solomni/Solomni/src/tests.rs:4162:
         Arc::new(InMemorySysIo::new()),
         Arc::new(InMemoryPackages::empty()),
     );
-    let e = core.edit_session("w", edit_of(vec![("a", &["没有这个模块"], "")])).unwrap_err();
+    let e = core
+        .edit_session("w", edit_of(vec![("a", &["没有这个模块"], "")]))
+        .unwrap_err();
     assert!(e.contains("无此模块"), "{}", e);
-    let e = core.edit_session("c", edit_of(vec![("x", &["a"], ""), ("y", &["a"], "")])).unwrap_err();
+    let e = core
+        .edit_session("c", edit_of(vec![("x", &["a"], ""), ("y", &["a"], "")]))
+        .unwrap_err();
     assert!(e.contains("只能属于一个 agent"), "{}", e);
     let mut bad_tier = edit_of(vec![("x", &["a"], "")]);
     bad_tier.tier = "docker".to_string();
Diff in /Users/runner/work/Solomni/Solomni/src/tests.rs:4171:
-    assert!(core.edit_session("c", bad_tier).unwrap_err().contains("未知执行档位"));
+    assert!(core
+        .edit_session("c", bad_tier)
+        .unwrap_err()
+        .contains("未知执行档位"));
     let mut two_agents = edit_of(vec![("x", &["a"], ""), ("y", &["b"], "")]);
     two_agents.tier = "host".to_string();
-    assert!(core.edit_session("w", two_agents).unwrap_err().contains("只接受一个 agent"));
+    assert!(core
+        .edit_session("w", two_agents)
+        .unwrap_err()
+        .contains("只接受一个 agent"));
 
     // 虚拟机档选型不成立（同一能力多版本未定版）：编辑与「开始」同一把尺子，如实拒绝。
     let hist2 = Arc::new(InMemoryHistory::new());
Diff in /Users/runner/work/Solomni/Solomni/src/tests.rs:4178:
-    seed_session(&hist2, "c", "collab", vec![agent_meta("x", &["a"], None)], ExecSpec::default());
+    seed_session(
+        &hist2,
+        "c",
+        "collab",
+        vec![agent_meta("x", &["a"], None)],
+        ExecSpec::default(),
+    );
     let mut core2 = core_with_pkgs(
         vec![module_with_runtimes("a", &["python"])],
         gw(BTreeMap::new(), vec!["[]".into()]),
Diff in /Users/runner/work/Solomni/Solomni/src/tests.rs:4183:
         Arc::new(FakeCatalog::new(vec!["m".to_string()])),
         Arc::clone(&hist2),
         Arc::new(InMemorySysIo::new()),
-        Arc::new(InMemoryPackages::with(&["id: python\nversion: 3.12.4\nprefix: opt/rt/py312", "id: python\nversion: 3.11.9\nprefix: opt/rt/py311"])),
+        Arc::new(InMemoryPackages::with(&[
+            "id: python\nversion: 3.12.4\nprefix: opt/rt/py312",
+            "id: python\nversion: 3.11.9\nprefix: opt/rt/py311",
+        ])),
     );
     let mut vm_edit = edit_of(vec![("x", &["a"], "")]);
     vm_edit.tier = "vm".to_string();
Diff in /Users/runner/work/Solomni/Solomni/src/tests.rs:4192:
     // 定版之后可以提交（缺包不拦：那只是该模块工具不可用）。
     vm_edit.pins = BTreeMap::from([("python".to_string(), "3.12.4".to_string())]);
     core2.edit_session("c", vm_edit).unwrap();
-    assert_eq!(core2.session_config("c").unwrap().pins.get("python").map(String::as_str), Some("3.12.4"));
+    assert_eq!(
+        core2
+            .session_config("c")
+            .unwrap()
+            .pins
+            .get("python")
+            .map(String::as_str),
+        Some("3.12.4")
+    );
 }
 
 #[test]
Diff in /Users/runner/work/Solomni/Solomni/src/tests.rs:4199:
 fn deleting_a_session_asks_the_fence_to_release_its_grants() {
     let hist = Arc::new(InMemoryHistory::new());
     let fence = Arc::new(RecordingFence::new());
-    seed_session(&hist, "w", "single", vec![agent_meta("甲", &["a"], None)], ExecSpec::default());
+    seed_session(
+        &hist,
+        "w",
+        "single",
+        vec![agent_meta("甲", &["a"], None)],
+        ExecSpec::default(),
+    );
     let mut core = Core::new(
         Arc::new(InMemorySettings::new()),
         Arc::clone(&hist) as Arc<dyn crate::core::ports::HistoryStore + Send + Sync>,
Diff in /Users/runner/work/Solomni/Solomni/src/tests.rs:4245:
     let back: SessionMeta = serde_yaml::from_str(&text).expect("反序列化");
     assert_eq!(back.exec.tier, Tier::Vm);
     assert_eq!(back.exec.base.as_deref(), Some("base-linux"));
-    assert_eq!(back.exec.pins.get("python").map(String::as_str), Some("3.12.4"));
+    assert_eq!(
+        back.exec.pins.get("python").map(String::as_str),
+        Some("3.12.4")
+    );
     assert!(!back.exec.net);
     // 缺 exec 段的旧会话照旧可读（默认 = 本机档、不联网、不定版）。
-    let legacy: SessionMeta = serde_yaml::from_str("name: old\nmode: single\nmodules: [a]\nts: 1\n").expect("旧 meta.yaml 必须可读");
+    let legacy: SessionMeta =
+        serde_yaml::from_str("name: old\nmode: single\nmodules: [a]\nts: 1\n")
+            .expect("旧 meta.yaml 必须可读");
     assert_eq!(legacy.exec.tier, Tier::Host);
     assert!(legacy.exec.base.is_none());
     assert!(!legacy.exec.net);
Diff in /Users/runner/work/Solomni/Solomni/src/tests.rs:4272:
     let mut member = BTreeMap::new();
     member.insert(
         "a".to_string(),
-        vec![raw.clone(), "{\"type\":\"say\",\"text\":\"读完了\"}".to_string()],
+        vec![
+            raw.clone(),
+            "{\"type\":\"say\",\"text\":\"读完了\"}".to_string(),
+        ],
     );
     let mut core = core_with_all(
         vec![module_of("a")],
Diff in /Users/runner/work/Solomni/Solomni/src/tests.rs:4282:
         Arc::clone(&hist),
         Arc::clone(&io),
     );
-    let sid = core.create_work(work("w", WorkMode::Single, &["a"])).unwrap().sid;
+    let sid = core
+        .create_work(work("w", WorkMode::Single, &["a"]))
+        .unwrap()
+        .sid;
     let events = with_live(|l| core.single_say(&sid, "读两个文件", l)).unwrap();
     let views = tool_views(&events);
     assert_eq!(
Diff in /Users/runner/work/Solomni/Solomni/src/tests.rs:4291:
         "两个调用两条工具行：{:?}",
         views.iter().map(|v| v.name.clone()).collect::<Vec<_>>()
     );
-    assert!(views[0].output.contains("A1") && views[1].output.contains("B1"), "结果按原序回填");
+    assert!(
+        views[0].output.contains("A1") && views[1].output.contains("B1"),
+        "结果按原序回填"
+    );
     assert!(views[0].call_id.is_empty(), "手写信封没有原生调用 id");
     assert_eq!(views[0].reply, views[1].reply, "同一次回复的工具行同号");
     let live = core.single_history(&sid).unwrap();
Diff in /Users/runner/work/Solomni/Solomni/src/tests.rs:4298:
-    assert!(live.iter().all(|m| m.role != "tool"), "手写信封通道不发 role=tool");
+    assert!(
+        live.iter().all(|m| m.role != "tool"),
+        "手写信封通道不发 role=tool"
+    );
     assert_eq!(
-        live.iter().filter(|m| m.role == "user" && m.content.contains("[工具结果]")).count(),
+        live.iter()
+            .filter(|m| m.role == "user" && m.content.contains("[工具结果]"))
+            .count(),
         2,
         "两条结果各发一条用户消息：{:?}",
         live
Diff in /Users/runner/work/Solomni/Solomni/src/tests.rs:4322:
             .map(|m| (m.role.clone(), m.content.clone(), m.tool_calls.len()))
             .collect::<Vec<_>>()
     };
-    assert_eq!(key(&rebuilt), key(&live), "重建上下文必须与实时历史逐条一致");
+    assert_eq!(
+        key(&rebuilt),
+        key(&live),
+        "重建上下文必须与实时历史逐条一致"
+    );
 }
 
 /// 两种信封形态**互斥**：一封里既有 name 又有 calls = 字段不合法 → 记一条失败工具行、一个工具都不执行。
Diff in /Users/runner/work/Solomni/Solomni/src/tests.rs:4337:
     let mut member = BTreeMap::new();
     member.insert(
         "a".to_string(),
-        vec![raw.clone(), "{\"type\":\"say\",\"text\":\"知道了\"}".to_string()],
+        vec![
+            raw.clone(),
+            "{\"type\":\"say\",\"text\":\"知道了\"}".to_string(),
+        ],
     );
     let mut core = core_with_io_gateway(
         vec![module_of("a")],
Diff in /Users/runner/work/Solomni/Solomni/src/tests.rs:4344:
         gw(member, vec!["[]".into()]),
         Arc::clone(&io),
     );
-    let sid = core.create_work(work("w", WorkMode::Single, &["a"])).unwrap().sid;
+    let sid = core
+        .create_work(work("w", WorkMode::Single, &["a"]))
+        .unwrap()
+        .sid;
     let events = with_live(|l| core.single_say(&sid, "写", l)).unwrap();
     let views = tool_views(&events);
     assert_eq!(views.len(), 1, "只记一条失败工具行");
Diff in /Users/runner/work/Solomni/Solomni/src/tests.rs:4351:
     assert!(!views[0].ok, "混用两种形态必须失败");
     assert!(views[0].output.contains("互斥"), "{}", views[0].output);
-    assert_eq!(io.get(&["w", "a", "out.md"]), None, "一个工具都不执行（绝不落盘）");
+    assert_eq!(
+        io.get(&["w", "a", "out.md"]),
+        None,
+        "一个工具都不执行（绝不落盘）"
+    );
 }
 
 // ---------- 原生多调用的回放一致性（实时 vs 重建） ----------
Diff in /Users/runner/work/Solomni/Solomni/src/tests.rs:4362:
 
 impl ChatGateway for NativeGateway {
     fn probe_tools(&self, _c: &Channel) -> Result<crate::core::ports::ProbeOutcome, String> {
-        Ok(crate::core::ports::ProbeOutcome::Supported { detail: "替身".to_string() })
+        Ok(crate::core::ports::ProbeOutcome::Supported {
+            detail: "替身".to_string(),
+        })
     }
     fn member_channel(&self, _c: Option<&Channel>, _id: &str) -> (BoxedChat, Option<String>) {
         let steps = self.scripts.lock().expect("锁").pop().unwrap_or_default();
Diff in /Users/runner/work/Solomni/Solomni/src/tests.rs:4381:
 }
 
 /// 指定网关 + 指定落盘历史装配一个核心（重建用例要读同一份转录）。
-fn native_core(gateway: NativeGateway, history: Arc<InMemoryHistory>, io: Arc<InMemorySysIo>) -> Core {
+fn native_core(
+    gateway: NativeGateway,
+    history: Arc<InMemoryHistory>,
+    io: Arc<InMemorySysIo>,
+) -> Core {
     Core::new(
         Arc::new(InMemorySettings::new()),
         history,
Diff in /Users/runner/work/Solomni/Solomni/src/tests.rs:4414:
     let scripts = || {
         vec![
             NativeStep::Calls(vec![
-                ToolCall { id: "c1".to_string(), name: "read".to_string(), args_json: format!("{{\"path\":\"{}\"}}", a) },
-                ToolCall { id: "c2".to_string(), name: "read".to_string(), args_json: format!("{{\"path\":\"{}\"}}", b) },
+                ToolCall {
+                    id: "c1".to_string(),
+                    name: "read".to_string(),
+                    args_json: format!("{{\"path\":\"{}\"}}", a),
+                },
+                ToolCall {
+                    id: "c2".to_string(),
+                    name: "read".to_string(),
+                    args_json: format!("{{\"path\":\"{}\"}}", b),
+                },
             ]),
             NativeStep::Text("{\"type\":\"say\",\"text\":\"读完了\"}".to_string()),
         ]
Diff in /Users/runner/work/Solomni/Solomni/src/tests.rs:4422:
     };
     let mut core = native_core(
-        NativeGateway { scripts: Mutex::new(vec![scripts()]) },
+        NativeGateway {
+            scripts: Mutex::new(vec![scripts()]),
+        },
         Arc::clone(&hist),
         Arc::clone(&io),
     );
Diff in /Users/runner/work/Solomni/Solomni/src/tests.rs:4428:
-    core.probe_model_tools("m").expect("探测（把这条通道判成原生）");
-    let sid = core.create_work(work("w", WorkMode::Single, &["a"])).unwrap().sid;
+    core.probe_model_tools("m")
+        .expect("探测（把这条通道判成原生）");
+    let sid = core
+        .create_work(work("w", WorkMode::Single, &["a"]))
+        .unwrap()
+        .sid;
     let events = with_live(|l| core.single_say(&sid, "读两个文件", l)).unwrap();
     let live = core.single_history(&sid).unwrap();
 
Diff in /Users/runner/work/Solomni/Solomni/src/tests.rs:4433:
     // 转录行：两条工具行同属一次回复（回复号 = 该回复第一条工具行的 id）。
     let views = tool_views(&events);
     assert_eq!(views.len(), 2, "两个调用两条工具行");
-    assert_eq!(views[0].reply, views[1].reply, "同一回复的两条工具行必须同号");
+    assert_eq!(
+        views[0].reply, views[1].reply,
+        "同一回复的两条工具行必须同号"
+    );
     assert_eq!(views[0].call_id, "c1", "工具行记下供应商给的调用 id");
     assert_eq!(views[1].call_id, "c2");
 
Diff in /Users/runner/work/Solomni/Solomni/src/tests.rs:4440:
     // 「重启」：同一份落盘历史交给新核心，按转录重建上下文——必须与实时逐条一致。
     drop(core);
     let mut core2 = native_core(
-        NativeGateway { scripts: Mutex::new(Vec::new()) },
+        NativeGateway {
+            scripts: Mutex::new(Vec::new()),
+        },
         Arc::clone(&hist),
         Arc::clone(&io),
     );
Diff in /Users/runner/work/Solomni/Solomni/src/tests.rs:4450:
     let rebuilt = core2.single_history(&sid).unwrap();
     let key = |h: &[Msg]| {
         h.iter()
-            .map(|m| (m.role.clone(), m.content.clone(), m.tool_calls.len(), m.tool_call_id.clone()))
+            .map(|m| {
+                (
+                    m.role.clone(),
+                    m.content.clone(),
+                    m.tool_calls.len(),
+                    m.tool_call_id.clone(),
+                )
+            })
             .collect::<Vec<_>>()
     };
-    assert_eq!(key(&rebuilt), key(&live), "重建上下文必须与实时历史逐条一致（含 tool_calls / tool_call_id）");
     assert_eq!(
+        key(&rebuilt),
+        key(&live),
+        "重建上下文必须与实时历史逐条一致（含 tool_calls / tool_call_id）"
+    );
+    assert_eq!(
         live.iter().filter(|m| !m.tool_calls.is_empty()).count(),
         1,
         "一次回复只推一条助手消息"
Diff in /Users/runner/work/Solomni/Solomni/src/tests.rs:4473:
     let b = s(&["w", "a", "b.txt"]);
     let steps = vec![
         NativeStep::Calls(vec![
-            ToolCall { id: "c1".to_string(), name: "read".to_string(), args_json: format!("{{\"path\":\"{}\"}}", a) },
-            ToolCall { id: "c2".to_string(), name: "read".to_string(), args_json: format!("{{\"path\":\"{}\"}}", b) },
+            ToolCall {
+                id: "c1".to_string(),
+                name: "read".to_string(),
+                args_json: format!("{{\"path\":\"{}\"}}", a),
+            },
+            ToolCall {
+                id: "c2".to_string(),
+                name: "read".to_string(),
+                args_json: format!("{{\"path\":\"{}\"}}", b),
+            },
         ]),
         NativeStep::Text("{\"type\":\"say\",\"text\":\"读完了\"}".to_string()),
     ];
Diff in /Users/runner/work/Solomni/Solomni/src/tests.rs:4481:
-    let mut core = native_core(NativeGateway { scripts: Mutex::new(vec![steps]) }, Arc::clone(&hist), Arc::clone(&io));
+    let mut core = native_core(
+        NativeGateway {
+            scripts: Mutex::new(vec![steps]),
+        },
+        Arc::clone(&hist),
+        Arc::clone(&io),
+    );
     core.probe_model_tools("m").expect("探测");
-    let sid = core.create_work(work("w", WorkMode::Single, &["a"])).unwrap().sid;
+    let sid = core
+        .create_work(work("w", WorkMode::Single, &["a"]))
+        .unwrap()
+        .sid;
     with_live(|l| core.single_say(&sid, "读两个文件", l)).unwrap();
 
     // 行序：0 用户 / 1 工具 / 2 工具 / 3 答复。回档到第 2 行 = 落在回复内部 → 整条回复一起丢。
Diff in /Users/runner/work/Solomni/Solomni/src/tests.rs:4499:
         history
     );
 }
-
 
Diff in /Users/runner/work/Solomni/Solomni/tests/cross-platform/../helpers/probe.rs:19:
 
 /// 每次用的干净落点（target/ 下，不入库）。
 pub fn scratch(name: &str) -> PathBuf {
-    let d = PathBuf::from(env!("CARGO_MANIFEST_DIR")).join("target").join("test-scratch").join(name);
+    let d = PathBuf::from(env!("CARGO_MANIFEST_DIR"))
+        .join("target")
+        .join("test-scratch")
+        .join(name);
     let _ = std::fs::remove_dir_all(&d);
     std::fs::create_dir_all(&d).expect("建探针目录");
     d
Diff in /Users/runner/work/Solomni/Solomni/tests/cross-platform/../helpers/probe.rs:48:
         .arg(spec)
         .output()
         .expect("问产品要环境白名单");
-    assert!(out.status.success(), "环境白名单要能问出来：{}", String::from_utf8_lossy(&out.stderr));
+    assert!(
+        out.status.success(),
+        "环境白名单要能问出来：{}",
+        String::from_utf8_lossy(&out.stderr)
+    );
     String::from_utf8_lossy(&out.stdout)
         .lines()
-        .filter_map(|line| line.split_once('=').map(|(k, v)| (k.to_string(), v.to_string())))
+        .filter_map(|line| {
+            line.split_once('=')
+                .map(|(k, v)| (k.to_string(), v.to_string()))
+        })
         .collect()
 }
 
Diff in /Users/runner/work/Solomni/Solomni/tests/cross-platform/../helpers/probe.rs:100:
 }
 
 /// 同上，并给**守门进程**补上调用方要的环境（例如 macOS 的 profile 排障开关：它不在白名单里，探针自己带）。
-pub fn run_launcher_env(spec: &str, command: &str, extra: &[(&str, &str)]) -> (Option<i32>, String, String) {
-    let out = fenced_command(spec, command, extra).output().expect("跑守门进程");
+pub fn run_launcher_env(
+    spec: &str,
+    command: &str,
+    extra: &[(&str, &str)],
+) -> (Option<i32>, String, String) {
+    let out = fenced_command(spec, command, extra)
+        .output()
+        .expect("跑守门进程");
     (
         out.status.code(),
         String::from_utf8_lossy(&out.stdout).into_owned(),
Diff in /Users/runner/work/Solomni/Solomni/tests/cross-platform/integration/fence_launcher.rs:1:
 //! 守门进程协议与环境白名单（跨平台）：退出码如实回传、围栏装不上如实报错、超时连根杀掉整棵树。
 
-use crate::probe::{bin, job_json, kill_like_runtime, python_command, run_launcher, scratch, spawn_fenced, wait, FENCE_FAILED};
+use crate::probe::{
+    bin, job_json, kill_like_runtime, python_command, run_launcher, scratch, spawn_fenced, wait,
+    FENCE_FAILED,
+};
 use std::process::Command;
 use std::time::{Duration, Instant};
 
Diff in /Users/runner/work/Solomni/Solomni/tests/cross-platform/integration/fence_launcher.rs:15:
         .arg("echo 不该被执行")
         .output()
         .expect("跑守门进程");
-    assert_eq!(out.status.code(), Some(FENCE_FAILED), "围栏装不上必须如实失败");
-    assert!(String::from_utf8_lossy(&out.stderr).contains("[围栏]"), "要在 stderr 说明原因");
-    assert!(!String::from_utf8_lossy(&out.stdout).contains("不该被执行"), "命令不得执行");
+    assert_eq!(
+        out.status.code(),
+        Some(FENCE_FAILED),
+        "围栏装不上必须如实失败"
+    );
+    assert!(
+        String::from_utf8_lossy(&out.stderr).contains("[围栏]"),
+        "要在 stderr 说明原因"
+    );
+    assert!(
+        !String::from_utf8_lossy(&out.stdout).contains("不该被执行"),
+        "命令不得执行"
+    );
     let _ = dir;
 }
 
Diff in /Users/runner/work/Solomni/Solomni/tests/cross-platform/integration/fence_launcher.rs:25:
 fn launcher_runs_the_command_and_passes_its_exit_code() {
     // prepared = false = 未授权机器上的真实路径：守门进程不装容器，按平台围栏如实降级跑命令。
     let dir = scratch("ok");
-    let (code, out, err) = run_launcher(&job_json(&[dir.clone()], &dir, false), "echo hello-from-tool");
+    let (code, out, err) = run_launcher(
+        &job_json(&[dir.clone()], &dir, false),
+        "echo hello-from-tool",
+    );
     assert_eq!(code, Some(0), "退出码要如实回传：{} / {}", out, err);
     assert!(out.contains("hello-from-tool"), "{}", out);
 }
Diff in /Users/runner/work/Solomni/Solomni/tests/cross-platform/integration/fence_launcher.rs:43:
     #[cfg(not(windows))]
     let grandchild = format!("sleep 5; echo late > {}", path);
     #[cfg(windows)]
-    let spawn = format!("import subprocess,time;subprocess.Popen(['cmd','/C','{}']);time.sleep(30)", grandchild);
+    let spawn = format!(
+        "import subprocess,time;subprocess.Popen(['cmd','/C','{}']);time.sleep(30)",
+        grandchild
+    );
     #[cfg(not(windows))]
-    let spawn = format!("import subprocess,time;subprocess.Popen(['sh','-c','{}']);time.sleep(30)", grandchild);
+    let spawn = format!(
+        "import subprocess,time;subprocess.Popen(['sh','-c','{}']);time.sleep(30)",
+        grandchild
+    );
     let script = spawn;
     let command = match python_command(&script) {
         Some(c) => c,
Diff in /Users/runner/work/Solomni/Solomni/tests/linux/../helpers/probe.rs:19:
 
 /// 每次用的干净落点（target/ 下，不入库）。
 pub fn scratch(name: &str) -> PathBuf {
-    let d = PathBuf::from(env!("CARGO_MANIFEST_DIR")).join("target").join("test-scratch").join(name);
+    let d = PathBuf::from(env!("CARGO_MANIFEST_DIR"))
+        .join("target")
+        .join("test-scratch")
+        .join(name);
     let _ = std::fs::remove_dir_all(&d);
     std::fs::create_dir_all(&d).expect("建探针目录");
     d
Diff in /Users/runner/work/Solomni/Solomni/tests/linux/../helpers/probe.rs:48:
         .arg(spec)
         .output()
         .expect("问产品要环境白名单");
-    assert!(out.status.success(), "环境白名单要能问出来：{}", String::from_utf8_lossy(&out.stderr));
+    assert!(
+        out.status.success(),
+        "环境白名单要能问出来：{}",
+        String::from_utf8_lossy(&out.stderr)
+    );
     String::from_utf8_lossy(&out.stdout)
         .lines()
-        .filter_map(|line| line.split_once('=').map(|(k, v)| (k.to_string(), v.to_string())))
+        .filter_map(|line| {
+            line.split_once('=')
+                .map(|(k, v)| (k.to_string(), v.to_string()))
+        })
         .collect()
 }
 
Diff in /Users/runner/work/Solomni/Solomni/tests/linux/../helpers/probe.rs:100:
 }
 
 /// 同上，并给**守门进程**补上调用方要的环境（例如 macOS 的 profile 排障开关：它不在白名单里，探针自己带）。
-pub fn run_launcher_env(spec: &str, command: &str, extra: &[(&str, &str)]) -> (Option<i32>, String, String) {
-    let out = fenced_command(spec, command, extra).output().expect("跑守门进程");
+pub fn run_launcher_env(
+    spec: &str,
+    command: &str,
+    extra: &[(&str, &str)],
+) -> (Option<i32>, String, String) {
+    let out = fenced_command(spec, command, extra)
+        .output()
+        .expect("跑守门进程");
     (
         out.status.code(),
         String::from_utf8_lossy(&out.stdout).into_owned(),
Diff in /Users/runner/work/Solomni/Solomni/tests/linux/probes/fence.rs:18:
     let spec = job_json(&[inside.clone()], &inside, false);
 
     // 允许的根里：写得进。
-    let (code, out, err) = run_launcher(&spec, &format!("echo ok > {}", inside.join("x.txt").display()));
+    let (code, out, err) = run_launcher(
+        &spec,
+        &format!("echo ok > {}", inside.join("x.txt").display()),
+    );
     if err.contains(RULES_REJECTED_MARK) {
         // 掩码/路径写错都会走到这里：是规则写错，不是环境不允许。
         panic!(
Diff in /Users/runner/work/Solomni/Solomni/tests/linux/probes/fence.rs:47:
 
     // 允许的根之外：同一个用户、同一台机器，只有围栏能挡住这一读。
     let (code, out, err) = run_launcher(&spec, &format!("cat {}", secret.display()));
-    assert!(!out.contains("SECRET-DO-NOT-LEAK"), "越界读必须拿不到：{} / {}", out, err);
+    assert!(
+        !out.contains("SECRET-DO-NOT-LEAK"),
+        "越界读必须拿不到：{} / {}",
+        out,
+        err
+    );
     assert_ne!(code, Some(0), "越界读应以非零退出：{} / {}", out, err);
 }
 
Diff in /Users/runner/work/Solomni/Solomni/tests/macos/../helpers/probe.rs:19:
 
 /// 每次用的干净落点（target/ 下，不入库）。
 pub fn scratch(name: &str) -> PathBuf {
-    let d = PathBuf::from(env!("CARGO_MANIFEST_DIR")).join("target").join("test-scratch").join(name);
+    let d = PathBuf::from(env!("CARGO_MANIFEST_DIR"))
+        .join("target")
+        .join("test-scratch")
+        .join(name);
     let _ = std::fs::remove_dir_all(&d);
     std::fs::create_dir_all(&d).expect("建探针目录");
     d
Diff in /Users/runner/work/Solomni/Solomni/tests/macos/../helpers/probe.rs:48:
         .arg(spec)
         .output()
         .expect("问产品要环境白名单");
-    assert!(out.status.success(), "环境白名单要能问出来：{}", String::from_utf8_lossy(&out.stderr));
+    assert!(
+        out.status.success(),
+        "环境白名单要能问出来：{}",
+        String::from_utf8_lossy(&out.stderr)
+    );
     String::from_utf8_lossy(&out.stdout)
         .lines()
-        .filter_map(|line| line.split_once('=').map(|(k, v)| (k.to_string(), v.to_string())))
+        .filter_map(|line| {
+            line.split_once('=')
+                .map(|(k, v)| (k.to_string(), v.to_string()))
+        })
         .collect()
 }
 
Diff in /Users/runner/work/Solomni/Solomni/tests/macos/../helpers/probe.rs:100:
 }
 
 /// 同上，并给**守门进程**补上调用方要的环境（例如 macOS 的 profile 排障开关：它不在白名单里，探针自己带）。
-pub fn run_launcher_env(spec: &str, command: &str, extra: &[(&str, &str)]) -> (Option<i32>, String, String) {
-    let out = fenced_command(spec, command, extra).output().expect("跑守门进程");
+pub fn run_launcher_env(
+    spec: &str,
+    command: &str,
+    extra: &[(&str, &str)],
+) -> (Option<i32>, String, String) {
+    let out = fenced_command(spec, command, extra)
+        .output()
+        .expect("跑守门进程");
     (
         out.status.code(),
         String::from_utf8_lossy(&out.stdout).into_owned(),
Diff in /Users/runner/work/Solomni/Solomni/tests/macos/probes/fence.rs:21:
     let spec = job_json(&[inside.clone()], &inside, false);
 
     // 允许的根里：写得进。
-    let (code, out, err) = run_launcher_env(&spec, &format!("echo ok > {}", inside.join("x.txt").display()), profile);
+    let (code, out, err) = run_launcher_env(
+        &spec,
+        &format!("echo ok > {}", inside.join("x.txt").display()),
+        profile,
+    );
     if err.contains(PROFILE_REJECTED_MARK) {
         // 非法操作名、语法错、转义错都会走到这里：是 profile 写错，不是环境不允许。
         panic!(
Diff in /Users/runner/work/Solomni/Solomni/tests/windows/../helpers/probe.rs:19:
 
 /// 每次用的干净落点（target/ 下，不入库）。
 pub fn scratch(name: &str) -> PathBuf {
-    let d = PathBuf::from(env!("CARGO_MANIFEST_DIR")).join("target").join("test-scratch").join(name);
+    let d = PathBuf::from(env!("CARGO_MANIFEST_DIR"))
+        .join("target")
+        .join("test-scratch")
+        .join(name);
     let _ = std::fs::remove_dir_all(&d);
     std::fs::create_dir_all(&d).expect("建探针目录");
     d
Diff in /Users/runner/work/Solomni/Solomni/tests/windows/../helpers/probe.rs:48:
         .arg(spec)
         .output()
         .expect("问产品要环境白名单");
-    assert!(out.status.success(), "环境白名单要能问出来：{}", String::from_utf8_lossy(&out.stderr));
+    assert!(
+        out.status.success(),
+        "环境白名单要能问出来：{}",
+        String::from_utf8_lossy(&out.stderr)
+    );
     String::from_utf8_lossy(&out.stdout)
         .lines()
-        .filter_map(|line| line.split_once('=').map(|(k, v)| (k.to_string(), v.to_string())))
+        .filter_map(|line| {
+            line.split_once('=')
+                .map(|(k, v)| (k.to_string(), v.to_string()))
+        })
         .collect()
 }
 
Diff in /Users/runner/work/Solomni/Solomni/tests/windows/../helpers/probe.rs:100:
 }
 
 /// 同上，并给**守门进程**补上调用方要的环境（例如 macOS 的 profile 排障开关：它不在白名单里，探针自己带）。
-pub fn run_launcher_env(spec: &str, command: &str, extra: &[(&str, &str)]) -> (Option<i32>, String, String) {
-    let out = fenced_command(spec, command, extra).output().expect("跑守门进程");
+pub fn run_launcher_env(
+    spec: &str,
+    command: &str,
+    extra: &[(&str, &str)],
+) -> (Option<i32>, String, String) {
+    let out = fenced_command(spec, command, extra)
+        .output()
+        .expect("跑守门进程");
     (
         out.status.code(),
         String::from_utf8_lossy(&out.stdout).into_owned(),
Diff in /Users/runner/work/Solomni/Solomni/tests/windows/probes/container.rs:8:
 
 /// 是否允许跑"会改本机状态"的探针（默认否：测试不该在真机上留下痕迹）。
 fn live_enabled() -> bool {
-    std::env::var("SOLOMNI_FENCE_LIVE").map(|v| v == "1").unwrap_or(false)
+    std::env::var("SOLOMNI_FENCE_LIVE")
+        .map(|v| v == "1")
+        .unwrap_or(false)
 }
 
 /// 未开启就如实跳过（不静默算过，并说清为什么与怎么开）。
Diff in /Users/runner/work/Solomni/Solomni/tests/windows/probes/container.rs:23:
     true
 }
 
-
 /// 探针用的围栏：rw 给一个落点；cwd 用系统目录（容器默认可读，避免把"CWD 能不能读"混进断言）。
 fn spec_for(rw: &PathBuf) -> String {
     // prepared = true：这些探针就是要验容器机制本身；ACL 授权由产品在真实会话里做。
Diff in /Users/runner/work/Solomni/Solomni/tests/windows/probes/container.rs:30:
-    job_json(std::slice::from_ref(rw), &PathBuf::from("C:\\Windows\\System32"), true)
+    job_json(
+        std::slice::from_ref(rw),
+        &PathBuf::from("C:\\Windows\\System32"),
+        true,
+    )
 }
 
 #[test]
Diff in /Users/runner/work/Solomni/Solomni/tests/windows/probes/container.rs:38:
     let dir = scratch("container-ok");
     let (code, out, err) = run_launcher(&spec_for(&dir), "echo container-ok");
     if env_blocks_container(&err) {
-        eprintln!("[探针] 本环境不允许容器围栏：{}（请在普通 shell 里重跑本探针）", err.trim());
+        eprintln!(
+            "[探针] 本环境不允许容器围栏：{}（请在普通 shell 里重跑本探针）",
+            err.trim()
+        );
         return;
     }
     assert!(!err.contains("容器围栏未生效"), "本机应能建起容器：{}", err);
Diff in /Users/runner/work/Solomni/Solomni/tests/windows/probes/container.rs:45:
-    assert!(out.contains("container-ok"), "stdout 要透传：{} / {}", out, err);
+    assert!(
+        out.contains("container-ok"),
+        "stdout 要透传：{} / {}",
+        out,
+        err
+    );
     assert_eq!(code, Some(0));
 }
 
Diff in /Users/runner/work/Solomni/Solomni/tests/windows/probes/container.rs:56:
     std::fs::write(&secret, "SECRET-DO-NOT-LEAK").unwrap();
     let (code, out, err) = run_launcher(&spec_for(&dir), &format!("type {}", secret.display()));
     if env_blocks_container(&err) {
-        eprintln!("[探针] 本环境不允许容器围栏，跳过越界读断言：{}", err.trim());
+        eprintln!(
+            "[探针] 本环境不允许容器围栏，跳过越界读断言：{}",
+            err.trim()
+        );
         return;
     }
-    assert!(!out.contains("SECRET-DO-NOT-LEAK"), "越界读必须拿不到：{} / {}", out, err);
+    assert!(
+        !out.contains("SECRET-DO-NOT-LEAK"),
+        "越界读必须拿不到：{} / {}",
+        out,
+        err
+    );
     assert_ne!(code, Some(0), "越界读应以非零退出：{} / {}", out, err);
 }
 
Diff in /Users/runner/work/Solomni/Solomni/tests/windows/probes/container.rs:72:
     let target = dir.join("should-not-exist.txt");
     let (code, out, err) = run_launcher(&spec_for(&dir), &format!("echo x> {}", target.display()));
     if env_blocks_container(&err) {
-        eprintln!("[探针] 本环境不允许容器围栏，跳过越界写断言：{}", err.trim());
+        eprintln!(
+            "[探针] 本环境不允许容器围栏，跳过越界写断言：{}",
+            err.trim()
+        );
         return;
     }
     assert!(!target.exists(), "越界写不该落盘：{} / {}", out, err);
Diff in /Users/runner/work/Solomni/Solomni/tests/windows/probes/container.rs:87:
     // 先在本机（容器外）证明那个监听确实连得上，再在容器里证明连不上——否则这条断言没有意义。
     // 用外网（IP 直连，避开 DNS）而不是回环：AppContainer 的回环本来就可能可连，拿它当断网证据不成立。
     let cmd = "curl -s -m 4 -o NUL -w %{http_code} http://1.1.1.1/".to_string();
-    let outside = Command::new("cmd").arg("/C").arg(&cmd).output().expect("容器外跑一遍");
+    let outside = Command::new("cmd")
+        .arg("/C")
+        .arg(&cmd)
+        .output()
+        .expect("容器外跑一遍");
     let outside_code = String::from_utf8_lossy(&outside.stdout).trim().to_string();
     if outside_code.is_empty() || outside_code == "000" {
         eprintln!(
